scenario,fold,mode,AUROC,AUPR,candidate_pairs,positive_pairs,evaluable_drugs,mAP,nDCG@10,P@1,P@15,R@15
cold,0,raw,0.8171199162991124,0.26847274485351325,74550,2889,75,0.38798760760825696,0.5670846011517168,0.5866666666666667,0.4782222222222222,0.2846557299212299
cold,0,row_zscore,0.8342909134562253,0.2732417791415365,74550,2889,75,0.3793270507726496,0.5561037599293691,0.56,0.4746666666666667,0.2829383211088016
cold,0,row_percentile,0.8354865717629807,0.2781825389272851,74550,2889,75,0.38284737636865673,0.5644384757276096,0.6,0.4782222222222222,0.285166712841522
cold,1,raw,0.848361515619937,0.3203900055601664,74550,3457,75,0.42192737222352616,0.6563849992224501,0.8,0.5431111111111111,0.2661649509090483
cold,1,row_zscore,0.8367549794348952,0.2896670356010471,74550,3457,75,0.41372445334454555,0.6530724531974197,0.7733333333333333,0.5333333333333334,0.2632198907264104
cold,1,row_percentile,0.8352251515746519,0.3172628001595644,74550,3457,75,0.41720606251768433,0.6457993225313362,0.7466666666666667,0.5475555555555556,0.26994421243501754
cold,2,raw,0.8427531033210517,0.3821435841897467,74550,4941,75,0.44909176308769666,0.6856261023137348,0.7066666666666667,0.6088888888888889,0.24055889793264684
cold,2,row_zscore,0.8121217136914263,0.30403198512515867,74550,4941,75,0.4377963467703869,0.6682186216206664,0.7066666666666667,0.5902222222222222,0.22974654227891994
cold,2,row_percentile,0.8101636024478581,0.3332962834848263,74550,4941,75,0.44498635083641036,0.6766821520298373,0.7466666666666667,0.6000000000000001,0.23618051479859048
cold,3,raw,0.8299963467373277,0.27187484556473784,74550,3098,75,0.38722007146440074,0.5833857567117843,0.68,0.4666666666666667,0.2775110599118208
cold,3,row_zscore,0.8165540766540776,0.2401334905661769,74550,3098,75,0.37132649375984483,0.555725137999017,0.6266666666666667,0.4595555555555555,0.27342849164671584
cold,3,row_percentile,0.8154445903396366,0.26055819509683714,74550,3098,75,0.3767708805401877,0.5686130317961225,0.6133333333333333,0.4728888888888888,0.28369395700364797
cold,4,raw,0.8421866832520114,0.3222238138499415,74550,2835,75,0.4258681650087388,0.6493087112524745,0.7866666666666666,0.5306666666666667,0.2929372700317891
cold,4,row_zscore,0.8471907994620583,0.28079319382516554,74550,2835,75,0.4146329633717261,0.6209730161246337,0.76,0.5191111111111112,0.29289247154579146
cold,4,row_percentile,0.8459968907397386,0.32087673216177554,74550,2835,75,0.4221454063153489,0.6428123845050141,0.7733333333333333,0.5271111111111112,0.2957184332086765
cold,5,raw,0.7754873927691761,0.2930801337696844,74550,4453,75,0.410927125445096,0.632288072300176,0.68,0.5582222222222222,0.2537322599487071
cold,5,row_zscore,0.7738564424445609,0.27012968955434674,74550,4453,75,0.4016130560858387,0.61873901856873,0.6533333333333333,0.5457777777777777,0.24994922802830483
cold,5,row_percentile,0.7743575974623673,0.2820345067960313,74550,4453,75,0.40511163614579876,0.6283079529783653,0.68,0.5413333333333332,0.24234536374144344
cold,6,raw,0.8259435518252619,0.31999625021219535,74550,4083,75,0.425800163143859,0.6562655997270409,0.76,0.5457777777777777,0.27218700738908497
cold,6,row_zscore,0.8098154073130276,0.26823990100987044,74550,4083,75,0.4165977873827209,0.6417430520464211,0.76,0.5404444444444444,0.2719908068621967
cold,6,row_percentile,0.8084822646116191,0.298389831114922,74550,4083,75,0.42136924744255905,0.6410781617834884,0.7466666666666667,0.5511111111111111,0.27648014545339156
cold,7,raw,0.8382017783723428,0.293508602612192,74550,4023,75,0.39123539219581205,0.5756805194509679,0.6533333333333333,0.496888888888889,0.25772678909193547
cold,7,row_zscore,0.8043313314626895,0.2455080448044133,74550,4023,75,0.3829588986698435,0.5738489843287333,0.68,0.4773333333333334,0.24392464541350564
cold,7,row_percentile,0.8003592064869276,0.26725795452037726,74550,4023,75,0.38896284656727415,0.5707806135598078,0.6533333333333333,0.48799999999999993,0.24880524997913023
cold,8,raw,0.8215436574646797,0.2805026287517669,74550,3088,75,0.38489111296845174,0.5882606950542502,0.72,0.4915555555555556,0.2765775196479154
cold,8,row_zscore,0.8215428961629377,0.2450046742586544,74550,3088,75,0.3762051698426021,0.5772539579360586,0.6666666666666666,0.48266666666666663,0.2679666438502365
cold,8,row_percentile,0.8211192951853972,0.27709784086007305,74550,3088,75,0.37925870717530663,0.5806719660231324,0.6533333333333333,0.4897777777777778,0.27335185174416643
cold,9,raw,0.8157384832610581,0.314130385325632,74550,4204,75,0.44858830575533676,0.6680202778859203,0.76,0.544888888888889,0.3051641730690689
cold,9,row_zscore,0.8068031231680363,0.26421914001454266,74550,4204,75,0.4376788029113795,0.6514127942232164,0.7333333333333333,0.5360000000000001,0.29852616963757284
cold,9,row_percentile,0.8065355335647859,0.2931523310340521,74550,4204,75,0.43782051170355873,0.6559905521883125,0.7333333333333333,0.5484444444444445,0.31255831752651625
warm,0,raw,0.9220992238332879,0.12011123280047117,712137,3708,635,0.2585004496974952,0.3277571498590723,0.35748031496062993,0.13133858267716536,0.4138633605450163
warm,0,row_zscore,0.8672584202117196,0.04880505793802739,712137,3708,635,0.2662000446404618,0.33227325694652327,0.3716535433070866,0.13123359580052493,0.41526587304621415
warm,0,row_percentile,0.8641878145547943,0.05997587632219884,712137,3708,635,0.2488965375825675,0.3147937536669686,0.33858267716535434,0.12776902887139108,0.3987279575034017
warm,1,raw,0.9256309065666293,0.12439540364334925,712137,3708,644,0.2552658154722624,0.3263369823750082,0.35093167701863354,0.1324016563146998,0.42993042874152726
warm,1,row_zscore,0.8698494774624635,0.04842620544536539,712137,3708,644,0.25560151706778284,0.32859782204648175,0.34316770186335405,0.1331262939958592,0.4364778572353711
warm,1,row_percentile,0.8662734281721979,0.061291068331643814,712137,3708,644,0.24931590799838457,0.32210337484137175,0.33695652173913043,0.1307453416149068,0.41864759769963106
warm,2,raw,0.9230380389759596,0.12736548269267128,712137,3708,655,0.25878962247911286,0.32492232935298554,0.3297709923664122,0.13129770992366413,0.4294436030073407
warm,2,row_zscore,0.8735553771003124,0.047262669926244456,712137,3708,655,0.25456586693836214,0.3232695915137542,0.3190839694656489,0.12987277353689566,0.4279200366125468
warm,2,row_percentile,0.8710480700080068,0.06233490724942231,712137,3708,655,0.25338820314702937,0.319609766550976,0.32061068702290074,0.13017811704834603,0.42370403255122335
warm,3,raw,0.9273524128779269,0.12845553625514258,712137,3708,652,0.2638380916603566,0.3272131959337645,0.35736196319018404,0.13210633946830264,0.42596293941704266
warm,3,row_zscore,0.8722532095467241,0.047843545444601,712137,3708,652,0.25930674550461646,0.3265339793786563,0.34355828220858897,0.13098159509202456,0.43539657035700496
warm,3,row_percentile,0.8695059065032454,0.060368962314498384,712137,3708,652,0.2547085614701906,0.31922504588717654,0.3450920245398773,0.13016359918200407,0.41836982414188056
warm,4,raw,0.9228110045333103,0.12370015580040117,712137,3708,649,0.24154009218490968,0.3037496124506112,0.31278890600924497,0.12727272727272726,0.4179938073018861
warm,4,row_zscore,0.8628900438945172,0.04542347629081761,712137,3708,649,0.246714590288806,0.31250753871291304,0.31278890600924497,0.12799178222907037,0.4206152215409688
warm,4,row_percentile,0.860835580838659,0.05585030730304783,712137,3708,649,0.23351408979567229,0.29777987135987355,0.3035439137134052,0.12675911658962508,0.4066777115643527
warm,5,raw,0.9277947256886986,0.12075936082174141,712137,3708,650,0.25834946699183636,0.32627051933238177,0.3292307692307692,0.1332307692307692,0.44615431909204456
warm,5,row_zscore,0.8730914603160477,0.04415863941687315,712137,3708,650,0.2625991345657677,0.32960900264228976,0.33692307692307694,0.13189743589743588,0.44188373014345916
warm,5,row_percentile,0.8696295819756811,0.06116949245033479,712137,3708,650,0.25361266757711837,0.31880589533699993,0.3292307692307692,0.13076923076923078,0.4335882888141946
warm,6,raw,0.9236354616201898,0.1277100146412657,712137,3708,645,0.25251675907403737,0.3196590697835177,0.32868217054263565,0.13333333333333333,0.4295836722223605
warm,6,row_zscore,0.8701723967277228,0.04999298383753251,712137,3708,645,0.2578315199170792,0.3304777376932913,0.34728682170542635,0.13498708010335916,0.4354953878309746
warm,6,row_percentile,0.8680235736766277,0.05867397431713089,712137,3708,645,0.24724308443481086,0.3142605503443436,0.31007751937984496,0.13023255813953488,0.41212532687804226
warm,7,raw,0.9270666001564033,0.13517390317575778,712137,3708,646,0.26480117589180163,0.3381028104933345,0.3668730650154799,0.13302373581011354,0.44477012102205504
warm,7,row_zscore,0.8679073647381275,0.05054158397118673,712137,3708,646,0.26580683334150434,0.3381263503496558,0.3668730650154799,0.13209494324045404,0.44621071906885856
warm,7,row_percentile,0.8645341319544274,0.06198701026747423,712137,3708,646,0.252381387833588,0.32213424386128814,0.33126934984520123,0.1303405572755418,0.4289999093031933
warm,8,raw,0.9298292102891969,0.13210956886160335,712137,3708,646,0.2679097027872295,0.33563619651446175,0.3637770897832817,0.13384932920536635,0.4268803336781971
warm,8,row_zscore,0.8710596901785584,0.04891537220765688,712137,3708,646,0.2663299748384434,0.33333781558375086,0.3560371517027864,0.13508771929824562,0.4314253836393705
warm,8,row_percentile,0.8675207068892457,0.06373257456386788,712137,3708,646,0.2583649626417708,0.32563756880713096,0.34365325077399383,0.13178534571723424,0.41659065644577525
warm,9,raw,0.9260631172629668,0.12198129060804669,712128,3699,642,0.25718189190752905,0.3217728060275248,0.338006230529595,0.12647975077881618,0.42951339882902406
warm,9,row_zscore,0.8687202179696567,0.04400870912586993,712128,3699,642,0.25499382591110925,0.32038143273257164,0.32242990654205606,0.1260643821391485,0.44216404488419336
warm,9,row_percentile,0.8667297520064606,0.05680011218926263,712128,3699,642,0.24615807710336313,0.3105995272029253,0.3130841121495327,0.12429906542056074,0.417594110715472
