global_AUROC,global_AUPR,overall_AP,overall_AUROC,overall_nDCG@10,overall_P@15,overall_R@15,nonhot100_AP,nonhot100_AUROC,nonhot100_nDCG@10,nonhot100_P@15,nonhot100_R@15,rare_AP,rare_AUROC,rare_nDCG@10,rare_P@15,rare_R@15,middle_AP,middle_AUROC,middle_nDCG@10,middle_P@15,middle_R@15,top15_hot_fraction,rho,fold
0.7888837103780463,0.22309085985207416,0.3286112237553585,0.8500618482997782,0.4563004243270826,0.43200000000000005,0.2531165643969144,0.10228935785891985,0.7044563984842479,0.1330854992841909,0.10761904761904763,0.10810381617122372,0.08183998039634639,0.639369034674009,0.10401384843065058,0.04715447154471545,0.14980811871055774,0.08867274874738601,0.6400286812016822,0.10851702832638813,0.07058823529411766,0.20014017570866077,0.9191111111111112,0.0,0
0.8077800743065932,0.25608353826305486,0.34653269293236183,0.8519208288016605,0.5231068566442849,0.4853333333333334,0.23235530963924708,0.09699158841060304,0.7148072397218851,0.13113594004667603,0.1136150234741784,0.11898281278650107,0.04907565283340568,0.5727950062220872,0.05129356517991028,0.032520325203252036,0.11344672657252888,0.08569025721144692,0.6237403502345067,0.0991307305829974,0.06289308176100629,0.16055037639462158,0.9119999999999999,0.0,1
0.8029734111811856,0.32001865521386047,0.36757794639086055,0.8330984496199283,0.5221325447980871,0.5217777777777778,0.19974051819762262,0.11158142677694696,0.6724470097729721,0.16196279290573212,0.13333333333333333,0.09718563825058078,0.10638689126150917,0.6575201125319691,0.12186485253672176,0.05306122448979591,0.1534699044452946,0.11579160008254728,0.6170294716375085,0.13825182055658944,0.0781609195402299,0.15798506165797127,0.9066666666666666,0.0,2
0.7905036141044381,0.20811557928990654,0.2927807406083682,0.8429849920896753,0.42504531663074907,0.39644444444444443,0.22724309982850915,0.1096973766206134,0.6988237105180063,0.13129853492115193,0.0895238095238095,0.09675955860260442,0.05261668993661923,0.5868710117926945,0.06160853535175479,0.03194444444444444,0.1411135161135161,0.07729562613279975,0.6559620897036113,0.08036416392827232,0.05384615384615385,0.120492408636785,0.8755555555555556,0.0,3
0.8232088461073562,0.25902324142231753,0.33660920062087996,0.8625614165885684,0.4434001674517834,0.4328888888888888,0.24941102115980807,0.1121658280854386,0.7276531109346137,0.1423619660731784,0.09223744292237443,0.1605352861983132,0.12964851132739152,0.6513018672360188,0.15004345350683665,0.036231884057971016,0.2530797101449275,0.09966536987646289,0.6523434023505863,0.11730335340858636,0.05172413793103449,0.20134564134310584,0.9057777777777778,0.0,4
0.7810573619775113,0.26369789556810447,0.3477378355869679,0.8205336418122026,0.5363336522089834,0.48,0.21395922300661932,0.12708248664437605,0.6825661181638751,0.18002563626569607,0.1425925925925926,0.1055532342794325,0.053140086902970084,0.5180426131627032,0.05600153480304581,0.03580246913580247,0.08212924960420406,0.12309272354140757,0.6132432702292124,0.13582971115647122,0.06994535519125683,0.16791922982300658,0.903111111111111,0.0,5
0.7743930809786921,0.24427299477713102,0.3527709362976407,0.8323537926064308,0.5154377850614087,0.4524444444444445,0.22123186596237626,0.10598621951343754,0.6965919719317935,0.13016745214119357,0.11619047619047618,0.09020072793526945,0.06876783490075977,0.5776584638048169,0.06864448707158013,0.03859649122807017,0.09246065252257203,0.10575308158410125,0.6016370114264887,0.12746945930032552,0.057142857142857155,0.12627315590198424,0.8862222222222222,0.0,6
0.7902826996644463,0.23838288113190426,0.3348840408998283,0.8414264153144344,0.5016239218274656,0.42933333333333334,0.21892023091017573,0.09769075674060564,0.6973794719625764,0.13562414499218053,0.12407407407407407,0.08682704744023871,0.05794112271779207,0.5709056706476812,0.06774311482956769,0.03833333333333334,0.0911806669207985,0.10691313604899864,0.6111527086580032,0.1209510554284309,0.06892655367231638,0.14895298850098396,0.9582222222222223,0.0,7
0.8083063376339873,0.23690874322519306,0.31634778750499687,0.8462676732023907,0.4553190353949285,0.42577777777777776,0.22888362805004922,0.0969757279810757,0.7047568260479924,0.1254156245282564,0.09814814814814815,0.12498201591166211,0.0735719844434393,0.6373534264038907,0.09273954701096161,0.032520325203252036,0.1744773519163763,0.10211225436718444,0.6276578248791315,0.12079840092454293,0.05957446808510638,0.1545314142122653,0.8853333333333334,0.0,8
0.7921664346162505,0.2681982988320652,0.3715484154066693,0.8593115266019701,0.5441150425190715,0.47644444444444445,0.2602151190462775,0.12845898248957865,0.7126047044500043,0.17281393264932918,0.13714285714285715,0.13961317966786085,0.08449424508502026,0.6239929075347278,0.1075434070042201,0.05454545454545454,0.15123091400265312,0.08970231047852119,0.6085728685579425,0.10057339123422962,0.06933333333333333,0.10050862904075006,0.9244444444444446,0.0,9
0.8032311753366247,0.23549124197416968,0.3426100686021673,0.861984568284225,0.48599354214525997,0.4471111111111112,0.26285344601232635,0.10946633383154997,0.7282475675369818,0.14313716967719436,0.10857142857142858,0.11930040529638425,0.08610682831303569,0.6700349938704873,0.11047073219432772,0.05203252032520325,0.1686181704474387,0.09724250524958869,0.654183976717945,0.11497271768274057,0.07058823529411766,0.21535959681043484,0.9297777777777778,0.1,0
0.8257645738743388,0.27041817645738275,0.3693012206473919,0.8664235948826782,0.5610189811035245,0.5013333333333333,0.24005838307225433,0.10324942637543913,0.7484142079267999,0.13504279930661967,0.12018779342723002,0.12367504663518135,0.059257601737036175,0.6061511478370887,0.07030015275294943,0.03577235772357724,0.16147839109970047,0.09206555838943642,0.6530107487551349,0.10950439962676392,0.06415094339622641,0.17024639316611,0.9431111111111111,0.1,1
0.8230628316983428,0.33720803082439704,0.39107051035762214,0.8525731665932031,0.5720315808983159,0.5493333333333332,0.21571047403689264,0.12027538000203569,0.710728561786255,0.17295142536860053,0.145045045045045,0.10773091472320301,0.11185113321338136,0.678931930746863,0.13090647801650768,0.05850340136054421,0.17475807339252716,0.12118566754669254,0.6366978612993134,0.14882656431927116,0.07586206896551725,0.1488070484799232,0.9315555555555555,0.1,2
0.8075039256717083,0.2223014618421846,0.31189503746773223,0.8570887834560058,0.4652180884692253,0.41333333333333333,0.24090146059841364,0.10141548589762531,0.73365919457147,0.12340697831601707,0.09238095238095237,0.12737037494711642,0.05799845714260087,0.5992712202198561,0.06919652484107203,0.03194444444444444,0.1359051827801828,0.08318935328090403,0.6883839001418999,0.0817567886619386,0.057692307692307696,0.1464768408712172,0.9031111111111113,0.1,3
0.8335661528136371,0.27467499038139864,0.3612768138606197,0.8725513286626326,0.4997718453472064,0.4675555555555556,0.2683928085875244,0.10895065352255504,0.745486941021142,0.14722683304561668,0.091324200913242,0.16062349106126209,0.11635498799195376,0.6573270518310841,0.1377891658307256,0.03768115942028986,0.2639492753623188,0.10384838572272692,0.6706206333048691,0.11829314109854099,0.05287356321839081,0.20486499780363876,0.9271111111111111,0.1,4
0.7881843039477993,0.272240097007916,0.36561994195218755,0.8368166128883796,0.5665589971128665,0.504,0.2262237316036725,0.13423415698963612,0.715682214173976,0.18246454082861369,0.1453703703703704,0.1048653855356882,0.05489160423043022,0.5395710991102288,0.051582978756299684,0.03580246913580247,0.07317357261574019,0.1260706563504017,0.6398616157538297,0.13910251952544425,0.07650273224043716,0.1777687746397467,0.944,0.1,5
0.7953997299448259,0.26221678138067356,0.3758722921065609,0.8492808550710563,0.5695615189678072,0.4835555555555556,0.23941972509180573,0.11281137455116702,0.7295452043176276,0.13748192290590808,0.12285714285714285,0.0917403564633561,0.07221357049505615,0.5984922526814848,0.07695401095470626,0.04035087719298246,0.09575012620678254,0.11593646216562181,0.6203681022535938,0.137688103230981,0.06904761904761907,0.13266459670812195,0.9226666666666669,0.1,6
0.813190309815573,0.25374086129903023,0.3536431191064496,0.8579171261829275,0.5308844814859611,0.4453333333333334,0.22714453711453791,0.10752929504256875,0.7358730643547635,0.14443958179838534,0.12592592592592589,0.09555673549285891,0.0586709340753685,0.5982951461781215,0.056230211506453145,0.03666666666666667,0.0566375784303416,0.11331194615495702,0.6459494547821902,0.1261199350875632,0.07005649717514123,0.15238472625475563,0.9715555555555556,0.1,7
0.8200239926962885,0.24790975386697198,0.3348959658994424,0.8592222209821455,0.4923079187642557,0.4524444444444444,0.2496714707832684,0.10025218805961068,0.7312379304602373,0.1269672207468329,0.10092592592592593,0.13005126442646214,0.07764697528203274,0.6386371432657724,0.09076360010647441,0.04065040650406505,0.21749903213317848,0.10428629022653157,0.6428693583283861,0.12676800267237504,0.06382978723404255,0.1676519815881518,0.9208888888888889,0.1,8
0.805792793243282,0.2810006798476214,0.3901339099813302,0.8747106170400375,0.5715565031288411,0.504,0.27940724100763675,0.13498200867437918,0.7537611634983453,0.1750498448421225,0.14,0.13475647295730628,0.08992910550708245,0.6564790685802939,0.11261480632329718,0.05303030303030303,0.18028275487514617,0.10010705087890698,0.6487924745600563,0.11339768821836324,0.07733333333333334,0.12070771513983618,0.9440000000000002,0.1,9
0.8115376762698844,0.24567603044433675,0.3578533309552474,0.8701409519441057,0.5184249654582396,0.4613333333333334,0.2735968845757299,0.11180243690816367,0.7458595228763374,0.1425136407738453,0.11428571428571428,0.1246548173760587,0.0874976356554404,0.6871769903705108,0.10618515602378402,0.05203252032520325,0.16324123031440105,0.10037124860916845,0.6640349561006971,0.1244715739252709,0.06666666666666668,0.1876931456145719,0.9475555555555557,0.2,0
0.8376042807047922,0.28320287666115135,0.3876756204794214,0.8751928964692436,0.6009196506092238,0.5164444444444445,0.2537893530342176,0.10724624786323568,0.7680257204628415,0.1396755087616743,0.12582159624413145,0.1317499576396698,0.06542468170381739,0.6230683138840262,0.07476770362422303,0.03739837398373983,0.1659178433889602,0.09583922088768487,0.67183966363104,0.1076597150182189,0.06540880503144654,0.17845057106368417,0.9582222222222221,0.2,1
0.8347555544948996,0.3514527416369649,0.4130795555746012,0.8649631833987977,0.6171112719073949,0.5662222222222222,0.22140096518437435,0.1295178615333074,0.7412056225532855,0.18587402929970098,0.14864864864864863,0.11015365448893034,0.11680104219876508,0.6867905974580153,0.14015805036346488,0.06394557823129253,0.20666607468828355,0.11266490398605017,0.6490830094084735,0.1442827648159425,0.08160919540229886,0.1649381874558898,0.9520000000000001,0.2,2
0.8187429284330956,0.23533662730799706,0.3314670206081216,0.8663134200663598,0.49872976177998946,0.43111111111111106,0.2511933067444849,0.10155421690152466,0.7588326975553942,0.11944419058833071,0.0895238095238095,0.13864348062703546,0.06477675896468639,0.6027987340734797,0.08035100013496173,0.037500000000000006,0.16368296055796056,0.08865424147669759,0.7097064309800907,0.09287531516032071,0.06025641025641026,0.14612727056972385,0.9280000000000002,0.2,3
0.8404844622446704,0.2897457632783096,0.3806748012995039,0.8791376384354093,0.5487028563226595,0.4933333333333334,0.28460853003607856,0.10917265497273831,0.7569757033864603,0.14813310726176954,0.09680365296803653,0.16186570967428215,0.10890782689289742,0.6554170680519295,0.12439747080779774,0.0391304347826087,0.24305124223602487,0.10283020721985528,0.6793912843729676,0.1166974792995393,0.05057471264367817,0.18876459212412558,0.9493333333333336,0.2,4
0.7894198924712907,0.27895504746653055,0.3828583490808861,0.8481423814641946,0.593368550951726,0.5208888888888888,0.2347260029356827,0.1381756686226186,0.7385434339215184,0.18408220954139914,0.1444444444444445,0.10501573707828579,0.058929296198255626,0.5610759459209608,0.05497579707811896,0.028395061728395062,0.0715265785620977,0.12728371450246964,0.662439989107066,0.14576884992042663,0.07978142076502732,0.1971954577909099,0.960888888888889,0.2,5
0.8092326727534653,0.2783900345773854,0.3945759617748007,0.8630397704108382,0.599508661378492,0.5066666666666667,0.2533721490828713,0.11789918895685117,0.7550968525638571,0.13700685346743977,0.1276190476190476,0.09662224132696434,0.07598121640063842,0.6164991723912014,0.0720615914086602,0.04035087719298246,0.1192776951290883,0.12403435169763813,0.6343932792528861,0.14825993064345896,0.07142857142857142,0.14571344227009636,0.9528888888888889,0.2,6
0.825959160324751,0.2657450781715767,0.365001116238732,0.8682708665363695,0.5486315540868625,0.4568888888888889,0.23299694589035616,0.11404858378404763,0.7579361442108037,0.1456076442212445,0.12777777777777777,0.09528812195971272,0.05474189405386624,0.6147443794331545,0.0564422867585609,0.045,0.07855053389592863,0.11595910026435771,0.6686964379063709,0.12309186016862914,0.08022598870056495,0.2007313044319813,0.9777777777777779,0.2,7
0.825249638091653,0.25773706060509216,0.3503102904220091,0.8675686534187383,0.5204099545078524,0.472,0.261050312476508,0.10170638269699271,0.7492230825772063,0.12142701478766968,0.09814814814814815,0.1269522680370246,0.07653679304157349,0.6310941457351178,0.0896002148282638,0.03577235772357724,0.17626790553619825,0.10432897649236039,0.6497357567205466,0.1271378565347975,0.06241134751773049,0.18832988524477887,0.9368888888888891,0.2,8
0.8132509622209082,0.2923660536906701,0.4099476447859537,0.8837950823114122,0.6062776873144771,0.5191111111111111,0.2859070150829759,0.13880708214971268,0.7744463389867648,0.18334125488675324,0.14095238095238097,0.12128304486123666,0.09270694240927839,0.672072821207362,0.12168845759251844,0.051515151515151514,0.17887465210834774,0.10512941459985607,0.6716671594147273,0.11717316316660138,0.08533333333333333,0.13402147819295013,0.96,0.2,9
0.8156026454679367,0.25431564313715915,0.37158278482731966,0.874834977556781,0.5433034465613713,0.4675555555555555,0.2787019401709871,0.1142738148419074,0.7561525780884804,0.1519822901641544,0.10952380952380952,0.12301573503339956,0.1022081272224112,0.6911201204500874,0.11597516492839947,0.04715447154471545,0.17137131161521407,0.1021734264618891,0.6694726165204417,0.12722500126164285,0.07320261437908497,0.18562203664691118,0.9546666666666668,0.3,0
0.844160366995118,0.29394353832113573,0.40167470674732114,0.8800243168245421,0.6341100066755995,0.5253333333333333,0.2597535155554662,0.11256477168403813,0.7781760178436582,0.1397315520029204,0.12863849765258215,0.14333717838497126,0.08654927557090733,0.631488162469479,0.09170745189020726,0.03414634146341463,0.138322471281393,0.11215084514779021,0.6827193106859317,0.12130987404958686,0.06540880503144654,0.1835288130523035,0.9724444444444444,0.3,1
0.8403644232822625,0.3631517798306704,0.4279738561325981,0.8707912224871722,0.6548519826257391,0.5804444444444444,0.22613250073022717,0.13376998827589917,0.7555981528156426,0.1955764286912847,0.1423423423423423,0.10377092551391438,0.11783299618434283,0.6885839596992136,0.14275546022864233,0.06394557823129253,0.23322908084312646,0.11881764075601069,0.652753155794156,0.1508112145988049,0.08735632183908047,0.16066189422995372,0.9706666666666668,0.3,2
0.8250770099892709,0.24763014203433883,0.35219637224344896,0.8712678190556727,0.5289794537789084,0.4497777777777778,0.2682356559240405,0.10329646465099808,0.771352123447206,0.12518657124302737,0.08857142857142856,0.1324240790048709,0.06436636192303266,0.6015539781366528,0.08288024170081361,0.03472222222222222,0.13764129389129387,0.08928224191713002,0.7178178809172125,0.09696054755291231,0.06410256410256411,0.15348449667694994,0.9493333333333336,0.3,3
0.8439138880250688,0.30289102310367755,0.39501469529418953,0.8826625843261523,0.5816986349574065,0.504,0.28549200695286053,0.10652533098516208,0.7621009532180836,0.14545155767921286,0.10045662100456622,0.18771238767754017,0.11586320924537243,0.6467585456857817,0.1288381978312934,0.0391304347826087,0.22565993788819877,0.0978628247361935,0.6827331208795901,0.11073666903865709,0.04597701149425288,0.17504674866490283,0.9617777777777778,0.3,4
0.787131382321993,0.28430844857531135,0.39680488525193,0.854541647539347,0.6104506262621039,0.5324444444444445,0.23927804706639055,0.14202167937729343,0.7509112896136039,0.1884162641956497,0.14907407407407408,0.11223204464077287,0.05424598912506157,0.5714637965651644,0.05716225093873129,0.028395061728395062,0.07351070554622467,0.13055012564247268,0.6761703790412634,0.14629157923545347,0.08196721311475409,0.2033686027737484,0.9733333333333334,0.3,5
0.8173457246030932,0.2928700443711719,0.4060634124933173,0.8714584476482594,0.6219124674022034,0.5324444444444445,0.26768562671502627,0.12218725664057012,0.7704256863224613,0.14476994190279882,0.1333333333333333,0.10031599040164255,0.08076164318843544,0.627925205488219,0.07344988976821026,0.03859649122807017,0.08351119554679926,0.13118033785150557,0.6436642402822822,0.1527009031573263,0.0738095238095238,0.15387371420155474,0.9813333333333335,0.3,6
0.8324550850207406,0.2755391216997668,0.3756737086358275,0.8747045908932213,0.5591530181338243,0.46488888888888896,0.23690819369681124,0.11605790687266879,0.7704915551163002,0.14744372347579937,0.13240740740740742,0.1004838899414284,0.05561800370934102,0.6227771973266832,0.05584694325263343,0.04,0.059159508254902994,0.11880891105541692,0.6812918258488169,0.13637560559128564,0.07683615819209039,0.1964566631813762,0.9831111111111112,0.3,7
0.8262620243984883,0.26537124025750847,0.36732341153409315,0.8717540467792808,0.5563626726201695,0.4755555555555555,0.2645584650757556,0.10039286373586623,0.7573718281199117,0.11630098297443227,0.0925925925925926,0.11482380967753879,0.06559027608170702,0.6238849658972837,0.08284112809056685,0.029268292682926834,0.15980449090205187,0.09797579661030563,0.652649913906334,0.11770553689003574,0.06382978723404255,0.19026412122156802,0.9493333333333331,0.3,8
0.8164372348145796,0.30156724575787586,0.42409769148461535,0.888721116357646,0.6260746516531976,0.5297777777777779,0.2943729953146071,0.14228131162446753,0.7827336560172466,0.1835267159528731,0.14571428571428574,0.12570708345925546,0.09325140486201491,0.6821118170310563,0.10723946462500572,0.051515151515151514,0.17902104355908702,0.10813372430445858,0.6849547454220697,0.1214452359930618,0.08933333333333333,0.14175839720097141,0.9733333333333335,0.3,9
0.8172669998215562,0.2610794177441814,0.3792952408145209,0.8774523056339534,0.5542739447130147,0.472,0.27988182318786076,0.11667932766621214,0.7633750602242102,0.15745929208684437,0.11428571428571431,0.12974618712099453,0.10284905071720887,0.688723031420192,0.1217969237801452,0.04715447154471545,0.1675550059696401,0.10247266747128002,0.6754601673475265,0.12839929873478875,0.06928104575163399,0.18228093330580783,0.9644444444444445,0.4,0
0.8472161776337644,0.30403872318256053,0.4123625329798501,0.8823006972909397,0.6521781625076408,0.536,0.26481838585503986,0.11655428618561776,0.7832368892977356,0.14878942979849882,0.12300469483568072,0.13574089496796007,0.09024843454543663,0.6317644717816465,0.09496741105918338,0.03739837398373983,0.14978052542237394,0.11149365389579381,0.6850724136690801,0.12421201408760006,0.06415094339622641,0.18591912452280368,0.984888888888889,0.4,1
0.8426237907964762,0.37228896389706806,0.4387305581195946,0.8730858728832008,0.6748349209938256,0.5875555555555556,0.2303649013992885,0.1359312351799025,0.7610062237131994,0.19802351021186898,0.14954954954954955,0.1095279550880795,0.1127915785312873,0.6889002973758684,0.13328282886904855,0.0598639455782313,0.21146037336013324,0.12208939139134056,0.6514135380605104,0.155326802936195,0.0850574712643678,0.13944271422969914,0.9804444444444445,0.4,2
0.8283221108640989,0.2583513244809392,0.3682249349863114,0.8738756436550058,0.5544359067961628,0.45866666666666667,0.273035888060913,0.10175486955668471,0.7774161666643118,0.12510899474543566,0.0895238095238095,0.1277568311088024,0.06718381418943602,0.5978377542631607,0.07884809010032051,0.034722222222222224,0.13987343674843675,0.09177705871870502,0.7203112683805144,0.09530816104091966,0.06282051282051283,0.15559704429792748,0.9600000000000002,0.4,3
0.8448158120504677,0.31374168921877676,0.40807411547702155,0.8842288620137716,0.6104376313179833,0.5102222222222224,0.2873653278347122,0.10797420111993564,0.7639396746912399,0.1430077100692497,0.10502283105022832,0.1968243732079845,0.11401001028567548,0.6395082017706968,0.12770123005849787,0.03768115942028986,0.20392080745341615,0.09768525117993024,0.6826220598330056,0.10863289048929983,0.04367816091954023,0.17232209558528017,0.9706666666666668,0.4,4
0.7834166444169065,0.28829977025584996,0.40269270044615735,0.857785701365145,0.6208397508918105,0.5448888888888889,0.24649460453783084,0.1439629682826032,0.7567087221203253,0.18687999757121365,0.1537037037037037,0.11629097156510015,0.04815147203863101,0.5735447199131806,0.04345964478359884,0.029629629629629634,0.09136784840336752,0.142584688406104,0.6831361460881687,0.15694603108428776,0.07978142076502731,0.21518934572914292,0.984888888888889,0.4,5
0.8219936672372035,0.3044723888217719,0.41560619736293997,0.876378563491673,0.6401985455709016,0.5386666666666666,0.27015630659035306,0.12515035478376663,0.7785859618874847,0.1463738127198727,0.1438095238095238,0.13170122796698094,0.08427403153598771,0.6343651120594741,0.08053924996590772,0.03859649122807018,0.08314569847077587,0.13819924152221624,0.6490394520416748,0.15879119731050093,0.07857142857142858,0.17202839352611474,0.9884444444444443,0.4,6
0.8357432061293204,0.2830182011214512,0.381833545740039,0.87808061682307,0.570338925801392,0.47644444444444445,0.24024557860961968,0.11750904824013414,0.7763425609065577,0.15305309875146456,0.1361111111111111,0.11597428965748506,0.05507392530881673,0.6252150302977938,0.04662308943184741,0.045,0.06464196439525387,0.11628256558673061,0.6890368081323912,0.13196279382538187,0.0734463276836158,0.18745287249386308,0.9902222222222222,0.4,7
0.8253149650315983,0.27157600589995584,0.3770394942992348,0.8733854051204543,0.5807772004630825,0.4844444444444443,0.2697942136254291,0.09895036225975581,0.7596134252953103,0.11515270498646535,0.09074074074074075,0.09820912584617186,0.05411289626887865,0.6179204274330458,0.06612104048183817,0.029268292682926834,0.13611111111111113,0.09730294897411232,0.6519697990827602,0.1136412175695513,0.05673758865248227,0.14475246975246975,0.9662222222222222,0.4,8
0.8172526602434839,0.3083505001163774,0.4347959546686484,0.8911223028781098,0.6454721223637846,0.5351111111111112,0.2972381459581557,0.14587107667253257,0.7859479943429655,0.1906747410471546,0.14571428571428574,0.12114260748424636,0.09290533555873409,0.6890845561161423,0.10456063144055863,0.051515151515151514,0.1822187818111731,0.10987820460421346,0.6893491411773028,0.12773042139044752,0.08933333333333333,0.13741370297520555,0.9795555555555557,0.4,9
0.8176107493809467,0.26542378399036215,0.3858038621411044,0.8785164194343059,0.5632088171578208,0.4702222222222222,0.27846917250823017,0.11817651265094382,0.7674888617710052,0.1611487903874121,0.11333333333333334,0.12854926654674476,0.1024175042600711,0.6828816758672139,0.12221053699364723,0.04715447154471545,0.17466882710785148,0.10311535674819426,0.677788512296949,0.12740723974619492,0.06535947712418302,0.17899859472935162,0.9760000000000001,0.5,0
0.8483250443066339,0.31322618749619574,0.41785751088362044,0.8835076739461948,0.6540117636166218,0.5422222222222222,0.2668284277664487,0.11727719638857334,0.7858808146958512,0.152080839070132,0.123943661971831,0.1250381736306285,0.08573798099050342,0.6333724073797963,0.0941923873153517,0.03739837398373984,0.14750603839178936,0.11149755460904269,0.6866387831416848,0.12373524066489781,0.06037735849056603,0.1774774212597435,0.9893333333333332,0.5,1
0.8431647762725563,0.37851044309536824,0.44557797217590417,0.873762393456049,0.6845114214035679,0.6008888888888889,0.23504106503663286,0.13757097852403688,0.7619932037932765,0.19829824076177952,0.15135135135135133,0.11154899935432744,0.1101984561683881,0.6863012672720998,0.12431058035508873,0.058503401360544216,0.20239007857555277,0.12465943892209452,0.6489506043420528,0.16275384786953884,0.08620689655172416,0.14197301770541226,0.9875555555555555,0.5,2
0.8297515354924849,0.2666615959922274,0.3788319644576566,0.8749956337889139,0.5676597728205053,0.46399999999999997,0.2765815862454619,0.09969199665415804,0.7796428903276058,0.11817378098386487,0.0895238095238095,0.12153985947637842,0.0673797944434036,0.5975057321669415,0.07535885957815854,0.034722222222222224,0.13565716690716692,0.09176623229001356,0.7174145333013059,0.10193430040987544,0.06538461538461539,0.1816091900469153,0.975111111111111,0.5,3
0.8440746679887724,0.32016789882063834,0.42113455225008345,0.8842598887897926,0.6378689391479221,0.5244444444444445,0.29318547089356906,0.11054682787279697,0.7630616711715976,0.15212279138750065,0.10228310502283107,0.19059588278485004,0.10870092137439115,0.6327197870365279,0.12138756675424206,0.036231884057971016,0.19667443064182194,0.08308804394319495,0.6797454933077748,0.08853262040516724,0.041379310344827586,0.1596321992746942,0.9804444444444446,0.5,4
0.7794151363337617,0.2912388400461391,0.40745213988448126,0.8594355026316158,0.6315426596257528,0.5537777777777777,0.2525778342176503,0.14187920678429922,0.7590914193463465,0.18418512821644129,0.15185185185185185,0.11664061229721234,0.04552154042823052,0.5754995837007966,0.038408706861666,0.030864197530864196,0.09523951896447341,0.1493523855357586,0.6840169547996391,0.16720108344113369,0.07868852459016393,0.1909880300620606,0.9920000000000001,0.5,5
0.8246102544578555,0.3134571173180051,0.42192462530438857,0.8791771863922025,0.6504030410234434,0.5439999999999999,0.2722573873541661,0.12696035999873034,0.7829365172988763,0.1499478627401769,0.1419047619047619,0.1271568199535366,0.08779094244721537,0.6379365728313104,0.08665940849400239,0.04035087719298245,0.08439883130285607,0.1408952598039965,0.6520026375413259,0.15508473274855156,0.08214285714285714,0.20938920394683766,0.9920000000000001,0.5,6
0.8374159788272884,0.28887822873669894,0.3867311171208255,0.8799783197352705,0.5757757290642149,0.49066666666666664,0.2510812656357289,0.118455984441635,0.7793679716699787,0.15109104557641648,0.137037037037037,0.11946294587128015,0.05812409310498551,0.6239029754024326,0.05383277463584668,0.04,0.061454136598051066,0.11638349632789124,0.6934778667824874,0.12599970710903408,0.07683615819209039,0.18630374127117896,0.9937777777777778,0.5,7
0.8236116158259696,0.27673423166494066,0.3816589873358194,0.8737903257481637,0.5847511855925417,0.49155555555555547,0.27580641663663596,0.09974416701754525,0.7594155644696339,0.11740197713855907,0.09351851851851851,0.10065707078606528,0.04706530757153281,0.6117738164132508,0.051541738323755845,0.029268292682926834,0.1804878048780488,0.09678563796583227,0.649451066562192,0.11814814038684136,0.05390070921985815,0.14093388880622923,0.9786666666666668,0.5,8
0.816844390441667,0.31265271818336793,0.44287263928786247,0.892119560854536,0.6582927134365705,0.5386666666666667,0.3005290038722261,0.14867004638895634,0.7858831588365075,0.19258212310946496,0.14666666666666664,0.11541355942012851,0.09321983615233372,0.691374211384402,0.10842858493607119,0.05303030303030303,0.19547635756874887,0.11051830287289383,0.690972289430967,0.1368221197553734,0.08933333333333335,0.13902695517263627,0.9848888888888888,0.5,9
0.8171199114688628,0.26847273482581624,0.38798760760825696,0.8782602879159136,0.5670846011517168,0.4782222222222222,0.2846557299212299,0.11997109766815492,0.7686529147821487,0.1574353375137414,0.11714285714285713,0.131179805866428,0.10333327913560386,0.6758144182088257,0.12341289157110233,0.04878048780487805,0.1756850872704531,0.1069225009787746,0.6763031391545639,0.12871567615529167,0.06143790849673204,0.17309370403744267,0.9813333333333333,0.6,0
0.8483615095166325,0.32039000251854344,0.421927280596076,0.8838639952394706,0.6563849992224501,0.5431111111111111,0.2661649509090483,0.1187728815168688,0.7864894703253534,0.1515149876748559,0.1305164319248826,0.13345524799167668,0.08102639377094792,0.6313739478124192,0.089093797115235,0.03739837398373984,0.16783124164382188,0.10598084692822822,0.6865889591390343,0.11596572463896038,0.05660377358490566,0.17641354802605894,0.9937777777777778,0.6,1
0.8427531047748018,0.3821435883552805,0.4490920644127145,0.8736997656183129,0.6856261023137348,0.6088888888888889,0.24055889793264684,0.13502620030565032,0.7611665282823434,0.19693813796613727,0.15045045045045044,0.10847980991707495,0.1066867560182569,0.6841723231436855,0.11994614503919669,0.05442176870748299,0.1975367086561564,0.12358958577830409,0.6451285373874321,0.1641988738793784,0.08390804597701147,0.13953716915933398,0.9928888888888889,0.6,2
0.8299963422197648,0.27187477017450357,0.38722007146440074,0.8751019600655493,0.5833857567117843,0.4666666666666667,0.2775110599118208,0.09837015281379645,0.7790969285066286,0.1133005863385516,0.0895238095238095,0.1178249632614822,0.06812219186614195,0.5952240001278863,0.07924101135403834,0.03194444444444445,0.1200321669071669,0.0936160315416253,0.7144688832228485,0.10242542798618207,0.06282051282051282,0.172529324312018,0.9831111111111113,0.6,3
0.8421866783334632,0.3222238120938412,0.4258681650087388,0.8833856665742148,0.6493087112524745,0.5306666666666667,0.2929372700317891,0.11231718230994368,0.7604724017194135,0.15128195124573957,0.0995433789954338,0.18786508842762403,0.08990164855409642,0.625119528115545,0.09548561557683218,0.036231884057971016,0.1767468944099379,0.07692879901059721,0.6762574987885686,0.08335435155702516,0.04252873563218391,0.16071631630708708,0.9866666666666667,0.6,4
0.7754873943710114,0.29308006129020103,0.410927125445096,0.8602254311450909,0.632288072300176,0.5582222222222222,0.2537322599487071,0.14110491279664758,0.7600768185272178,0.18927470837564442,0.1574074074074074,0.1221225575092097,0.043563379927042595,0.5778698273342708,0.03698252990984408,0.02962962962962963,0.10353382029156163,0.15875619657086057,0.6835587511533165,0.17681033975801155,0.07650273224043717,0.19023651899232394,0.9955555555555554,0.6,5
0.8259435500874418,0.3199962983806483,0.4258006627279065,0.8808067346030448,0.6562655997270409,0.5457777777777777,0.27218700738908497,0.13047892813693374,0.7852787091116115,0.15934232829264397,0.14380952380952378,0.13273153179686487,0.08797216385696846,0.6413460381213265,0.0810811544164983,0.04035087719298246,0.08360724672644178,0.1427358559890392,0.6554331781874666,0.16824747771500353,0.08095238095238096,0.2064528755435774,0.9946666666666666,0.6,6
0.8382017801345808,0.29350864955546313,0.3912354186834311,0.8809547309400739,0.5756805194509679,0.496888888888889,0.25772678909193547,0.12074926761102842,0.780490181427827,0.1564241154382605,0.1333333333333333,0.12158038695254413,0.05930115034628548,0.6243062569130802,0.0620935284348198,0.03833333333333334,0.06101554010682301,0.12253218779253605,0.697471422978462,0.12864405466714454,0.07683615819209039,0.17887171738742327,0.9964444444444445,0.6,7
0.8215436551989006,0.28050262441595053,0.38489111296845174,0.8734016465222205,0.5882606950542502,0.4915555555555556,0.2765775196479154,0.09910530171829002,0.7578732868553129,0.11779174461701403,0.09351851851851851,0.0983642075054611,0.043398352570929236,0.6078087227844514,0.037408769230013926,0.027642276422764227,0.175609756097561,0.0961715104128469,0.6470238056321772,0.11632789428020025,0.0553191489361702,0.14042346542346543,0.984888888888889,0.6,8
0.8157384849517633,0.31413037997064364,0.4485884708315913,0.8923711826023667,0.6680202778859203,0.544888888888889,0.3051641730690689,0.14903677004129867,0.7849434015229834,0.1953006807781224,0.14476190476190473,0.12055487172370129,0.09488601159304522,0.6929805561893096,0.10504792343108144,0.051515151515151514,0.17510899345138475,0.10551826477790038,0.690318569945201,0.12862307877696083,0.08800000000000001,0.1274432526006984,0.9937777777777775,0.6,9
0.8159740651134776,0.26930539610166804,0.3859564976419815,0.8770918186741337,0.5650828427441632,0.48088888888888887,0.28535117352234884,0.1180971308547968,0.7677044537631725,0.1553397150570312,0.11142857142857143,0.1431963632958147,0.10345595141421618,0.6690505206098761,0.1189661070114462,0.04227642276422764,0.14815367559269998,0.10302276730455448,0.6739542629520647,0.12638285074782818,0.06666666666666668,0.18570366030064972,0.9866666666666667,0.7,0
0.847689926301825,0.3242157161824536,0.4216140944228672,0.8838427597041165,0.6533162966880701,0.5475555555555556,0.2673886714565959,0.11896525584154863,0.7859352895343815,0.14980023886205007,0.1305164319248826,0.13701475513919334,0.08011315490749972,0.629225128689602,0.08911277256381427,0.03414634146341463,0.15292609259233136,0.10541990521486659,0.6856860010484886,0.11170744493241562,0.05786163522012579,0.15458066392902395,0.9955555555555554,0.7,1
0.8416640874959382,0.3832709418027439,0.45129892677264744,0.8731371528220564,0.681377744465783,0.6142222222222222,0.2428317247888666,0.1354214202607701,0.760141173479721,0.1947379783985777,0.15675675675675674,0.11682735120630025,0.1061701793190487,0.6819144192396482,0.12473546320656918,0.05714285714285715,0.21290356968628277,0.114899890130671,0.6418217431087055,0.14985990247678294,0.0793103448275862,0.13817224556052732,0.9964444444444445,0.7,2
0.8293914224926994,0.27468508716351187,0.39337873298872883,0.8747462169621146,0.5947840026778685,0.47199999999999986,0.2829906956987209,0.09810192020215248,0.7776603510751335,0.11530016129330062,0.09523809523809523,0.1105802023466799,0.06715823251991031,0.5934980384430154,0.06934349506361964,0.029166666666666664,0.1118476430976431,0.09499587222838621,0.7105652131446275,0.10793845683081602,0.06666666666666667,0.18388743406317307,0.9884444444444443,0.7,3
0.8394233125168075,0.3206686801806986,0.4246435696011089,0.8817726905585019,0.6520693392798824,0.5422222222222223,0.2998841084471027,0.11444095576857702,0.7573511801309136,0.15830406111117964,0.09406392694063928,0.18307334803282027,0.08899241168919836,0.6195128679442231,0.09474964544991182,0.0391304347826087,0.19486283643892338,0.07286786671644127,0.6714631849681648,0.0709660449042441,0.040229885057471264,0.16918679697584363,0.9946666666666666,0.7,4
0.7717658022123979,0.2942596603620171,0.4134072438007848,0.8601366193732296,0.633000545156906,0.5537777777777777,0.25364455938524316,0.14272913937156662,0.7593482982265907,0.19150165530483357,0.15833333333333333,0.12634850704038914,0.04240664662607731,0.5792285185683085,0.04437563472827276,0.02839506172839506,0.10323023802076625,0.1605071148309101,0.6814917162963671,0.1779389701104209,0.06885245901639346,0.17437406083153756,1.0,0.7,5
0.8264199074589194,0.32416457163222834,0.4264984401667254,0.8817344041556652,0.6578833074667929,0.5493333333333333,0.27516809346331444,0.1332078391088304,0.7867578209921842,0.16188535852414349,0.13238095238095238,0.1161717559169264,0.08760126246422172,0.6418378228950569,0.08136768825946321,0.042105263157894736,0.09676514146328388,0.14192000377626876,0.6574646822884885,0.16209445153309948,0.08333333333333334,0.21527719623230493,0.9973333333333335,0.7,6
0.8383664507019332,0.2970890222221574,0.39316780271052476,0.8813471837101658,0.577801155356415,0.49866666666666665,0.2586576077712891,0.12227961009761616,0.78065749369117,0.16395585844918512,0.1324074074074074,0.1348043739235261,0.05726055794639475,0.6232849521868193,0.05793143064088828,0.03833333333333334,0.07307694361559493,0.11546570019804715,0.6991970037916588,0.11813182636237725,0.07683615819209039,0.16764351792783103,1.0,0.7,7
0.8192138566197652,0.28181116450612015,0.386675926376723,0.8725144331197426,0.5933239227484051,0.4924444444444445,0.27430143604496054,0.09737792499245541,0.7552761895146494,0.1169499630488055,0.0925925925925926,0.10366681045092745,0.041976133204186625,0.6034415969404445,0.03330274293861703,0.022764227642276424,0.13089430894308943,0.07982070706931021,0.6430230258650372,0.10337972228161597,0.0553191489361702,0.14042346542346543,0.9893333333333334,0.7,8
0.8141297688064781,0.3133246931374157,0.4473656549408518,0.8920431439600776,0.6660911066040586,0.5484444444444446,0.3078534605067116,0.14885853205232064,0.7828115814136428,0.20009983230009867,0.14952380952380953,0.12835099437904904,0.10029887840640486,0.6934594570168416,0.11531684366686777,0.048484848484848485,0.1665862661786575,0.10146032152026718,0.689149962538413,0.12142116996459995,0.08666666666666668,0.11910827120782225,0.9955555555555554,0.7,9
0.8142254108247029,0.26819014279864095,0.38523597449181846,0.8752959589673073,0.5660118537912997,0.4746666666666667,0.28457184012928316,0.11648804594482688,0.7656880267074282,0.14243419966625565,0.10666666666666667,0.13645480171729663,0.0862220677384506,0.6614844815140383,0.10151576504875974,0.04552845528455285,0.14242769425696256,0.10185037250860618,0.670859597484665,0.12461707747642961,0.06143790849673204,0.17366948990734618,0.9911111111111113,0.8,0
0.8464962013175156,0.3251379132136965,0.4213148821234242,0.8830041651537135,0.6494232938101699,0.5448888888888889,0.2669790211203473,0.12302409572627762,0.7835827253787515,0.14893225084787995,0.1323943661971831,0.13360674210932139,0.06713611282869225,0.6265191480519241,0.0762516209403496,0.03739837398373984,0.1821943852752582,0.10363255907946473,0.6839697816574052,0.11529302101088919,0.055345911949685536,0.15148380093653666,0.9964444444444445,0.8,1
0.8400540069322772,0.3815811126764368,0.44994904400953073,0.8721969078756321,0.6818899795091456,0.6071111111111112,0.2398579892106062,0.13486195959193673,0.7581663989261365,0.19127616976253625,0.15405405405405403,0.11184885610407498,0.10063410195306143,0.679265288239444,0.11216191921196006,0.05306122448979592,0.20130535897342622,0.1123428892587265,0.64021341446486,0.14293002747513656,0.08160919540229884,0.14263594508331495,0.9991111111111112,0.8,2
0.8280954014933327,0.27531151388823,0.39550690466816574,0.8736129440991378,0.6017828463301211,0.47288888888888875,0.28471320267259825,0.1005989782602547,0.7748088248646109,0.12017281680048486,0.09619047619047617,0.12056413975790084,0.06513560897289587,0.5924352018655409,0.07079669238815633,0.027777777777777776,0.10663930976430976,0.10119855010562959,0.7066124663303154,0.11989293737687284,0.06666666666666667,0.17736286559511144,0.993777777777778,0.8,3
0.835967395435661,0.3159298100724871,0.41994636110256695,0.8793115716133968,0.6479588370612424,0.5404444444444444,0.2988591391305198,0.12159712816494644,0.7533039333989566,0.16003289465465312,0.08858447488584476,0.17363643616734575,0.08399555671683596,0.6141978895742461,0.08772202776126455,0.036231884057971016,0.18218167701863355,0.07003317017914638,0.6662131549223389,0.0664187726137084,0.03908045977011495,0.15685442149691642,0.9928888888888889,0.8,4
0.7682118997908071,0.2942406613203493,0.4111296960956205,0.8594286657793212,0.6276390408684176,0.5511111111111111,0.252093779243026,0.1421731454593257,0.757475249205988,0.19137862700474606,0.15740740740740738,0.11943539893805585,0.04246737194253552,0.5795514021065586,0.045159619992801894,0.025925925925925925,0.09088455900842057,0.13641649125044697,0.678425072118484,0.15902316127259097,0.07213114754098363,0.17158810968493066,1.0,0.8,5
0.8262483689645039,0.3264416224497958,0.42706883803562223,0.8819941837130707,0.6604802375572904,0.5546666666666666,0.277785895363997,0.13205955766248137,0.7869382564566326,0.17076008623919353,0.13047619047619047,0.11017293893736181,0.08878552989313435,0.6418232659584248,0.0858631636441475,0.04385964912280702,0.09749613561533066,0.14127436809313673,0.6574401736925398,0.16211657537465626,0.08214285714285714,0.21702351976171666,0.9973333333333333,0.8,6
0.8380080714095209,0.29941330855557474,0.3933247812985978,0.8812940623782488,0.5755047504740183,0.4995555555555556,0.25954003635124284,0.12336033428912924,0.7804705881094909,0.1728146831573457,0.1333333333333333,0.1321275622166801,0.057912118004368164,0.6218617948454067,0.06184105743971162,0.03833333333333333,0.07270999285801917,0.12235874287408956,0.6991133513892966,0.11797146606523502,0.06892655367231638,0.16098525970361852,1.0,0.8,7
0.8166301820359471,0.2808009479635841,0.3845871612285899,0.8712995300431341,0.5928785826751192,0.4924444444444445,0.27405713519164554,0.09509441644105326,0.7527258365125253,0.11618502733179091,0.08611111111111111,0.09924467692733233,0.04064831472926616,0.5997827755360402,0.03183484373387233,0.01951219512195122,0.08687572590011614,0.07884797120608934,0.6408938270057529,0.10250601560594988,0.05390070921985815,0.13991687981049683,0.9937777777777778,0.8,8
0.8120717629697309,0.3101992571190378,0.44398624680485077,0.8912393282969441,0.6572201179667121,0.5573333333333333,0.31561015036298345,0.1473852728153135,0.78018134991394,0.2041173838220529,0.15714285714285714,0.12488500888304759,0.0968566645274077,0.6918890638429018,0.11286484532977491,0.04393939393939394,0.1536663057043492,0.1005870185698603,0.6888524985483886,0.12121051274677024,0.08933333333333335,0.12440482293196017,0.9982222222222221,0.8,9
0.8118403662905964,0.26453816573486644,0.3808929440815617,0.8727381018757624,0.5585063440600212,0.4755555555555556,0.2896261996098557,0.10810250888038307,0.7622041316587678,0.13232045300527787,0.1019047619047619,0.135795745991013,0.0781069428377557,0.6549788431552908,0.0899827666770596,0.04552845528455285,0.14242769425696256,0.10323604574580106,0.6649760737155602,0.12074812489126172,0.05620915032679739,0.15952502870406146,0.9946666666666666,0.9,0
0.8448192248200269,0.32300429580928774,0.4195691067412458,0.8819104817781855,0.6487878706760944,0.5431111111111111,0.266567260331939,0.12174061811461336,0.7813257814494312,0.15485556972850187,0.12769953051643193,0.11832508754940853,0.06680083386869275,0.6246462757305462,0.08594464014808785,0.03414634146341463,0.17846809801238553,0.0892154624862078,0.6824608820401705,0.1012688092400758,0.05408805031446541,0.14938736487783646,0.9982222222222223,0.9,1
0.8380006314450756,0.37742856457453733,0.44759630350285934,0.8709484179389472,0.680544748464935,0.6106666666666667,0.24194768277891499,0.12912569608731164,0.7561954475571654,0.18213386679952248,0.14504504504504506,0.10204346884375282,0.0828549148927027,0.6767781973717863,0.09774405908897268,0.05170068027210885,0.20629812531073033,0.0996147832248566,0.6381250266322861,0.13157692795497042,0.07701149425287357,0.13761969906090477,1.0,0.9,2
0.8261883349517652,0.27365764056552777,0.3929494608108958,0.8721816627396017,0.6041308028336124,0.47911111111111115,0.28865126715314465,0.10452286144453186,0.7716550854739376,0.12736868300065987,0.09523809523809523,0.12480870353061264,0.05507172250479151,0.5906750899507903,0.06049339722046712,0.02638888888888889,0.10887145262145263,0.10197700561179537,0.7025312765549175,0.11771163164509865,0.06666666666666668,0.17713598243553597,0.9937777777777778,0.9,3
0.8317722328524345,0.3083142586217996,0.4113265935580458,0.8759846931222345,0.6432781718710966,0.536,0.29222258337174767,0.11422791584084338,0.7487834575869694,0.13435385080871154,0.07853881278538814,0.14723971347025783,0.07880032943247468,0.6102096373889865,0.08147680197810071,0.03333333333333333,0.16913819875776398,0.06916841674605545,0.660531415662196,0.06403184321292983,0.03333333333333334,0.11719079742659863,0.9884444444444443,0.9,4
0.7647242204468767,0.2930995246600126,0.4089735711756057,0.8582592989300959,0.6251754439173174,0.5528888888888889,0.2573044631275057,0.13533581006373538,0.7552256439500519,0.1868229351256207,0.16018518518518518,0.12869205000195671,0.04223395381223859,0.5800020088585182,0.03833150109290183,0.022222222222222223,0.08462859578524425,0.12469753808397253,0.675751020769243,0.135591234377818,0.07103825136612023,0.18821571823698685,1.0,0.9,5
0.8255056680552579,0.32649673553590314,0.4235383734026828,0.8815400048436135,0.6571679694914605,0.5573333333333333,0.27707601807104665,0.12650210152388272,0.7858148163834496,0.16563478719679545,0.1333333333333333,0.11136511306775249,0.06956290341224369,0.6419321876110072,0.0670803043559449,0.042105263157894736,0.08433824087848855,0.13490581021004838,0.6559883761232557,0.15945224981321918,0.08214285714285714,0.22052693801923326,0.9982222222222223,0.9,6
0.8372060064077582,0.30050880991570367,0.3904433216827264,0.8807226092118672,0.5736677555584248,0.4968888888888889,0.256370335088641,0.12184584076736805,0.779546003526407,0.17681779363067965,0.12962962962962962,0.13006568974870847,0.05619486483259321,0.6201997153516419,0.05896952657553276,0.04,0.07310061785801916,0.11905639438199223,0.6990839114004661,0.11674226365026932,0.0655367231638418,0.16981404471441855,1.0,0.9,7
0.8137400812352462,0.27723610105104046,0.38227923937839914,0.8697001214513265,0.5917957375159927,0.4951111111111112,0.27692991565829334,0.09584097615622847,0.7499180501479173,0.11761777355190867,0.08148148148148149,0.09954670240001318,0.037675974734954876,0.5956073851994886,0.027809708210581652,0.01951219512195122,0.07603561749903212,0.06733406202671326,0.6382125837458181,0.07641069313372467,0.05390070921985815,0.14250445771722367,0.9973333333333335,0.9,8
0.8095488385626214,0.30507967511762624,0.4423363155037723,0.8898111995841643,0.6584998835694542,0.5573333333333333,0.31454562039522765,0.13157237158528248,0.7773027643657674,0.1853702720120635,0.14666666666666667,0.10177672930930345,0.10875462142375349,0.6910081451690927,0.11937688756898433,0.04393939393939394,0.15329241402610969,0.09608277021435567,0.686987830989778,0.1161135802911856,0.08666666666666666,0.11801593404307129,1.0,0.9,9
0.808711320790324,0.25797291267429656,0.3737752900817934,0.8696397585103868,0.5600971049636666,0.47199999999999986,0.2909889501949112,0.09506149776955766,0.7575603300632986,0.11942866272784831,0.09142857142857141,0.12713155561117412,0.062204747469342854,0.6488534314707868,0.06874131532146359,0.04065040650406504,0.12616753165533656,0.08326423064645845,0.6592368693504227,0.10156907510338577,0.05620915032679739,0.15952502870406146,0.9857777777777779,1.0,0
0.8425981102435907,0.31727275146187406,0.41663401755097135,0.8801977336054654,0.6520390278213037,0.5439999999999999,0.26676626530706343,0.1257714397806746,0.7780738362201832,0.1505078403443436,0.11173708920187794,0.12097719214466451,0.06494157854490935,0.6225063181037305,0.07780224721879075,0.032520325203252036,0.16627297606116603,0.07888220214443717,0.6796299235752254,0.07979614050689966,0.05031446540880503,0.136522870881267,0.9973333333333333,1.0,1
0.8355118636198426,0.3701180331185033,0.4431818282658178,0.8692879207072999,0.6820888579755376,0.6106666666666666,0.24151067060554715,0.11936941000170893,0.7540853339609896,0.1552145856352257,0.14234234234234233,0.10154082853780465,0.07930926563666098,0.6746438391816308,0.10017323184228481,0.054421768707483,0.20495187252390135,0.09285742329718093,0.6356612885352027,0.12102175269734783,0.07126436781609194,0.13164216086921626,0.9991111111111112,1.0,2
0.8237791322716,0.2694961714346024,0.3880247590729564,0.87020089302538,0.5935057156764045,0.4773333333333333,0.29036827345814337,0.10863115414295493,0.7676423171796518,0.1386500728082033,0.09523809523809523,0.12718205514683756,0.052990208725419714,0.5895343710958119,0.0590787502049304,0.024999999999999998,0.10589526214526214,0.10132763420969464,0.6987576239123622,0.10720515422617259,0.06666666666666667,0.1736710113335786,0.9946666666666668,1.0,3
0.8267685863637431,0.29708002532800803,0.3998929538652683,0.8717658889609123,0.6416524447113631,0.5262222222222223,0.284530582069736,0.1066990201617454,0.7433453349640853,0.1104036120309344,0.07762557077625572,0.1377905396981524,0.07506323456686058,0.6048723620131902,0.06852024696403737,0.0318840579710145,0.14739906832298136,0.0627149407799533,0.6543390462791902,0.053094771004710745,0.034482758620689655,0.11285893929149507,0.9813333333333333,1.0,4
0.761126294783949,0.2902406149409133,0.4052611846167645,0.8563625505924409,0.6229614982359685,0.5448888888888888,0.25127426322172824,0.12430892716110538,0.7517878249832493,0.16975133306653512,0.1416666666666667,0.11060039362812202,0.04192337440879624,0.5803760522193578,0.031636932691842375,0.020987654320987655,0.07768415134079978,0.11132466711032038,0.6724092733525403,0.13001199001337263,0.06229508196721311,0.14864521159801347,1.0,1.0,5
0.824186372305227,0.3243744464728987,0.41931863490370563,0.8804240867454431,0.6523396251326616,0.5537777777777777,0.2725934370226646,0.12116239747316655,0.7837674072680338,0.1508329846462721,0.13142857142857142,0.1083065362272983,0.06305091008052359,0.6423701952199865,0.0629168800220188,0.03859649122807017,0.08248702192200645,0.12758213783758715,0.6548960624055116,0.1500866420868632,0.08452380952380953,0.21646145560802546,0.9964444444444445,1.0,6
0.8359814166505077,0.29984149298172746,0.38786730782068735,0.8796920092192229,0.5771533618668133,0.496888888888889,0.2578197898439077,0.12422068058395633,0.777748844005121,0.17191029843456196,0.12870370370370368,0.12876208798257738,0.05551342230261409,0.6186053270583164,0.058912245086086765,0.04666666666666667,0.07466311785801917,0.11426691454362783,0.6967439176332098,0.10413670680397634,0.0655367231638418,0.16359935544888182,1.0,1.0,7
0.8104040343445693,0.2710436801130869,0.3780579690100461,0.8675466567201655,0.5936834555532928,0.4897777777777778,0.2727249312219662,0.08108294466857188,0.7465874168358761,0.09660145471134712,0.07685185185185185,0.10390838416139513,0.036362398887988694,0.5922306717366594,0.022488620503540988,0.017886178861788615,0.05164537359659311,0.062018007547034966,0.6345079558566739,0.0722762357047043,0.04822695035460993,0.11279360119785653,0.9964444444444445,1.0,8
0.8065435238375774,0.29744067729857104,0.43759940339169723,0.8876851086736983,0.6560641047333763,0.5519999999999999,0.3122551996500212,0.1196316473785314,0.7727856619853873,0.16169174245404838,0.1419047619047619,0.10260223183617548,0.09437149253336811,0.6895493778796866,0.10900465818121642,0.0409090909090909,0.1527403197240154,0.08702408105181096,0.6839230741609671,0.09026212948715917,0.08533333333333333,0.11671807644377086,1.0,1.0,9
