ingredient_id,effect_meddra_id,rxnorm_id,rxnorm_name,drug_index,meddra_id,meddra_name,side_index,drug_name_benchmark,side_effect_benchmark,mapping_rule,known_in_sider_matrix
35302,10000496,35302,sirolimus,327,10000496,Acne,11,sirolimus,acne,exact normalized RxNorm ingredient and exact normalized MedDRA PT,True
35302,10037844,35302,sirolimus,327,10037844,Rash,778,sirolimus,rash,exact normalized RxNorm ingredient and exact normalized MedDRA PT,True
140587,10037844,140587,celecoxib,95,10037844,Rash,778,celecoxib,rash,exact normalized RxNorm ingredient and exact normalized MedDRA PT,False
5487,10037844,5487,hydrochlorothiazide,195,10037844,Rash,778,hydrochlorothiazide,rash,exact normalized RxNorm ingredient and exact normalized MedDRA PT,True
194000,10037844,194000,capecitabine,487,10037844,Rash,778,capecitabine,rash,exact normalized RxNorm ingredient and exact normalized MedDRA PT,True
6375,10037844,6375,levodopa,527,10037844,Rash,778,levodopa,rash,exact normalized RxNorm ingredient and exact normalized MedDRA PT,False
73689,10037844,73689,febuxostat,559,10037844,Rash,778,febuxostat,rash,exact normalized RxNorm ingredient and exact normalized MedDRA PT,True
114477,10037844,114477,levetiracetam,462,10037844,Rash,778,levetiracetam,rash,exact normalized RxNorm ingredient and exact normalized MedDRA PT,False
89013,10037844,89013,aripiprazole,475,10037844,Rash,778,aripiprazole,rash,exact normalized RxNorm ingredient and exact normalized MedDRA PT,True
39998,10037844,39998,zonisamide,402,10037844,Rash,778,zonisamide,rash,exact normalized RxNorm ingredient and exact normalized MedDRA PT,True
17767,10037844,17767,amlodipine,45,10037844,Rash,778,amlodipine,rash,exact normalized RxNorm ingredient and exact normalized MedDRA PT,False
300195,10037844,300195,tenofovir disoproxil,538,10037844,Rash,778,tenofovir disoproxil,rash,exact normalized RxNorm ingredient and exact normalized MedDRA PT,True
276237,10037844,276237,emtricitabine,485,10037844,Rash,778,emtricitabine,rash,exact normalized RxNorm ingredient and exact normalized MedDRA PT,True
190521,10037844,190521,abacavir,28,10037844,Rash,778,abacavir,rash,exact normalized RxNorm ingredient and exact normalized MedDRA PT,True
337525,10037844,337525,erlotinib,585,10037844,Rash,778,erlotinib,rash,exact normalized RxNorm ingredient and exact normalized MedDRA PT,True
6809,10037844,6809,metformin,244,10037844,Rash,778,metformin,rash,exact normalized RxNorm ingredient and exact normalized MedDRA PT,True
68244,10037844,68244,lamivudine,220,10037844,Rash,778,lamivudine,rash,exact normalized RxNorm ingredient and exact normalized MedDRA PT,True
22299,10037844,22299,daptomycin,700,10037844,Rash,778,daptomycin,rash,exact normalized RxNorm ingredient and exact normalized MedDRA PT,True
519,10037844,519,allopurinol,37,10037844,Rash,778,allopurinol,rash,exact normalized RxNorm ingredient and exact normalized MedDRA PT,True
140587,10028813,140587,celecoxib,95,10028813,Nausea,621,celecoxib,nausea,exact normalized RxNorm ingredient and exact normalized MedDRA PT,True
5487,10028813,5487,hydrochlorothiazide,195,10028813,Nausea,621,hydrochlorothiazide,nausea,exact normalized RxNorm ingredient and exact normalized MedDRA PT,False
194000,10028813,194000,capecitabine,487,10028813,Nausea,621,capecitabine,nausea,exact normalized RxNorm ingredient and exact normalized MedDRA PT,True
6375,10028813,6375,levodopa,527,10028813,Nausea,621,levodopa,nausea,exact normalized RxNorm ingredient and exact normalized MedDRA PT,True
89013,10028813,89013,aripiprazole,475,10028813,Nausea,621,aripiprazole,nausea,exact normalized RxNorm ingredient and exact normalized MedDRA PT,True
39998,10028813,39998,zonisamide,402,10028813,Nausea,621,zonisamide,nausea,exact normalized RxNorm ingredient and exact normalized MedDRA PT,True
25255,10028813,25255,formoterol,175,10028813,Nausea,621,formoterol,nausea,exact normalized RxNorm ingredient and exact normalized MedDRA PT,False
134748,10028813,134748,rasagiline,542,10028813,Nausea,621,rasagiline,nausea,exact normalized RxNorm ingredient and exact normalized MedDRA PT,True
190521,10028813,190521,abacavir,28,10028813,Nausea,621,abacavir,nausea,exact normalized RxNorm ingredient and exact normalized MedDRA PT,True
4337,10028813,4337,fentanyl,160,10028813,Nausea,621,fentanyl,nausea,exact normalized RxNorm ingredient and exact normalized MedDRA PT,True
6809,10028813,6809,metformin,244,10028813,Nausea,621,metformin,nausea,exact normalized RxNorm ingredient and exact normalized MedDRA PT,True
68244,10028813,68244,lamivudine,220,10028813,Nausea,621,lamivudine,nausea,exact normalized RxNorm ingredient and exact normalized MedDRA PT,True
60307,10028813,60307,entacapone,625,10028813,Nausea,621,entacapone,nausea,exact normalized RxNorm ingredient and exact normalized MedDRA PT,True
5487,10003239,5487,hydrochlorothiazide,195,10003239,Arthralgia,74,hydrochlorothiazide,arthralgia,exact normalized RxNorm ingredient and exact normalized MedDRA PT,False
194000,10003239,194000,capecitabine,487,10003239,Arthralgia,74,capecitabine,arthralgia,exact normalized RxNorm ingredient and exact normalized MedDRA PT,True
73689,10003239,73689,febuxostat,559,10003239,Arthralgia,74,febuxostat,arthralgia,exact normalized RxNorm ingredient and exact normalized MedDRA PT,True
89013,10003239,89013,aripiprazole,475,10003239,Arthralgia,74,aripiprazole,arthralgia,exact normalized RxNorm ingredient and exact normalized MedDRA PT,True
134748,10003239,134748,rasagiline,542,10003239,Arthralgia,74,rasagiline,arthralgia,exact normalized RxNorm ingredient and exact normalized MedDRA PT,True
17767,10003239,17767,amlodipine,45,10003239,Arthralgia,74,amlodipine,arthralgia,exact normalized RxNorm ingredient and exact normalized MedDRA PT,False
73494,10003239,73494,telmisartan,498,10003239,Arthralgia,74,telmisartan,arthralgia,exact normalized RxNorm ingredient and exact normalized MedDRA PT,True
68244,10003239,68244,lamivudine,220,10003239,Arthralgia,74,lamivudine,arthralgia,exact normalized RxNorm ingredient and exact normalized MedDRA PT,True
5487,10033645,5487,hydrochlorothiazide,195,10033645,Pancreatitis,689,hydrochlorothiazide,pancreatitis,exact normalized RxNorm ingredient and exact normalized MedDRA PT,False
68244,10033645,68244,lamivudine,220,10033645,Pancreatitis,689,lamivudine,pancreatitis,exact normalized RxNorm ingredient and exact normalized MedDRA PT,True
5487,10001507,5487,hydrochlorothiazide,195,10001507,Agranulocytosis,22,hydrochlorothiazide,agranulocytosis,exact normalized RxNorm ingredient and exact normalized MedDRA PT,False
5487,10015218,5487,hydrochlorothiazide,195,10015218,Erythema multiforme,307,hydrochlorothiazide,erythema multiforme,exact normalized RxNorm ingredient and exact normalized MedDRA PT,False
5487,10020751,5487,hydrochlorothiazide,195,10020751,Hypersensitivity,443,hydrochlorothiazide,hypersensitivity,exact normalized RxNorm ingredient and exact normalized MedDRA PT,False
114477,10020751,114477,levetiracetam,462,10020751,Hypersensitivity,443,levetiracetam,hypersensitivity,exact normalized RxNorm ingredient and exact normalized MedDRA PT,False
25255,10020751,25255,formoterol,175,10020751,Hypersensitivity,443,formoterol,hypersensitivity,exact normalized RxNorm ingredient and exact normalized MedDRA PT,False
17767,10020751,17767,amlodipine,45,10020751,Hypersensitivity,443,amlodipine,hypersensitivity,exact normalized RxNorm ingredient and exact normalized MedDRA PT,False
41126,10020751,41126,fluticasone,490,10020751,Hypersensitivity,443,fluticasone,hypersensitivity,exact normalized RxNorm ingredient and exact normalized MedDRA PT,False
73494,10020751,73494,telmisartan,498,10020751,Hypersensitivity,443,telmisartan,hypersensitivity,exact normalized RxNorm ingredient and exact normalized MedDRA PT,True
19831,10020751,19831,budesonide,73,10020751,Hypersensitivity,443,budesonide,hypersensitivity,exact normalized RxNorm ingredient and exact normalized MedDRA PT,False
6809,10020751,6809,metformin,244,10020751,Hypersensitivity,443,metformin,hypersensitivity,exact normalized RxNorm ingredient and exact normalized MedDRA PT,False
33738,10020751,33738,pioglitazone,310,10020751,Hypersensitivity,443,pioglitazone,hypersensitivity,exact normalized RxNorm ingredient and exact normalized MedDRA PT,False
519,10020751,519,allopurinol,37,10020751,Hypersensitivity,443,allopurinol,hypersensitivity,exact normalized RxNorm ingredient and exact normalized MedDRA PT,False
10379,10020751,10379,testosterone,361,10020751,Hypersensitivity,443,testosterone,hypersensitivity,exact normalized RxNorm ingredient and exact normalized MedDRA PT,False
5487,10015150,5487,hydrochlorothiazide,195,10015150,Erythema,306,hydrochlorothiazide,erythema,exact normalized RxNorm ingredient and exact normalized MedDRA PT,False
194000,10015150,194000,capecitabine,487,10015150,Erythema,306,capecitabine,erythema,exact normalized RxNorm ingredient and exact normalized MedDRA PT,True
5487,10011224,5487,hydrochlorothiazide,195,10011224,Cough,215,hydrochlorothiazide,cough,exact normalized RxNorm ingredient and exact normalized MedDRA PT,True
194000,10011224,194000,capecitabine,487,10011224,Cough,215,capecitabine,cough,exact normalized RxNorm ingredient and exact normalized MedDRA PT,True
114477,10011224,114477,levetiracetam,462,10011224,Cough,215,levetiracetam,cough,exact normalized RxNorm ingredient and exact normalized MedDRA PT,True
17767,10011224,17767,amlodipine,45,10011224,Cough,215,amlodipine,cough,exact normalized RxNorm ingredient and exact normalized MedDRA PT,False
73494,10011224,73494,telmisartan,498,10011224,Cough,215,telmisartan,cough,exact normalized RxNorm ingredient and exact normalized MedDRA PT,True
19831,10011224,19831,budesonide,73,10011224,Cough,215,budesonide,cough,exact normalized RxNorm ingredient and exact normalized MedDRA PT,True
4337,10011224,4337,fentanyl,160,10011224,Cough,215,fentanyl,cough,exact normalized RxNorm ingredient and exact normalized MedDRA PT,True
5487,10012601,5487,hydrochlorothiazide,195,10012601,Diabetes mellitus,242,hydrochlorothiazide,diabetes mellitus,exact normalized RxNorm ingredient and exact normalized MedDRA PT,False
5487,10047115,5487,hydrochlorothiazide,195,10047115,Vasculitis,962,hydrochlorothiazide,vasculitis,exact normalized RxNorm ingredient and exact normalized MedDRA PT,False
17767,10047115,17767,amlodipine,45,10047115,Vasculitis,962,amlodipine,vasculitis,exact normalized RxNorm ingredient and exact normalized MedDRA PT,False
5487,10043071,5487,hydrochlorothiazide,195,10043071,Tachycardia,885,hydrochlorothiazide,tachycardia,exact normalized RxNorm ingredient and exact normalized MedDRA PT,False
89013,10043071,89013,aripiprazole,475,10043071,Tachycardia,885,aripiprazole,tachycardia,exact normalized RxNorm ingredient and exact normalized MedDRA PT,True
73494,10043071,73494,telmisartan,498,10043071,Tachycardia,885,telmisartan,tachycardia,exact normalized RxNorm ingredient and exact normalized MedDRA PT,True
5487,10010774,5487,hydrochlorothiazide,195,10010774,Constipation,207,hydrochlorothiazide,constipation,exact normalized RxNorm ingredient and exact normalized MedDRA PT,False
194000,10010774,194000,capecitabine,487,10010774,Constipation,207,capecitabine,constipation,exact normalized RxNorm ingredient and exact normalized MedDRA PT,True
89013,10010774,89013,aripiprazole,475,10010774,Constipation,207,aripiprazole,constipation,exact normalized RxNorm ingredient and exact normalized MedDRA PT,True
39998,10010774,39998,zonisamide,402,10010774,Constipation,207,zonisamide,constipation,exact normalized RxNorm ingredient and exact normalized MedDRA PT,True
134748,10010774,134748,rasagiline,542,10010774,Constipation,207,rasagiline,constipation,exact normalized RxNorm ingredient and exact normalized MedDRA PT,True
6809,10010774,6809,metformin,244,10010774,Constipation,207,metformin,constipation,exact normalized RxNorm ingredient and exact normalized MedDRA PT,True
6719,10010774,6719,memantine,241,10010774,Constipation,207,memantine,constipation,exact normalized RxNorm ingredient and exact normalized MedDRA PT,True
5487,10042772,5487,hydrochlorothiazide,195,10042772,Syncope,883,hydrochlorothiazide,syncope,exact normalized RxNorm ingredient and exact normalized MedDRA PT,False
6375,10042772,6375,levodopa,527,10042772,Syncope,883,levodopa,syncope,exact normalized RxNorm ingredient and exact normalized MedDRA PT,False
89013,10042772,89013,aripiprazole,475,10042772,Syncope,883,aripiprazole,syncope,exact normalized RxNorm ingredient and exact normalized MedDRA PT,False
17767,10042772,17767,amlodipine,45,10042772,Syncope,883,amlodipine,syncope,exact normalized RxNorm ingredient and exact normalized MedDRA PT,False
5487,10002424,5487,hydrochlorothiazide,195,10002424,Angioedema,44,hydrochlorothiazide,angioedema,exact normalized RxNorm ingredient and exact normalized MedDRA PT,False
17767,10002424,17767,amlodipine,45,10002424,Angioedema,44,amlodipine,angioedema,exact normalized RxNorm ingredient and exact normalized MedDRA PT,False
73494,10002424,73494,telmisartan,498,10002424,Angioedema,44,telmisartan,angioedema,exact normalized RxNorm ingredient and exact normalized MedDRA PT,True
5487,10061461,5487,hydrochlorothiazide,195,10061461,Erectile dysfunction,304,hydrochlorothiazide,erectile dysfunction,exact normalized RxNorm ingredient and exact normalized MedDRA PT,False
5487,10003988,5487,hydrochlorothiazide,195,10003988,Back pain,92,hydrochlorothiazide,back pain,exact normalized RxNorm ingredient and exact normalized MedDRA PT,True
194000,10003988,194000,capecitabine,487,10003988,Back pain,92,capecitabine,back pain,exact normalized RxNorm ingredient and exact normalized MedDRA PT,True
17767,10003988,17767,amlodipine,45,10003988,Back pain,92,amlodipine,back pain,exact normalized RxNorm ingredient and exact normalized MedDRA PT,False
73494,10003988,73494,telmisartan,498,10003988,Back pain,92,telmisartan,back pain,exact normalized RxNorm ingredient and exact normalized MedDRA PT,True
306674,10003988,306674,vardenafil,531,10003988,Back pain,92,vardenafil,back pain,exact normalized RxNorm ingredient and exact normalized MedDRA PT,True
5487,10008479,5487,hydrochlorothiazide,195,10008479,Chest pain,180,hydrochlorothiazide,chest pain,exact normalized RxNorm ingredient and exact normalized MedDRA PT,False
5487,10019211,5487,hydrochlorothiazide,195,10019211,Headache,401,hydrochlorothiazide,headache,exact normalized RxNorm ingredient and exact normalized MedDRA PT,False
358274,10019211,358274,ambrisentan,588,10019211,Headache,401,ambrisentan,headache,exact normalized RxNorm ingredient and exact normalized MedDRA PT,True
194000,10019211,194000,capecitabine,487,10019211,Headache,401,capecitabine,headache,exact normalized RxNorm ingredient and exact normalized MedDRA PT,True
6375,10019211,6375,levodopa,527,10019211,Headache,401,levodopa,headache,exact normalized RxNorm ingredient and exact normalized MedDRA PT,True
89013,10019211,89013,aripiprazole,475,10019211,Headache,401,aripiprazole,headache,exact normalized RxNorm ingredient and exact normalized MedDRA PT,True
134748,10019211,134748,rasagiline,542,10019211,Headache,401,rasagiline,headache,exact normalized RxNorm ingredient and exact normalized MedDRA PT,False
17767,10019211,17767,amlodipine,45,10019211,Headache,401,amlodipine,headache,exact normalized RxNorm ingredient and exact normalized MedDRA PT,False
41126,10019211,41126,fluticasone,490,10019211,Headache,401,fluticasone,headache,exact normalized RxNorm ingredient and exact normalized MedDRA PT,True
190521,10019211,190521,abacavir,28,10019211,Headache,401,abacavir,headache,exact normalized RxNorm ingredient and exact normalized MedDRA PT,True
73494,10019211,73494,telmisartan,498,10019211,Headache,401,telmisartan,headache,exact normalized RxNorm ingredient and exact normalized MedDRA PT,True
4337,10019211,4337,fentanyl,160,10019211,Headache,401,fentanyl,headache,exact normalized RxNorm ingredient and exact normalized MedDRA PT,True
6809,10019211,6809,metformin,244,10019211,Headache,401,metformin,headache,exact normalized RxNorm ingredient and exact normalized MedDRA PT,True
75207,10019211,75207,bosentan,529,10019211,Headache,401,bosentan,headache,exact normalized RxNorm ingredient and exact normalized MedDRA PT,False
68244,10019211,68244,lamivudine,220,10019211,Headache,401,lamivudine,headache,exact normalized RxNorm ingredient and exact normalized MedDRA PT,True
6719,10019211,6719,memantine,241,10019211,Headache,401,memantine,headache,exact normalized RxNorm ingredient and exact normalized MedDRA PT,True
6851,10019211,6851,methotrexate,245,10019211,Headache,401,methotrexate,headache,exact normalized RxNorm ingredient and exact normalized MedDRA PT,False
306674,10019211,306674,vardenafil,531,10019211,Headache,401,vardenafil,headache,exact normalized RxNorm ingredient and exact normalized MedDRA PT,True
5487,10047700,5487,hydrochlorothiazide,195,10047700,Vomiting,978,hydrochlorothiazide,vomiting,exact normalized RxNorm ingredient and exact normalized MedDRA PT,False
194000,10047700,194000,capecitabine,487,10047700,Vomiting,978,capecitabine,vomiting,exact normalized RxNorm ingredient and exact normalized MedDRA PT,True
6375,10047700,6375,levodopa,527,10047700,Vomiting,978,levodopa,vomiting,exact normalized RxNorm ingredient and exact normalized MedDRA PT,True
89013,10047700,89013,aripiprazole,475,10047700,Vomiting,978,aripiprazole,vomiting,exact normalized RxNorm ingredient and exact normalized MedDRA PT,True
39998,10047700,39998,zonisamide,402,10047700,Vomiting,978,zonisamide,vomiting,exact normalized RxNorm ingredient and exact normalized MedDRA PT,True
4337,10047700,4337,fentanyl,160,10047700,Vomiting,978,fentanyl,vomiting,exact normalized RxNorm ingredient and exact normalized MedDRA PT,True
6809,10047700,6809,metformin,244,10047700,Vomiting,978,metformin,vomiting,exact normalized RxNorm ingredient and exact normalized MedDRA PT,True
68244,10047700,68244,lamivudine,220,10047700,Vomiting,978,lamivudine,vomiting,exact normalized RxNorm ingredient and exact normalized MedDRA PT,True
6719,10047700,6719,memantine,241,10047700,Vomiting,978,memantine,vomiting,exact normalized RxNorm ingredient and exact normalized MedDRA PT,True
5487,10000081,5487,hydrochlorothiazide,195,10000081,Abdominal pain,2,hydrochlorothiazide,abdominal pain,exact normalized RxNorm ingredient and exact normalized MedDRA PT,True
194000,10000081,194000,capecitabine,487,10000081,Abdominal pain,2,capecitabine,abdominal pain,exact normalized RxNorm ingredient and exact normalized MedDRA PT,True
134748,10000081,134748,rasagiline,542,10000081,Abdominal pain,2,rasagiline,abdominal pain,exact normalized RxNorm ingredient and exact normalized MedDRA PT,True
17767,10000081,17767,amlodipine,45,10000081,Abdominal pain,2,amlodipine,abdominal pain,exact normalized RxNorm ingredient and exact normalized MedDRA PT,True
73494,10000081,73494,telmisartan,498,10000081,Abdominal pain,2,telmisartan,abdominal pain,exact normalized RxNorm ingredient and exact normalized MedDRA PT,True
5487,10021097,5487,hydrochlorothiazide,195,10021097,Hypotension,468,hydrochlorothiazide,hypotension,exact normalized RxNorm ingredient and exact normalized MedDRA PT,False
17767,10021097,17767,amlodipine,45,10021097,Hypotension,468,amlodipine,hypotension,exact normalized RxNorm ingredient and exact normalized MedDRA PT,False
73494,10021097,73494,telmisartan,498,10021097,Hypotension,468,telmisartan,hypotension,exact normalized RxNorm ingredient and exact normalized MedDRA PT,True
4337,10021097,4337,fentanyl,160,10021097,Hypotension,468,fentanyl,hypotension,exact normalized RxNorm ingredient and exact normalized MedDRA PT,True
10600,10021097,10600,timolol,366,10021097,Hypotension,468,timolol,hypotension,exact normalized RxNorm ingredient and exact normalized MedDRA PT,True
5487,10018473,5487,hydrochlorothiazide,195,10018473,Glycosuria,377,hydrochlorothiazide,glycosuria,exact normalized RxNorm ingredient and exact normalized MedDRA PT,False
5487,10028411,5487,hydrochlorothiazide,195,10028411,Myalgia,607,hydrochlorothiazide,myalgia,exact normalized RxNorm ingredient and exact normalized MedDRA PT,False
17767,10028411,17767,amlodipine,45,10028411,Myalgia,607,amlodipine,myalgia,exact normalized RxNorm ingredient and exact normalized MedDRA PT,False
73494,10028411,73494,telmisartan,498,10028411,Myalgia,607,telmisartan,myalgia,exact normalized RxNorm ingredient and exact normalized MedDRA PT,True
6809,10028411,6809,metformin,244,10028411,Myalgia,607,metformin,myalgia,exact normalized RxNorm ingredient and exact normalized MedDRA PT,False
68244,10028411,68244,lamivudine,220,10028411,Myalgia,607,lamivudine,myalgia,exact normalized RxNorm ingredient and exact normalized MedDRA PT,True
5487,10043882,5487,hydrochlorothiazide,195,10043882,Tinnitus,912,hydrochlorothiazide,tinnitus,exact normalized RxNorm ingredient and exact normalized MedDRA PT,False
306674,10043882,306674,vardenafil,531,10043882,Tinnitus,912,vardenafil,tinnitus,exact normalized RxNorm ingredient and exact normalized MedDRA PT,False
5487,10046735,5487,hydrochlorothiazide,195,10046735,Urticaria,950,hydrochlorothiazide,urticaria,exact normalized RxNorm ingredient and exact normalized MedDRA PT,False
5487,10023126,5487,hydrochlorothiazide,195,10023126,Jaundice,519,hydrochlorothiazide,jaundice,exact normalized RxNorm ingredient and exact normalized MedDRA PT,False
73494,10023126,73494,telmisartan,498,10023126,Jaundice,519,telmisartan,jaundice,exact normalized RxNorm ingredient and exact normalized MedDRA PT,False
358274,10016825,358274,ambrisentan,588,10016825,Flushing,345,ambrisentan,flushing,exact normalized RxNorm ingredient and exact normalized MedDRA PT,True
194000,10016825,194000,capecitabine,487,10016825,Flushing,345,capecitabine,flushing,exact normalized RxNorm ingredient and exact normalized MedDRA PT,True
75207,10016825,75207,bosentan,529,10016825,Flushing,345,bosentan,flushing,exact normalized RxNorm ingredient and exact normalized MedDRA PT,True
1815,10006093,1815,bupivacaine,75,10006093,Bradycardia,132,bupivacaine,bradycardia,exact normalized RxNorm ingredient and exact normalized MedDRA PT,True
8787,10006093,8787,propranolol,319,10006093,Bradycardia,132,propranolol,bradycardia,exact normalized RxNorm ingredient and exact normalized MedDRA PT,False
194000,10003549,194000,capecitabine,487,10003549,Asthenia,80,capecitabine,asthenia,exact normalized RxNorm ingredient and exact normalized MedDRA PT,True
6375,10003549,6375,levodopa,527,10003549,Asthenia,80,levodopa,asthenia,exact normalized RxNorm ingredient and exact normalized MedDRA PT,False
114477,10003549,114477,levetiracetam,462,10003549,Asthenia,80,levetiracetam,asthenia,exact normalized RxNorm ingredient and exact normalized MedDRA PT,True
194000,10012378,194000,capecitabine,487,10012378,Depression,234,capecitabine,depression,exact normalized RxNorm ingredient and exact normalized MedDRA PT,True
89013,10012378,89013,aripiprazole,475,10012378,Depression,234,aripiprazole,depression,exact normalized RxNorm ingredient and exact normalized MedDRA PT,False
134748,10012378,134748,rasagiline,542,10012378,Depression,234,rasagiline,depression,exact normalized RxNorm ingredient and exact normalized MedDRA PT,True
194000,10022437,194000,capecitabine,487,10022437,Insomnia,505,capecitabine,insomnia,exact normalized RxNorm ingredient and exact normalized MedDRA PT,True
6375,10022437,6375,levodopa,527,10022437,Insomnia,505,levodopa,insomnia,exact normalized RxNorm ingredient and exact normalized MedDRA PT,True
194000,10037087,194000,capecitabine,487,10037087,Pruritus,758,capecitabine,pruritus,exact normalized RxNorm ingredient and exact normalized MedDRA PT,True
61805,10037087,61805,nitisinone,535,10037087,Pruritus,758,nitisinone,pruritus,exact normalized RxNorm ingredient and exact normalized MedDRA PT,True
4337,10037087,4337,fentanyl,160,10037087,Pruritus,758,fentanyl,pruritus,exact normalized RxNorm ingredient and exact normalized MedDRA PT,True
194000,10015090,194000,capecitabine,487,10015090,Epistaxis,303,capecitabine,epistaxis,exact normalized RxNorm ingredient and exact normalized MedDRA PT,True
41126,10015090,41126,fluticasone,490,10015090,Epistaxis,303,fluticasone,epistaxis,exact normalized RxNorm ingredient and exact normalized MedDRA PT,True
194000,10001760,194000,capecitabine,487,10001760,Alopecia,28,capecitabine,alopecia,exact normalized RxNorm ingredient and exact normalized MedDRA PT,True
6375,10001760,6375,levodopa,527,10001760,Alopecia,28,levodopa,alopecia,exact normalized RxNorm ingredient and exact normalized MedDRA PT,False
114477,10001760,114477,levetiracetam,462,10001760,Alopecia,28,levetiracetam,alopecia,exact normalized RxNorm ingredient and exact normalized MedDRA PT,False
194000,10013946,194000,capecitabine,487,10013946,Dyspepsia,269,capecitabine,dyspepsia,exact normalized RxNorm ingredient and exact normalized MedDRA PT,True
89013,10013946,89013,aripiprazole,475,10013946,Dyspepsia,269,aripiprazole,dyspepsia,exact normalized RxNorm ingredient and exact normalized MedDRA PT,True
17767,10013946,17767,amlodipine,45,10013946,Dyspepsia,269,amlodipine,dyspepsia,exact normalized RxNorm ingredient and exact normalized MedDRA PT,False
194000,10021789,194000,capecitabine,487,10021789,Infection,488,capecitabine,infection,exact normalized RxNorm ingredient and exact normalized MedDRA PT,False
114477,10021789,114477,levetiracetam,462,10021789,Infection,488,levetiracetam,infection,exact normalized RxNorm ingredient and exact normalized MedDRA PT,True
17767,10021789,17767,amlodipine,45,10021789,Infection,488,amlodipine,infection,exact normalized RxNorm ingredient and exact normalized MedDRA PT,False
41126,10021789,41126,fluticasone,490,10021789,Infection,488,fluticasone,infection,exact normalized RxNorm ingredient and exact normalized MedDRA PT,False
73494,10021789,73494,telmisartan,498,10021789,Infection,488,telmisartan,infection,exact normalized RxNorm ingredient and exact normalized MedDRA PT,True
19831,10021789,19831,budesonide,73,10021789,Infection,488,budesonide,infection,exact normalized RxNorm ingredient and exact normalized MedDRA PT,False
337525,10021789,337525,erlotinib,585,10021789,Infection,488,erlotinib,infection,exact normalized RxNorm ingredient and exact normalized MedDRA PT,True
1251,10021789,1251,azacitidine,27,10021789,Infection,488,azacitidine,infection,exact normalized RxNorm ingredient and exact normalized MedDRA PT,False
194000,10042128,194000,capecitabine,487,10042128,Stomatitis,869,capecitabine,stomatitis,exact normalized RxNorm ingredient and exact normalized MedDRA PT,True
194000,10024264,194000,capecitabine,487,10024264,Lethargy,536,capecitabine,lethargy,exact normalized RxNorm ingredient and exact normalized MedDRA PT,True
194000,10016256,194000,capecitabine,487,10016256,Fatigue,332,capecitabine,fatigue,exact normalized RxNorm ingredient and exact normalized MedDRA PT,True
6375,10016256,6375,levodopa,527,10016256,Fatigue,332,levodopa,fatigue,exact normalized RxNorm ingredient and exact normalized MedDRA PT,False
89013,10016256,89013,aripiprazole,475,10016256,Fatigue,332,aripiprazole,fatigue,exact normalized RxNorm ingredient and exact normalized MedDRA PT,True
17767,10016256,17767,amlodipine,45,10016256,Fatigue,332,amlodipine,fatigue,exact normalized RxNorm ingredient and exact normalized MedDRA PT,True
68244,10016256,68244,lamivudine,220,10016256,Fatigue,332,lamivudine,fatigue,exact normalized RxNorm ingredient and exact normalized MedDRA PT,True
60307,10016256,60307,entacapone,625,10016256,Fatigue,332,entacapone,fatigue,exact normalized RxNorm ingredient and exact normalized MedDRA PT,True
275635,10016256,275635,desloratadine,550,10016256,Fatigue,332,desloratadine,fatigue,exact normalized RxNorm ingredient and exact normalized MedDRA PT,True
194000,10029354,194000,capecitabine,487,10029354,Neutropenia,638,capecitabine,neutropenia,exact normalized RxNorm ingredient and exact normalized MedDRA PT,True
194000,10033371,194000,capecitabine,487,10033371,Pain,683,capecitabine,pain,exact normalized RxNorm ingredient and exact normalized MedDRA PT,True
194000,10012431,194000,capecitabine,487,10012431,Dermatitis,236,capecitabine,dermatitis,exact normalized RxNorm ingredient and exact normalized MedDRA PT,True
194000,10013573,194000,capecitabine,487,10013573,Dizziness,252,capecitabine,dizziness,exact normalized RxNorm ingredient and exact normalized MedDRA PT,True
17767,10013573,17767,amlodipine,45,10013573,Dizziness,252,amlodipine,dizziness,exact normalized RxNorm ingredient and exact normalized MedDRA PT,False
73494,10013573,73494,telmisartan,498,10013573,Dizziness,252,telmisartan,dizziness,exact normalized RxNorm ingredient and exact normalized MedDRA PT,True
22299,10013573,22299,daptomycin,700,10013573,Dizziness,252,daptomycin,dizziness,exact normalized RxNorm ingredient and exact normalized MedDRA PT,True
194000,10020937,194000,capecitabine,487,10020937,Hypoaesthesia,452,capecitabine,hypoaesthesia,exact normalized RxNorm ingredient and exact normalized MedDRA PT,True
1100072,10007554,1100072,abiraterone,558,10007554,Cardiac failure,157,abiraterone,cardiac failure,exact normalized RxNorm ingredient and exact normalized MedDRA PT,True
1100072,10061024,1100072,abiraterone,558,10061024,Cardiac disorder,156,abiraterone,cardiac disorder,exact normalized RxNorm ingredient and exact normalized MedDRA PT,False
1100072,10020772,1100072,abiraterone,558,10020772,Hypertension,445,abiraterone,hypertension,exact normalized RxNorm ingredient and exact normalized MedDRA PT,True
134748,10020772,134748,rasagiline,542,10020772,Hypertension,445,rasagiline,hypertension,exact normalized RxNorm ingredient and exact normalized MedDRA PT,False
4337,10020772,4337,fentanyl,160,10020772,Hypertension,445,fentanyl,hypertension,exact normalized RxNorm ingredient and exact normalized MedDRA PT,True
22299,10020772,22299,daptomycin,700,10020772,Hypertension,445,daptomycin,hypertension,exact normalized RxNorm ingredient and exact normalized MedDRA PT,True
1100072,10017076,1100072,abiraterone,558,10017076,Fracture,348,abiraterone,fracture,exact normalized RxNorm ingredient and exact normalized MedDRA PT,True
6375,10041349,6375,levodopa,527,10041349,Somnolence,861,levodopa,somnolence,exact normalized RxNorm ingredient and exact normalized MedDRA PT,False
114477,10041349,114477,levetiracetam,462,10041349,Somnolence,861,levetiracetam,somnolence,exact normalized RxNorm ingredient and exact normalized MedDRA PT,True
89013,10041349,89013,aripiprazole,475,10041349,Somnolence,861,aripiprazole,somnolence,exact normalized RxNorm ingredient and exact normalized MedDRA PT,True
6719,10041349,6719,memantine,241,10041349,Somnolence,861,memantine,somnolence,exact normalized RxNorm ingredient and exact normalized MedDRA PT,True
6375,10001497,6375,levodopa,527,10001497,Agitation,21,levodopa,agitation,exact normalized RxNorm ingredient and exact normalized MedDRA PT,False
89013,10001497,89013,aripiprazole,475,10001497,Agitation,21,aripiprazole,agitation,exact normalized RxNorm ingredient and exact normalized MedDRA PT,True
39998,10001497,39998,zonisamide,402,10001497,Agitation,21,zonisamide,agitation,exact normalized RxNorm ingredient and exact normalized MedDRA PT,True
60307,10001497,60307,entacapone,625,10001497,Agitation,21,entacapone,agitation,exact normalized RxNorm ingredient and exact normalized MedDRA PT,True
6375,10019063,6375,levodopa,527,10019063,Hallucination,399,levodopa,hallucination,exact normalized RxNorm ingredient and exact normalized MedDRA PT,True
134748,10019063,134748,rasagiline,542,10019063,Hallucination,399,rasagiline,hallucination,exact normalized RxNorm ingredient and exact normalized MedDRA PT,True
6719,10019063,6719,memantine,241,10019063,Hallucination,399,memantine,hallucination,exact normalized RxNorm ingredient and exact normalized MedDRA PT,True
6375,10002855,6375,levodopa,527,10002855,Anxiety,53,levodopa,anxiety,exact normalized RxNorm ingredient and exact normalized MedDRA PT,False
89013,10002855,89013,aripiprazole,475,10002855,Anxiety,53,aripiprazole,anxiety,exact normalized RxNorm ingredient and exact normalized MedDRA PT,True
39998,10002855,39998,zonisamide,402,10002855,Anxiety,53,zonisamide,anxiety,exact normalized RxNorm ingredient and exact normalized MedDRA PT,True
73494,10002855,73494,telmisartan,498,10002855,Anxiety,53,telmisartan,anxiety,exact normalized RxNorm ingredient and exact normalized MedDRA PT,True
68244,10002855,68244,lamivudine,220,10002855,Anxiety,53,lamivudine,anxiety,exact normalized RxNorm ingredient and exact normalized MedDRA PT,False
6375,10031127,6375,levodopa,527,10031127,Orthostatic hypotension,673,levodopa,orthostatic hypotension,exact normalized RxNorm ingredient and exact normalized MedDRA PT,True
134748,10031127,134748,rasagiline,542,10031127,Orthostatic hypotension,673,rasagiline,orthostatic hypotension,exact normalized RxNorm ingredient and exact normalized MedDRA PT,True
6375,10009887,6375,levodopa,527,10009887,Colitis,193,levodopa,colitis,exact normalized RxNorm ingredient and exact normalized MedDRA PT,False
60307,10009887,60307,entacapone,625,10009887,Colitis,193,entacapone,colitis,exact normalized RxNorm ingredient and exact normalized MedDRA PT,True
61805,10005148,61805,nitisinone,535,10005148,Blepharitis,104,nitisinone,blepharitis,exact normalized RxNorm ingredient and exact normalized MedDRA PT,True
61805,10015958,61805,nitisinone,535,10015958,Eye pain,323,nitisinone,eye pain,exact normalized RxNorm ingredient and exact normalized MedDRA PT,True
61805,10010741,61805,nitisinone,535,10010741,Conjunctivitis,204,nitisinone,conjunctivitis,exact normalized RxNorm ingredient and exact normalized MedDRA PT,True
134748,10010741,134748,rasagiline,542,10010741,Conjunctivitis,204,rasagiline,conjunctivitis,exact normalized RxNorm ingredient and exact normalized MedDRA PT,True
61805,10043554,61805,nitisinone,535,10043554,Thrombocytopenia,904,nitisinone,thrombocytopenia,exact normalized RxNorm ingredient and exact normalized MedDRA PT,True
114477,10001949,114477,levetiracetam,462,10001949,Amnesia,33,levetiracetam,amnesia,exact normalized RxNorm ingredient and exact normalized MedDRA PT,True
114477,10013036,114477,levetiracetam,462,10013036,Diplopia,245,levetiracetam,diplopia,exact normalized RxNorm ingredient and exact normalized MedDRA PT,True
39998,10013036,39998,zonisamide,402,10013036,Diplopia,245,zonisamide,diplopia,exact normalized RxNorm ingredient and exact normalized MedDRA PT,True
114477,10047340,114477,levetiracetam,462,10047340,Vertigo,970,levetiracetam,vertigo,exact normalized RxNorm ingredient and exact normalized MedDRA PT,True
89013,10026749,89013,aripiprazole,475,10026749,Mania,567,aripiprazole,mania,exact normalized RxNorm ingredient and exact normalized MedDRA PT,False
89013,10013950,89013,aripiprazole,475,10013950,Dysphagia,270,aripiprazole,dysphagia,exact normalized RxNorm ingredient and exact normalized MedDRA PT,False
89013,10013916,89013,aripiprazole,475,10013916,Dyskinesia,266,aripiprazole,dyskinesia,exact normalized RxNorm ingredient and exact normalized MedDRA PT,True
134748,10013916,134748,rasagiline,542,10013916,Dyskinesia,266,rasagiline,dyskinesia,exact normalized RxNorm ingredient and exact normalized MedDRA PT,True
89013,10001540,89013,aripiprazole,475,10001540,Akathisia,23,aripiprazole,akathisia,exact normalized RxNorm ingredient and exact normalized MedDRA PT,True
89013,10044565,89013,aripiprazole,475,10044565,Tremor,930,aripiprazole,tremor,exact normalized RxNorm ingredient and exact normalized MedDRA PT,True
39998,10044565,39998,zonisamide,402,10044565,Tremor,930,zonisamide,tremor,exact normalized RxNorm ingredient and exact normalized MedDRA PT,True
39998,10029864,39998,zonisamide,402,10029864,Nystagmus,650,zonisamide,nystagmus,exact normalized RxNorm ingredient and exact normalized MedDRA PT,True
39998,10003591,39998,zonisamide,402,10003591,Ataxia,83,zonisamide,ataxia,exact normalized RxNorm ingredient and exact normalized MedDRA PT,True
39998,10022998,39998,zonisamide,402,10022998,Irritability,516,zonisamide,irritability,exact normalized RxNorm ingredient and exact normalized MedDRA PT,True
134748,10039083,134748,rasagiline,542,10039083,Rhinitis,808,rasagiline,rhinitis,exact normalized RxNorm ingredient and exact normalized MedDRA PT,True
134748,10025482,134748,rasagiline,542,10025482,Malaise,564,rasagiline,malaise,exact normalized RxNorm ingredient and exact normalized MedDRA PT,True
68244,10025482,68244,lamivudine,220,10025482,Malaise,564,lamivudine,malaise,exact normalized RxNorm ingredient and exact normalized MedDRA PT,True
134748,10000125,134748,rasagiline,542,10000125,Abnormal dreams,6,rasagiline,abnormal dreams,exact normalized RxNorm ingredient and exact normalized MedDRA PT,True
134748,10028836,134748,rasagiline,542,10028836,Neck pain,622,rasagiline,neck pain,exact normalized RxNorm ingredient and exact normalized MedDRA PT,True
134748,10040108,134748,rasagiline,542,10040108,Serotonin syndrome,829,rasagiline,serotonin syndrome,exact normalized RxNorm ingredient and exact normalized MedDRA PT,False
134748,10013781,134748,rasagiline,542,10013781,Dry mouth,258,rasagiline,dry mouth,exact normalized RxNorm ingredient and exact normalized MedDRA PT,True
134748,10003246,134748,rasagiline,542,10003246,Arthritis,75,rasagiline,arthritis,exact normalized RxNorm ingredient and exact normalized MedDRA PT,True
17767,10019717,17767,amlodipine,45,10019717,Hepatitis,409,amlodipine,hepatitis,exact normalized RxNorm ingredient and exact normalized MedDRA PT,False
68244,10019717,68244,lamivudine,220,10019717,Hepatitis,409,lamivudine,hepatitis,exact normalized RxNorm ingredient and exact normalized MedDRA PT,False
60307,10019717,60307,entacapone,625,10019717,Hepatitis,409,entacapone,hepatitis,exact normalized RxNorm ingredient and exact normalized MedDRA PT,True
17767,10033557,17767,amlodipine,45,10033557,Palpitations,688,amlodipine,palpitations,exact normalized RxNorm ingredient and exact normalized MedDRA PT,False
75207,10033557,75207,bosentan,529,10033557,Palpitations,688,bosentan,palpitations,exact normalized RxNorm ingredient and exact normalized MedDRA PT,True
300195,10062237,300195,tenofovir disoproxil,538,10062237,Renal impairment,789,tenofovir disoproxil,renal impairment,exact normalized RxNorm ingredient and exact normalized MedDRA PT,False
276237,10062237,276237,emtricitabine,485,10062237,Renal impairment,789,emtricitabine,renal impairment,exact normalized RxNorm ingredient and exact normalized MedDRA PT,False
73494,10062237,73494,telmisartan,498,10062237,Renal impairment,789,telmisartan,renal impairment,exact normalized RxNorm ingredient and exact normalized MedDRA PT,True
300195,10023676,300195,tenofovir disoproxil,538,10023676,Lactic acidosis,531,tenofovir disoproxil,lactic acidosis,exact normalized RxNorm ingredient and exact normalized MedDRA PT,True
276237,10023676,276237,emtricitabine,485,10023676,Lactic acidosis,531,emtricitabine,lactic acidosis,exact normalized RxNorm ingredient and exact normalized MedDRA PT,False
6809,10023676,6809,metformin,244,10023676,Lactic acidosis,531,metformin,lactic acidosis,exact normalized RxNorm ingredient and exact normalized MedDRA PT,False
68244,10023676,68244,lamivudine,220,10023676,Lactic acidosis,531,lamivudine,lactic acidosis,exact normalized RxNorm ingredient and exact normalized MedDRA PT,True
73494,10046306,73494,telmisartan,498,10046306,Upper respiratory tract infection,937,telmisartan,upper respiratory tract infection,exact normalized RxNorm ingredient and exact normalized MedDRA PT,True
73494,10022000,73494,telmisartan,498,10022000,Influenza,491,telmisartan,influenza,exact normalized RxNorm ingredient and exact normalized MedDRA PT,False
19831,10018304,19831,budesonide,73,10018304,Glaucoma,373,budesonide,glaucoma,exact normalized RxNorm ingredient and exact normalized MedDRA PT,False
19831,10006482,19831,budesonide,73,10006482,Bronchospasm,147,budesonide,bronchospasm,exact normalized RxNorm ingredient and exact normalized MedDRA PT,True
8787,10006482,8787,propranolol,319,10006482,Bronchospasm,147,propranolol,bronchospasm,exact normalized RxNorm ingredient and exact normalized MedDRA PT,False
19831,10007739,19831,budesonide,73,10007739,Cataract,167,budesonide,cataract,exact normalized RxNorm ingredient and exact normalized MedDRA PT,False
337525,10019663,337525,erlotinib,585,10019663,Hepatic failure,405,erlotinib,hepatic failure,exact normalized RxNorm ingredient and exact normalized MedDRA PT,False
337525,10022611,337525,erlotinib,585,10022611,Interstitial lung disease,509,erlotinib,interstitial lung disease,exact normalized RxNorm ingredient and exact normalized MedDRA PT,True
68244,10007636,68244,lamivudine,220,10007636,Cardiomyopathy,164,lamivudine,cardiomyopathy,exact normalized RxNorm ingredient and exact normalized MedDRA PT,False
60307,10028596,60307,entacapone,625,10028596,Myocardial infarction,610,entacapone,myocardial infarction,exact normalized RxNorm ingredient and exact normalized MedDRA PT,True
22299,10039020,22299,daptomycin,700,10039020,Rhabdomyolysis,806,daptomycin,rhabdomyolysis,exact normalized RxNorm ingredient and exact normalized MedDRA PT,False
