group,model,AP_mean,AP_std,nDCG@10_mean,nDCG@10_std,P@15_mean,P@15_std,R@15_mean,R@15_std
frequent,CAFNet,0.4227809469277607,0.2106021719454386,0.5094948175313087,0.2895561759621719,0.46266666666666667,0.2714993778615375,0.29087754626361356,0.17785118137220693
frequent,CAFNet-D full,0.4884787098457451,0.2141597293349653,0.6301154268537157,0.2878634628895027,0.5272,0.28626939695139486,0.3356388330700804,0.18838524814751137
frequent,Gate piecewise low=0 mid=0 high=0.6 temp=1,0.4946335893478173,0.21435841878190978,0.6341146865141847,0.2887750818312453,0.5278222222222222,0.2888921661745113,0.3349952559905345,0.18855845749603453
frequent,Gate piecewise low=0 mid=0 high=0.8 temp=1,0.4949980351188011,0.21508480385696582,0.6331638403136843,0.28879858740065995,0.5299555555555556,0.2868639127108257,0.3380412739261767,0.18837796498581216
frequent,Gate piecewise low=0 mid=0 high=0.9 temp=1,0.49239737286195645,0.21496972949824497,0.6308980405274307,0.2897761564800779,0.5304,0.2870652469656123,0.33827705731824054,0.18979090112456576
frequent,Gate piecewise low=0 mid=0 high=1 temp=1,0.4884787098457451,0.2141597293349653,0.6301154268537157,0.2878634628895027,0.5272,0.28626939695139486,0.3356388330700804,0.18838524814751137
frequent,Gate piecewise low=0 mid=0.2 high=0.6 temp=1,0.4946335893478173,0.21435841878190978,0.6341146865141847,0.2887750818312453,0.5278222222222222,0.2888921661745113,0.3349952559905345,0.18855845749603453
frequent,Gate piecewise low=0 mid=0.2 high=0.8 temp=1,0.4949980351188011,0.21508480385696582,0.6331638403136843,0.28879858740065995,0.5299555555555556,0.2868639127108257,0.3380412739261767,0.18837796498581216
frequent,Gate piecewise low=0 mid=0.2 high=0.9 temp=1,0.49239737286195645,0.21496972949824497,0.6308980405274307,0.2897761564800779,0.5304,0.2870652469656123,0.33827705731824054,0.18979090112456576
frequent,Gate piecewise low=0 mid=0.2 high=1 temp=1,0.4884787098457451,0.2141597293349653,0.6301154268537157,0.2878634628895027,0.5272,0.28626939695139486,0.3356388330700804,0.18838524814751137
frequent,Gate piecewise low=0 mid=0.4 high=0.6 temp=1,0.4946335893478173,0.21435841878190978,0.6341146865141847,0.2887750818312453,0.5278222222222222,0.2888921661745113,0.3349952559905345,0.18855845749603453
frequent,Gate piecewise low=0 mid=0.4 high=0.8 temp=1,0.4949980351188011,0.21508480385696582,0.6331638403136843,0.28879858740065995,0.5299555555555556,0.2868639127108257,0.3380412739261767,0.18837796498581216
frequent,Gate piecewise low=0 mid=0.4 high=0.9 temp=1,0.49239737286195645,0.21496972949824497,0.6308980405274307,0.2897761564800779,0.5304,0.2870652469656123,0.33827705731824054,0.18979090112456576
frequent,Gate piecewise low=0 mid=0.4 high=1 temp=1,0.4884787098457451,0.2141597293349653,0.6301154268537157,0.2878634628895027,0.5272,0.28626939695139486,0.3356388330700804,0.18838524814751137
frequent,Gate piecewise low=0 mid=0.6 high=0.6 temp=1,0.4946335893478173,0.21435841878190978,0.6341146865141847,0.2887750818312453,0.5278222222222222,0.2888921661745113,0.3349952559905345,0.18855845749603453
frequent,Gate piecewise low=0 mid=0.6 high=0.8 temp=1,0.4949980351188011,0.21508480385696582,0.6331638403136843,0.28879858740065995,0.5299555555555556,0.2868639127108257,0.3380412739261767,0.18837796498581216
frequent,Gate piecewise low=0 mid=0.6 high=0.9 temp=1,0.49239737286195645,0.21496972949824497,0.6308980405274307,0.2897761564800779,0.5304,0.2870652469656123,0.33827705731824054,0.18979090112456576
frequent,Gate piecewise low=0 mid=0.6 high=1 temp=1,0.4884787098457451,0.2141597293349653,0.6301154268537157,0.2878634628895027,0.5272,0.28626939695139486,0.3356388330700804,0.18838524814751137
frequent,Gate piecewise low=0 mid=0.8 high=0.8 temp=1,0.4949980351188011,0.21508480385696582,0.6331638403136843,0.28879858740065995,0.5299555555555556,0.2868639127108257,0.3380412739261767,0.18837796498581216
frequent,Gate piecewise low=0 mid=0.8 high=0.9 temp=1,0.49239737286195645,0.21496972949824497,0.6308980405274307,0.2897761564800779,0.5304,0.2870652469656123,0.33827705731824054,0.18979090112456576
frequent,Gate piecewise low=0 mid=0.8 high=1 temp=1,0.4884787098457451,0.2141597293349653,0.6301154268537157,0.2878634628895027,0.5272,0.28626939695139486,0.3356388330700804,0.18838524814751137
frequent,Gate piecewise low=0 mid=0.9 high=0.9 temp=1,0.49239737286195645,0.21496972949824497,0.6308980405274307,0.2897761564800779,0.5304,0.2870652469656123,0.33827705731824054,0.18979090112456576
frequent,Gate piecewise low=0 mid=0.9 high=1 temp=1,0.4884787098457451,0.2141597293349653,0.6301154268537157,0.2878634628895027,0.5272,0.28626939695139486,0.3356388330700804,0.18838524814751137
frequent,Gate piecewise low=0.1 mid=0.2 high=0.6 temp=1,0.4946335893478173,0.21435841878190978,0.6341146865141847,0.2887750818312453,0.5278222222222222,0.2888921661745113,0.3349952559905345,0.18855845749603453
frequent,Gate piecewise low=0.1 mid=0.2 high=0.8 temp=1,0.4949980351188011,0.21508480385696582,0.6331638403136843,0.28879858740065995,0.5299555555555556,0.2868639127108257,0.3380412739261767,0.18837796498581216
frequent,Gate piecewise low=0.1 mid=0.2 high=0.9 temp=1,0.49239737286195645,0.21496972949824497,0.6308980405274307,0.2897761564800779,0.5304,0.2870652469656123,0.33827705731824054,0.18979090112456576
frequent,Gate piecewise low=0.1 mid=0.2 high=1 temp=1,0.4884787098457451,0.2141597293349653,0.6301154268537157,0.2878634628895027,0.5272,0.28626939695139486,0.3356388330700804,0.18838524814751137
frequent,Gate piecewise low=0.1 mid=0.4 high=0.6 temp=1,0.4946335893478173,0.21435841878190978,0.6341146865141847,0.2887750818312453,0.5278222222222222,0.2888921661745113,0.3349952559905345,0.18855845749603453
frequent,Gate piecewise low=0.1 mid=0.4 high=0.8 temp=1,0.4949980351188011,0.21508480385696582,0.6331638403136843,0.28879858740065995,0.5299555555555556,0.2868639127108257,0.3380412739261767,0.18837796498581216
frequent,Gate piecewise low=0.1 mid=0.4 high=0.9 temp=1,0.49239737286195645,0.21496972949824497,0.6308980405274307,0.2897761564800779,0.5304,0.2870652469656123,0.33827705731824054,0.18979090112456576
frequent,Gate piecewise low=0.1 mid=0.4 high=1 temp=1,0.4884787098457451,0.2141597293349653,0.6301154268537157,0.2878634628895027,0.5272,0.28626939695139486,0.3356388330700804,0.18838524814751137
frequent,Gate piecewise low=0.1 mid=0.6 high=0.6 temp=1,0.4946335893478173,0.21435841878190978,0.6341146865141847,0.2887750818312453,0.5278222222222222,0.2888921661745113,0.3349952559905345,0.18855845749603453
frequent,Gate piecewise low=0.1 mid=0.6 high=0.8 temp=1,0.4949980351188011,0.21508480385696582,0.6331638403136843,0.28879858740065995,0.5299555555555556,0.2868639127108257,0.3380412739261767,0.18837796498581216
frequent,Gate piecewise low=0.1 mid=0.6 high=0.9 temp=1,0.49239737286195645,0.21496972949824497,0.6308980405274307,0.2897761564800779,0.5304,0.2870652469656123,0.33827705731824054,0.18979090112456576
frequent,Gate piecewise low=0.1 mid=0.6 high=1 temp=1,0.4884787098457451,0.2141597293349653,0.6301154268537157,0.2878634628895027,0.5272,0.28626939695139486,0.3356388330700804,0.18838524814751137
frequent,Gate piecewise low=0.1 mid=0.8 high=0.8 temp=1,0.4949980351188011,0.21508480385696582,0.6331638403136843,0.28879858740065995,0.5299555555555556,0.2868639127108257,0.3380412739261767,0.18837796498581216
frequent,Gate piecewise low=0.1 mid=0.8 high=0.9 temp=1,0.49239737286195645,0.21496972949824497,0.6308980405274307,0.2897761564800779,0.5304,0.2870652469656123,0.33827705731824054,0.18979090112456576
frequent,Gate piecewise low=0.1 mid=0.8 high=1 temp=1,0.4884787098457451,0.2141597293349653,0.6301154268537157,0.2878634628895027,0.5272,0.28626939695139486,0.3356388330700804,0.18838524814751137
frequent,Gate piecewise low=0.1 mid=0.9 high=0.9 temp=1,0.49239737286195645,0.21496972949824497,0.6308980405274307,0.2897761564800779,0.5304,0.2870652469656123,0.33827705731824054,0.18979090112456576
frequent,Gate piecewise low=0.1 mid=0.9 high=1 temp=1,0.4884787098457451,0.2141597293349653,0.6301154268537157,0.2878634628895027,0.5272,0.28626939695139486,0.3356388330700804,0.18838524814751137
frequent,Gate piecewise low=0.2 mid=0.2 high=0.6 temp=1,0.4946335893478173,0.21435841878190978,0.6341146865141847,0.2887750818312453,0.5278222222222222,0.2888921661745113,0.3349952559905345,0.18855845749603453
frequent,Gate piecewise low=0.2 mid=0.2 high=0.8 temp=1,0.4949980351188011,0.21508480385696582,0.6331638403136843,0.28879858740065995,0.5299555555555556,0.2868639127108257,0.3380412739261767,0.18837796498581216
frequent,Gate piecewise low=0.2 mid=0.2 high=0.9 temp=1,0.49239737286195645,0.21496972949824497,0.6308980405274307,0.2897761564800779,0.5304,0.2870652469656123,0.33827705731824054,0.18979090112456576
frequent,Gate piecewise low=0.2 mid=0.2 high=1 temp=1,0.4884787098457451,0.2141597293349653,0.6301154268537157,0.2878634628895027,0.5272,0.28626939695139486,0.3356388330700804,0.18838524814751137
frequent,Gate piecewise low=0.2 mid=0.4 high=0.6 temp=1,0.4946335893478173,0.21435841878190978,0.6341146865141847,0.2887750818312453,0.5278222222222222,0.2888921661745113,0.3349952559905345,0.18855845749603453
frequent,Gate piecewise low=0.2 mid=0.4 high=0.8 temp=1,0.4949980351188011,0.21508480385696582,0.6331638403136843,0.28879858740065995,0.5299555555555556,0.2868639127108257,0.3380412739261767,0.18837796498581216
frequent,Gate piecewise low=0.2 mid=0.4 high=0.9 temp=1,0.49239737286195645,0.21496972949824497,0.6308980405274307,0.2897761564800779,0.5304,0.2870652469656123,0.33827705731824054,0.18979090112456576
frequent,Gate piecewise low=0.2 mid=0.4 high=1 temp=1,0.4884787098457451,0.2141597293349653,0.6301154268537157,0.2878634628895027,0.5272,0.28626939695139486,0.3356388330700804,0.18838524814751137
frequent,Gate piecewise low=0.2 mid=0.6 high=0.6 temp=1,0.4946335893478173,0.21435841878190978,0.6341146865141847,0.2887750818312453,0.5278222222222222,0.2888921661745113,0.3349952559905345,0.18855845749603453
frequent,Gate piecewise low=0.2 mid=0.6 high=0.8 temp=1,0.4949980351188011,0.21508480385696582,0.6331638403136843,0.28879858740065995,0.5299555555555556,0.2868639127108257,0.3380412739261767,0.18837796498581216
frequent,Gate piecewise low=0.2 mid=0.6 high=0.9 temp=1,0.49239737286195645,0.21496972949824497,0.6308980405274307,0.2897761564800779,0.5304,0.2870652469656123,0.33827705731824054,0.18979090112456576
frequent,Gate piecewise low=0.2 mid=0.6 high=1 temp=1,0.4884787098457451,0.2141597293349653,0.6301154268537157,0.2878634628895027,0.5272,0.28626939695139486,0.3356388330700804,0.18838524814751137
frequent,Gate piecewise low=0.2 mid=0.8 high=0.8 temp=1,0.4949980351188011,0.21508480385696582,0.6331638403136843,0.28879858740065995,0.5299555555555556,0.2868639127108257,0.3380412739261767,0.18837796498581216
frequent,Gate piecewise low=0.2 mid=0.8 high=0.9 temp=1,0.49239737286195645,0.21496972949824497,0.6308980405274307,0.2897761564800779,0.5304,0.2870652469656123,0.33827705731824054,0.18979090112456576
frequent,Gate piecewise low=0.2 mid=0.8 high=1 temp=1,0.4884787098457451,0.2141597293349653,0.6301154268537157,0.2878634628895027,0.5272,0.28626939695139486,0.3356388330700804,0.18838524814751137
frequent,Gate piecewise low=0.2 mid=0.9 high=0.9 temp=1,0.49239737286195645,0.21496972949824497,0.6308980405274307,0.2897761564800779,0.5304,0.2870652469656123,0.33827705731824054,0.18979090112456576
frequent,Gate piecewise low=0.2 mid=0.9 high=1 temp=1,0.4884787098457451,0.2141597293349653,0.6301154268537157,0.2878634628895027,0.5272,0.28626939695139486,0.3356388330700804,0.18838524814751137
frequent,Gate piecewise low=0.3 mid=0.4 high=0.6 temp=1,0.4946335893478173,0.21435841878190978,0.6341146865141847,0.2887750818312453,0.5278222222222222,0.2888921661745113,0.3349952559905345,0.18855845749603453
frequent,Gate piecewise low=0.3 mid=0.4 high=0.8 temp=1,0.4949980351188011,0.21508480385696582,0.6331638403136843,0.28879858740065995,0.5299555555555556,0.2868639127108257,0.3380412739261767,0.18837796498581216
frequent,Gate piecewise low=0.3 mid=0.4 high=0.9 temp=1,0.49239737286195645,0.21496972949824497,0.6308980405274307,0.2897761564800779,0.5304,0.2870652469656123,0.33827705731824054,0.18979090112456576
frequent,Gate piecewise low=0.3 mid=0.4 high=1 temp=1,0.4884787098457451,0.2141597293349653,0.6301154268537157,0.2878634628895027,0.5272,0.28626939695139486,0.3356388330700804,0.18838524814751137
frequent,Gate piecewise low=0.3 mid=0.6 high=0.6 temp=1,0.4946335893478173,0.21435841878190978,0.6341146865141847,0.2887750818312453,0.5278222222222222,0.2888921661745113,0.3349952559905345,0.18855845749603453
frequent,Gate piecewise low=0.3 mid=0.6 high=0.8 temp=1,0.4949980351188011,0.21508480385696582,0.6331638403136843,0.28879858740065995,0.5299555555555556,0.2868639127108257,0.3380412739261767,0.18837796498581216
frequent,Gate piecewise low=0.3 mid=0.6 high=0.9 temp=1,0.49239737286195645,0.21496972949824497,0.6308980405274307,0.2897761564800779,0.5304,0.2870652469656123,0.33827705731824054,0.18979090112456576
frequent,Gate piecewise low=0.3 mid=0.6 high=1 temp=1,0.4884787098457451,0.2141597293349653,0.6301154268537157,0.2878634628895027,0.5272,0.28626939695139486,0.3356388330700804,0.18838524814751137
frequent,Gate piecewise low=0.3 mid=0.8 high=0.8 temp=1,0.4949980351188011,0.21508480385696582,0.6331638403136843,0.28879858740065995,0.5299555555555556,0.2868639127108257,0.3380412739261767,0.18837796498581216
frequent,Gate piecewise low=0.3 mid=0.8 high=0.9 temp=1,0.49239737286195645,0.21496972949824497,0.6308980405274307,0.2897761564800779,0.5304,0.2870652469656123,0.33827705731824054,0.18979090112456576
frequent,Gate piecewise low=0.3 mid=0.8 high=1 temp=1,0.4884787098457451,0.2141597293349653,0.6301154268537157,0.2878634628895027,0.5272,0.28626939695139486,0.3356388330700804,0.18838524814751137
frequent,Gate piecewise low=0.3 mid=0.9 high=0.9 temp=1,0.49239737286195645,0.21496972949824497,0.6308980405274307,0.2897761564800779,0.5304,0.2870652469656123,0.33827705731824054,0.18979090112456576
frequent,Gate piecewise low=0.3 mid=0.9 high=1 temp=1,0.4884787098457451,0.2141597293349653,0.6301154268537157,0.2878634628895027,0.5272,0.28626939695139486,0.3356388330700804,0.18838524814751137
frequent,Gate piecewise low=0.4 mid=0.4 high=0.6 temp=1,0.4946335893478173,0.21435841878190978,0.6341146865141847,0.2887750818312453,0.5278222222222222,0.2888921661745113,0.3349952559905345,0.18855845749603453
frequent,Gate piecewise low=0.4 mid=0.4 high=0.8 temp=1,0.4949980351188011,0.21508480385696582,0.6331638403136843,0.28879858740065995,0.5299555555555556,0.2868639127108257,0.3380412739261767,0.18837796498581216
frequent,Gate piecewise low=0.4 mid=0.4 high=0.9 temp=1,0.49239737286195645,0.21496972949824497,0.6308980405274307,0.2897761564800779,0.5304,0.2870652469656123,0.33827705731824054,0.18979090112456576
frequent,Gate piecewise low=0.4 mid=0.4 high=1 temp=1,0.4884787098457451,0.2141597293349653,0.6301154268537157,0.2878634628895027,0.5272,0.28626939695139486,0.3356388330700804,0.18838524814751137
frequent,Gate piecewise low=0.4 mid=0.6 high=0.6 temp=1,0.4946335893478173,0.21435841878190978,0.6341146865141847,0.2887750818312453,0.5278222222222222,0.2888921661745113,0.3349952559905345,0.18855845749603453
frequent,Gate piecewise low=0.4 mid=0.6 high=0.8 temp=1,0.4949980351188011,0.21508480385696582,0.6331638403136843,0.28879858740065995,0.5299555555555556,0.2868639127108257,0.3380412739261767,0.18837796498581216
frequent,Gate piecewise low=0.4 mid=0.6 high=0.9 temp=1,0.49239737286195645,0.21496972949824497,0.6308980405274307,0.2897761564800779,0.5304,0.2870652469656123,0.33827705731824054,0.18979090112456576
frequent,Gate piecewise low=0.4 mid=0.6 high=1 temp=1,0.4884787098457451,0.2141597293349653,0.6301154268537157,0.2878634628895027,0.5272,0.28626939695139486,0.3356388330700804,0.18838524814751137
frequent,Gate piecewise low=0.4 mid=0.8 high=0.8 temp=1,0.4949980351188011,0.21508480385696582,0.6331638403136843,0.28879858740065995,0.5299555555555556,0.2868639127108257,0.3380412739261767,0.18837796498581216
frequent,Gate piecewise low=0.4 mid=0.8 high=0.9 temp=1,0.49239737286195645,0.21496972949824497,0.6308980405274307,0.2897761564800779,0.5304,0.2870652469656123,0.33827705731824054,0.18979090112456576
frequent,Gate piecewise low=0.4 mid=0.8 high=1 temp=1,0.4884787098457451,0.2141597293349653,0.6301154268537157,0.2878634628895027,0.5272,0.28626939695139486,0.3356388330700804,0.18838524814751137
frequent,Gate piecewise low=0.4 mid=0.9 high=0.9 temp=1,0.49239737286195645,0.21496972949824497,0.6308980405274307,0.2897761564800779,0.5304,0.2870652469656123,0.33827705731824054,0.18979090112456576
frequent,Gate piecewise low=0.4 mid=0.9 high=1 temp=1,0.4884787098457451,0.2141597293349653,0.6301154268537157,0.2878634628895027,0.5272,0.28626939695139486,0.3356388330700804,0.18838524814751137
frequent,Gate piecewise low=0.5 mid=0.6 high=0.6 temp=1,0.4946335893478173,0.21435841878190978,0.6341146865141847,0.2887750818312453,0.5278222222222222,0.2888921661745113,0.3349952559905345,0.18855845749603453
frequent,Gate piecewise low=0.5 mid=0.6 high=0.8 temp=1,0.4949980351188011,0.21508480385696582,0.6331638403136843,0.28879858740065995,0.5299555555555556,0.2868639127108257,0.3380412739261767,0.18837796498581216
frequent,Gate piecewise low=0.5 mid=0.6 high=0.9 temp=1,0.49239737286195645,0.21496972949824497,0.6308980405274307,0.2897761564800779,0.5304,0.2870652469656123,0.33827705731824054,0.18979090112456576
frequent,Gate piecewise low=0.5 mid=0.6 high=1 temp=1,0.4884787098457451,0.2141597293349653,0.6301154268537157,0.2878634628895027,0.5272,0.28626939695139486,0.3356388330700804,0.18838524814751137
frequent,Gate piecewise low=0.5 mid=0.8 high=0.8 temp=1,0.4949980351188011,0.21508480385696582,0.6331638403136843,0.28879858740065995,0.5299555555555556,0.2868639127108257,0.3380412739261767,0.18837796498581216
frequent,Gate piecewise low=0.5 mid=0.8 high=0.9 temp=1,0.49239737286195645,0.21496972949824497,0.6308980405274307,0.2897761564800779,0.5304,0.2870652469656123,0.33827705731824054,0.18979090112456576
frequent,Gate piecewise low=0.5 mid=0.8 high=1 temp=1,0.4884787098457451,0.2141597293349653,0.6301154268537157,0.2878634628895027,0.5272,0.28626939695139486,0.3356388330700804,0.18838524814751137
frequent,Gate piecewise low=0.5 mid=0.9 high=0.9 temp=1,0.49239737286195645,0.21496972949824497,0.6308980405274307,0.2897761564800779,0.5304,0.2870652469656123,0.33827705731824054,0.18979090112456576
frequent,Gate piecewise low=0.5 mid=0.9 high=1 temp=1,0.4884787098457451,0.2141597293349653,0.6301154268537157,0.2878634628895027,0.5272,0.28626939695139486,0.3356388330700804,0.18838524814751137
frequent,Gate piecewise low=0.6 mid=0.6 high=0.6 temp=1,0.4946335893478173,0.21435841878190978,0.6341146865141847,0.2887750818312453,0.5278222222222222,0.2888921661745113,0.3349952559905345,0.18855845749603453
frequent,Gate piecewise low=0.6 mid=0.6 high=0.8 temp=1,0.4949980351188011,0.21508480385696582,0.6331638403136843,0.28879858740065995,0.5299555555555556,0.2868639127108257,0.3380412739261767,0.18837796498581216
frequent,Gate piecewise low=0.6 mid=0.6 high=0.9 temp=1,0.49239737286195645,0.21496972949824497,0.6308980405274307,0.2897761564800779,0.5304,0.2870652469656123,0.33827705731824054,0.18979090112456576
frequent,Gate piecewise low=0.6 mid=0.6 high=1 temp=1,0.4884787098457451,0.2141597293349653,0.6301154268537157,0.2878634628895027,0.5272,0.28626939695139486,0.3356388330700804,0.18838524814751137
frequent,Gate piecewise low=0.6 mid=0.8 high=0.8 temp=1,0.4949980351188011,0.21508480385696582,0.6331638403136843,0.28879858740065995,0.5299555555555556,0.2868639127108257,0.3380412739261767,0.18837796498581216
frequent,Gate piecewise low=0.6 mid=0.8 high=0.9 temp=1,0.49239737286195645,0.21496972949824497,0.6308980405274307,0.2897761564800779,0.5304,0.2870652469656123,0.33827705731824054,0.18979090112456576
frequent,Gate piecewise low=0.6 mid=0.8 high=1 temp=1,0.4884787098457451,0.2141597293349653,0.6301154268537157,0.2878634628895027,0.5272,0.28626939695139486,0.3356388330700804,0.18838524814751137
frequent,Gate piecewise low=0.6 mid=0.9 high=0.9 temp=1,0.49239737286195645,0.21496972949824497,0.6308980405274307,0.2897761564800779,0.5304,0.2870652469656123,0.33827705731824054,0.18979090112456576
frequent,Gate piecewise low=0.6 mid=0.9 high=1 temp=1,0.4884787098457451,0.2141597293349653,0.6301154268537157,0.2878634628895027,0.5272,0.28626939695139486,0.3356388330700804,0.18838524814751137
frequent,Gate piecewise low=0.7 mid=0.8 high=0.8 temp=1,0.4949980351188011,0.21508480385696582,0.6331638403136843,0.28879858740065995,0.5299555555555556,0.2868639127108257,0.3380412739261767,0.18837796498581216
frequent,Gate piecewise low=0.7 mid=0.8 high=0.9 temp=1,0.49239737286195645,0.21496972949824497,0.6308980405274307,0.2897761564800779,0.5304,0.2870652469656123,0.33827705731824054,0.18979090112456576
frequent,Gate piecewise low=0.7 mid=0.8 high=1 temp=1,0.4884787098457451,0.2141597293349653,0.6301154268537157,0.2878634628895027,0.5272,0.28626939695139486,0.3356388330700804,0.18838524814751137
frequent,Gate piecewise low=0.7 mid=0.9 high=0.9 temp=1,0.49239737286195645,0.21496972949824497,0.6308980405274307,0.2897761564800779,0.5304,0.2870652469656123,0.33827705731824054,0.18979090112456576
frequent,Gate piecewise low=0.7 mid=0.9 high=1 temp=1,0.4884787098457451,0.2141597293349653,0.6301154268537157,0.2878634628895027,0.5272,0.28626939695139486,0.3356388330700804,0.18838524814751137
frequent,Gate sigmoid low=0 mid=0 high=0.8 temp=0.5,0.4656330582357454,0.20750817259940593,0.6043442587192459,0.28192219379013306,0.5023111111111112,0.27506359844126926,0.3236041297625679,0.18719698735610232
frequent,Gate sigmoid low=0 mid=0 high=0.8 temp=1,0.45464515124487714,0.20659348446460304,0.5828815723853195,0.28019715147388635,0.4844444444444444,0.2656932240093414,0.3132725486587268,0.1850696830760304
frequent,Gate sigmoid low=0 mid=0 high=0.8 temp=2,0.45191266449012035,0.20878486374050195,0.5649028909457668,0.28260055631593745,0.4806222222222223,0.2687516915121638,0.30931447150771857,0.18660250016214283
frequent,Gate sigmoid low=0 mid=0 high=0.9 temp=0.5,0.4594421972439197,0.20615116295365205,0.6005884782622564,0.2817152450065429,0.49724444444444443,0.2723495344254246,0.32104122120794903,0.1874748405643237
frequent,Gate sigmoid low=0 mid=0 high=0.9 temp=1,0.44986347887563255,0.20594357152377063,0.5796330118150322,0.2783706246761512,0.4765333333333333,0.2651556209809321,0.30787903793424265,0.18587067844861263
frequent,Gate sigmoid low=0 mid=0 high=0.9 temp=2,0.4486358763447247,0.20868044372946198,0.5615842873758872,0.2834395660686035,0.47777777777777775,0.26749056819740125,0.3072088480091135,0.1868713092256309
frequent,Gate sigmoid low=0 mid=0 high=1 temp=0.5,0.45188786768439326,0.20492226018512794,0.5954524414825287,0.28125840217147285,0.48719999999999997,0.26799681607861453,0.3150874920453202,0.18639703374970618
frequent,Gate sigmoid low=0 mid=0 high=1 temp=1,0.44173318367771786,0.20473545302011323,0.5709017819868575,0.2775860247928907,0.4672888888888889,0.26162268690259116,0.30305871967907855,0.1867401836745691
frequent,Gate sigmoid low=0 mid=0 high=1 temp=2,0.4450839458315004,0.20830474559355222,0.5592934736620403,0.28296460994179945,0.4730666666666666,0.26665651961112824,0.30395019866073025,0.1853415804468702
frequent,Gate sigmoid low=0.1 mid=0 high=0.8 temp=0.5,0.47419338956391904,0.20918196841562173,0.6149927465316805,0.28504470564972156,0.5132444444444445,0.2798891283093622,0.3280883779471257,0.18588068135421645
frequent,Gate sigmoid low=0.1 mid=0 high=0.8 temp=1,0.46709094110198596,0.2088201765712212,0.6016734424287707,0.28403527420810276,0.49946666666666667,0.2739920855755109,0.3217746745860654,0.18804428228370387
frequent,Gate sigmoid low=0.1 mid=0 high=0.8 temp=2,0.46493964491885315,0.21080409468582167,0.5911731377720688,0.2837023338096397,0.4951111111111111,0.27485715745528794,0.3175885550448743,0.18451726460404508
frequent,Gate sigmoid low=0.1 mid=0 high=0.9 temp=0.5,0.46866994583802896,0.20789579314336715,0.6129345022960999,0.2843220547726106,0.5093333333333333,0.2760133250138927,0.3281179908588366,0.1878671925712367
frequent,Gate sigmoid low=0.1 mid=0 high=0.9 temp=1,0.46234173791020106,0.2080603634650549,0.5981791043082789,0.28233983883167724,0.49262222222222224,0.2721326180302076,0.31773056008924244,0.1887539166700015
frequent,Gate sigmoid low=0.1 mid=0 high=0.9 temp=2,0.46293357026659676,0.2105456317841089,0.5889229002087518,0.2833980428739172,0.4930666666666667,0.2741429497914149,0.3159514042385303,0.18634723413176252
frequent,Gate sigmoid low=0.1 mid=0 high=1 temp=0.5,0.4614628374401773,0.2065449813222532,0.6084258644879851,0.2823531903724207,0.49946666666666667,0.2731027064417999,0.3216236340851196,0.18617310731275447
frequent,Gate sigmoid low=0.1 mid=0 high=1 temp=1,0.4550790336439157,0.2064930570264899,0.5932564563136741,0.2802882202261269,0.4828444444444445,0.2674203264791062,0.3127231697211402,0.18732647971855043
frequent,Gate sigmoid low=0.1 mid=0 high=1 temp=2,0.45881212561762336,0.21016626689532864,0.5831802542623792,0.28419421334381745,0.4904000000000001,0.2742572118405475,0.31410266083495436,0.18729307405041073
frequent,Gate sigmoid low=0.2 mid=0 high=0.8 temp=0.5,0.4812111174403657,0.2099939610985154,0.6242733374478432,0.28570116614283714,0.5204444444444445,0.28278990968006973,0.3325166672154041,0.1882488045381991
frequent,Gate sigmoid low=0.2 mid=0 high=0.8 temp=1,0.4768463933999278,0.21021678688515053,0.6158270297125376,0.28467314943187055,0.5108444444444445,0.2795683479188718,0.32720496281788397,0.18801939287283773
frequent,Gate sigmoid low=0.2 mid=0 high=0.8 temp=2,0.4756271711913196,0.21193079503274354,0.6095869946979842,0.28454852989416923,0.5100444444444444,0.28072082462410824,0.32740318581842554,0.18926340249882279
frequent,Gate sigmoid low=0.2 mid=0 high=0.9 temp=0.5,0.47625268545684046,0.20898903512012512,0.6211442389159623,0.28508148333274136,0.5174222222222223,0.27955374473864414,0.33226440753977543,0.18880171405505877
frequent,Gate sigmoid low=0.2 mid=0 high=0.9 temp=1,0.472166885075919,0.20941308748165277,0.6112378198599702,0.2843158442234939,0.5065777777777777,0.2771653691272515,0.3259476052358565,0.18857345103549547
frequent,Gate sigmoid low=0.2 mid=0 high=0.9 temp=2,0.4730031922623637,0.21165368282182534,0.6075642712642267,0.2848776994972821,0.5060444444444445,0.2795861763489736,0.32419579672667964,0.18877160124027653
frequent,Gate sigmoid low=0.2 mid=0 high=1 temp=0.5,0.4694150354887262,0.20761493175663104,0.6188680700001041,0.2838994851842445,0.5091555555555556,0.276856436133516,0.32739701089574424,0.1880233038170267
frequent,Gate sigmoid low=0.2 mid=0 high=1 temp=1,0.46599424225477415,0.20795928467576127,0.6080169965765468,0.2821820091264709,0.4974222222222222,0.2728736750326732,0.32075084989101244,0.18671804357618707
frequent,Gate sigmoid low=0.2 mid=0 high=1 temp=2,0.46941545654204675,0.21110797898972097,0.601890404834914,0.28536867857601067,0.5009777777777777,0.27794719414579677,0.3204874862604032,0.18853000752055682
frequent,Gate sigmoid low=0.4 mid=0 high=0.8 temp=0.5,0.4899679696119853,0.2123855871491315,0.6314532662808652,0.2870337500828522,0.5269333333333334,0.2857760146934987,0.3362966543709265,0.18863802980629432
frequent,Gate sigmoid low=0.4 mid=0 high=0.8 temp=1,0.48876990907216894,0.2123557429233783,0.6311872099495203,0.2863666744178898,0.5229333333333334,0.2849407062048427,0.3343765375133374,0.19056505341217658
frequent,Gate sigmoid low=0.4 mid=0 high=0.8 temp=2,0.48910134782728537,0.213377171763831,0.6301532475436765,0.2870783314483313,0.5214222222222223,0.28642902836577205,0.3325608179526788,0.1900941169423907
frequent,Gate sigmoid low=0.4 mid=0 high=0.9 temp=0.5,0.48578696966716006,0.21160189066932678,0.6287093129128188,0.2877474148232543,0.5259555555555556,0.28281978818084624,0.33715245637746977,0.18899042085655787
frequent,Gate sigmoid low=0.4 mid=0 high=0.9 temp=1,0.4853351863812238,0.21168325191201914,0.6279221182217563,0.2865266852825578,0.5207111111111111,0.2822874191578242,0.3347824219890986,0.19078040690593634
frequent,Gate sigmoid low=0.4 mid=0 high=0.9 temp=2,0.4869924010767054,0.21285973454005588,0.6269268114038085,0.28625658217360955,0.5200888888888889,0.28567540258584595,0.3323096524368868,0.19058689037710907
frequent,Gate sigmoid low=0.4 mid=0 high=1 temp=0.5,0.480073848163303,0.21031362679940785,0.62724245929521,0.2857436534122953,0.5211555555555556,0.2825485838227548,0.3333352725139923,0.1892715335547626
frequent,Gate sigmoid low=0.4 mid=0 high=1 temp=1,0.4800563189259066,0.21034068648599033,0.624558355121074,0.285007804976303,0.5146666666666667,0.2802207365236677,0.3307157710948448,0.18960598731831133
frequent,Gate sigmoid low=0.4 mid=0 high=1 temp=2,0.4833270023918162,0.21206933251742247,0.6229352952988108,0.28558477336975213,0.5161777777777777,0.28243683574741946,0.3314857469990081,0.1909967420592918
frequent,Gate sigmoid low=0.6 mid=0 high=0.8 temp=0.5,0.49340887926148475,0.21412269252325988,0.63271243901773,0.2876310932815455,0.5293333333333333,0.28665931827345853,0.3377007223856427,0.18957811384099993
frequent,Gate sigmoid low=0.6 mid=0 high=0.8 temp=1,0.4934452808856452,0.21399934730931053,0.6328169622331775,0.28702157033911985,0.5280888888888888,0.28730090638470734,0.336769188364826,0.189358403347016
frequent,Gate sigmoid low=0.6 mid=0 high=0.8 temp=2,0.49367274237190395,0.21438485331731974,0.6327626202429247,0.2879225201751356,0.5267555555555556,0.2879645706119176,0.3357616813476646,0.19011183920548452
frequent,Gate sigmoid low=0.6 mid=0 high=0.9 temp=0.5,0.4899569252751807,0.21354929603178616,0.6310271894370694,0.28836424789229087,0.5295111111111112,0.2852922898524612,0.3388819128271824,0.18956985528529552
frequent,Gate sigmoid low=0.6 mid=0 high=0.9 temp=1,0.4902871821894549,0.21361629511196217,0.6303626438179459,0.28793787535353715,0.5277333333333334,0.2848257300248718,0.3381730127896055,0.1902807198860043
frequent,Gate sigmoid low=0.6 mid=0 high=0.9 temp=2,0.49117718984454967,0.21425832536591602,0.6299481409889246,0.28832063556320814,0.5272,0.2862072057175676,0.3369309283383993,0.19043782597835926
frequent,Gate sigmoid low=0.6 mid=0 high=1 temp=0.5,0.48500285628639617,0.2124224930071216,0.6302695601343109,0.2871598933133967,0.5256000000000001,0.284588132191811,0.3358189441010585,0.1885432062249429
frequent,Gate sigmoid low=0.6 mid=0 high=1 temp=1,0.485668041383857,0.21240208974234698,0.6295108984083877,0.2868032999411081,0.5242666666666668,0.2838910764750817,0.33563379326077086,0.19085063781023248
frequent,Gate sigmoid low=0.6 mid=0 high=1 temp=2,0.4879841292621091,0.2133502277141994,0.6273683834429429,0.2871150340688911,0.5258666666666666,0.2841466324064159,0.33781886578332904,0.19198831561966825
middle,CAFNet,0.12209279504321156,0.16382210577190934,0.13450821258458276,0.21661809007297478,0.08738170347003156,0.1409560641301678,0.15146965929831563,0.25047262442717505
middle,CAFNet-D full,0.1117824842933438,0.13002712325378962,0.11512155292527113,0.18101231522017103,0.08286014721345951,0.1326626909610111,0.14699418886482976,0.24503058534724667
middle,Gate piecewise low=0 mid=0 high=0.6 temp=1,0.12209279504321156,0.16382210577190934,0.13450821258458276,0.21661809007297478,0.08738170347003156,0.1409560641301678,0.15146965929831563,0.25047262442717505
middle,Gate piecewise low=0 mid=0 high=0.8 temp=1,0.12209279504321156,0.16382210577190934,0.13450821258458276,0.21661809007297478,0.08738170347003156,0.1409560641301678,0.15146965929831563,0.25047262442717505
middle,Gate piecewise low=0 mid=0 high=0.9 temp=1,0.12209279504321156,0.16382210577190934,0.13450821258458276,0.21661809007297478,0.08738170347003156,0.1409560641301678,0.15146965929831563,0.25047262442717505
middle,Gate piecewise low=0 mid=0 high=1 temp=1,0.12209279504321156,0.16382210577190934,0.13450821258458276,0.21661809007297478,0.08738170347003156,0.1409560641301678,0.15146965929831563,0.25047262442717505
middle,Gate piecewise low=0 mid=0.2 high=0.6 temp=1,0.12844624332440144,0.16255604604686022,0.14223133013984457,0.21770317441520667,0.09369085173501576,0.14266506637031717,0.1682063285960525,0.2620799818530418
middle,Gate piecewise low=0 mid=0.2 high=0.8 temp=1,0.12844624332440144,0.16255604604686022,0.14223133013984457,0.21770317441520667,0.09369085173501576,0.14266506637031717,0.1682063285960525,0.2620799818530418
middle,Gate piecewise low=0 mid=0.2 high=0.9 temp=1,0.12844624332440144,0.16255604604686022,0.14223133013984457,0.21770317441520667,0.09369085173501576,0.14266506637031717,0.1682063285960525,0.2620799818530418
middle,Gate piecewise low=0 mid=0.2 high=1 temp=1,0.12844624332440144,0.16255604604686022,0.14223133013984457,0.21770317441520667,0.09369085173501576,0.14266506637031717,0.1682063285960525,0.2620799818530418
middle,Gate piecewise low=0 mid=0.4 high=0.6 temp=1,0.13200674113595617,0.16517548371973878,0.14359886341765482,0.2201030569704663,0.09390115667718191,0.14365508802935634,0.1679036966275411,0.2601714307450641
middle,Gate piecewise low=0 mid=0.4 high=0.8 temp=1,0.13200674113595617,0.16517548371973878,0.14359886341765482,0.2201030569704663,0.09390115667718191,0.14365508802935634,0.1679036966275411,0.2601714307450641
middle,Gate piecewise low=0 mid=0.4 high=0.9 temp=1,0.13200674113595617,0.16517548371973878,0.14359886341765482,0.2201030569704663,0.09390115667718191,0.14365508802935634,0.1679036966275411,0.2601714307450641
middle,Gate piecewise low=0 mid=0.4 high=1 temp=1,0.13200674113595617,0.16517548371973878,0.14359886341765482,0.2201030569704663,0.09390115667718191,0.14365508802935634,0.1679036966275411,0.2601714307450641
middle,Gate piecewise low=0 mid=0.6 high=0.6 temp=1,0.13095406557653605,0.16112391005732807,0.14088476932716892,0.21728895240826285,0.09316508937960041,0.14420734692000103,0.1731948828252513,0.26999284387052785
middle,Gate piecewise low=0 mid=0.6 high=0.8 temp=1,0.13095406557653605,0.16112391005732807,0.14088476932716892,0.21728895240826285,0.09316508937960041,0.14420734692000103,0.1731948828252513,0.26999284387052785
middle,Gate piecewise low=0 mid=0.6 high=0.9 temp=1,0.13095406557653605,0.16112391005732807,0.14088476932716892,0.21728895240826285,0.09316508937960041,0.14420734692000103,0.1731948828252513,0.26999284387052785
middle,Gate piecewise low=0 mid=0.6 high=1 temp=1,0.13095406557653605,0.16112391005732807,0.14088476932716892,0.21728895240826285,0.09316508937960041,0.14420734692000103,0.1731948828252513,0.26999284387052785
middle,Gate piecewise low=0 mid=0.8 high=0.8 temp=1,0.12485220323040963,0.14809392800287402,0.13692464862589923,0.20557242210875173,0.09116719242902208,0.14159180966755422,0.16539720032100683,0.2586047088602294
middle,Gate piecewise low=0 mid=0.8 high=0.9 temp=1,0.12485220323040963,0.14809392800287402,0.13692464862589923,0.20557242210875173,0.09116719242902208,0.14159180966755422,0.16539720032100683,0.2586047088602294
middle,Gate piecewise low=0 mid=0.8 high=1 temp=1,0.12485220323040963,0.14809392800287402,0.13692464862589923,0.20557242210875173,0.09116719242902208,0.14159180966755422,0.16539720032100683,0.2586047088602294
middle,Gate piecewise low=0 mid=0.9 high=0.9 temp=1,0.12161579476982587,0.14705242864552304,0.13026568759460597,0.1985332924364053,0.0889589905362776,0.1377139877663218,0.16036192187780887,0.25623257128468113
middle,Gate piecewise low=0 mid=0.9 high=1 temp=1,0.12161579476982587,0.14705242864552304,0.13026568759460597,0.1985332924364053,0.0889589905362776,0.1377139877663218,0.16036192187780887,0.25623257128468113
middle,Gate piecewise low=0.1 mid=0.2 high=0.6 temp=1,0.12844624332440144,0.16255604604686022,0.14223133013984457,0.21770317441520667,0.09369085173501576,0.14266506637031717,0.1682063285960525,0.2620799818530418
middle,Gate piecewise low=0.1 mid=0.2 high=0.8 temp=1,0.12844624332440144,0.16255604604686022,0.14223133013984457,0.21770317441520667,0.09369085173501576,0.14266506637031717,0.1682063285960525,0.2620799818530418
middle,Gate piecewise low=0.1 mid=0.2 high=0.9 temp=1,0.12844624332440144,0.16255604604686022,0.14223133013984457,0.21770317441520667,0.09369085173501576,0.14266506637031717,0.1682063285960525,0.2620799818530418
middle,Gate piecewise low=0.1 mid=0.2 high=1 temp=1,0.12844624332440144,0.16255604604686022,0.14223133013984457,0.21770317441520667,0.09369085173501576,0.14266506637031717,0.1682063285960525,0.2620799818530418
middle,Gate piecewise low=0.1 mid=0.4 high=0.6 temp=1,0.13200674113595617,0.16517548371973878,0.14359886341765482,0.2201030569704663,0.09390115667718191,0.14365508802935634,0.1679036966275411,0.2601714307450641
middle,Gate piecewise low=0.1 mid=0.4 high=0.8 temp=1,0.13200674113595617,0.16517548371973878,0.14359886341765482,0.2201030569704663,0.09390115667718191,0.14365508802935634,0.1679036966275411,0.2601714307450641
middle,Gate piecewise low=0.1 mid=0.4 high=0.9 temp=1,0.13200674113595617,0.16517548371973878,0.14359886341765482,0.2201030569704663,0.09390115667718191,0.14365508802935634,0.1679036966275411,0.2601714307450641
middle,Gate piecewise low=0.1 mid=0.4 high=1 temp=1,0.13200674113595617,0.16517548371973878,0.14359886341765482,0.2201030569704663,0.09390115667718191,0.14365508802935634,0.1679036966275411,0.2601714307450641
middle,Gate piecewise low=0.1 mid=0.6 high=0.6 temp=1,0.13095406557653605,0.16112391005732807,0.14088476932716892,0.21728895240826285,0.09316508937960041,0.14420734692000103,0.1731948828252513,0.26999284387052785
middle,Gate piecewise low=0.1 mid=0.6 high=0.8 temp=1,0.13095406557653605,0.16112391005732807,0.14088476932716892,0.21728895240826285,0.09316508937960041,0.14420734692000103,0.1731948828252513,0.26999284387052785
middle,Gate piecewise low=0.1 mid=0.6 high=0.9 temp=1,0.13095406557653605,0.16112391005732807,0.14088476932716892,0.21728895240826285,0.09316508937960041,0.14420734692000103,0.1731948828252513,0.26999284387052785
middle,Gate piecewise low=0.1 mid=0.6 high=1 temp=1,0.13095406557653605,0.16112391005732807,0.14088476932716892,0.21728895240826285,0.09316508937960041,0.14420734692000103,0.1731948828252513,0.26999284387052785
middle,Gate piecewise low=0.1 mid=0.8 high=0.8 temp=1,0.12485220323040963,0.14809392800287402,0.13692464862589923,0.20557242210875173,0.09116719242902208,0.14159180966755422,0.16539720032100683,0.2586047088602294
middle,Gate piecewise low=0.1 mid=0.8 high=0.9 temp=1,0.12485220323040963,0.14809392800287402,0.13692464862589923,0.20557242210875173,0.09116719242902208,0.14159180966755422,0.16539720032100683,0.2586047088602294
middle,Gate piecewise low=0.1 mid=0.8 high=1 temp=1,0.12485220323040963,0.14809392800287402,0.13692464862589923,0.20557242210875173,0.09116719242902208,0.14159180966755422,0.16539720032100683,0.2586047088602294
middle,Gate piecewise low=0.1 mid=0.9 high=0.9 temp=1,0.12161579476982587,0.14705242864552304,0.13026568759460597,0.1985332924364053,0.0889589905362776,0.1377139877663218,0.16036192187780887,0.25623257128468113
middle,Gate piecewise low=0.1 mid=0.9 high=1 temp=1,0.12161579476982587,0.14705242864552304,0.13026568759460597,0.1985332924364053,0.0889589905362776,0.1377139877663218,0.16036192187780887,0.25623257128468113
middle,Gate piecewise low=0.2 mid=0.2 high=0.6 temp=1,0.12844624332440144,0.16255604604686022,0.14223133013984457,0.21770317441520667,0.09369085173501576,0.14266506637031717,0.1682063285960525,0.2620799818530418
middle,Gate piecewise low=0.2 mid=0.2 high=0.8 temp=1,0.12844624332440144,0.16255604604686022,0.14223133013984457,0.21770317441520667,0.09369085173501576,0.14266506637031717,0.1682063285960525,0.2620799818530418
middle,Gate piecewise low=0.2 mid=0.2 high=0.9 temp=1,0.12844624332440144,0.16255604604686022,0.14223133013984457,0.21770317441520667,0.09369085173501576,0.14266506637031717,0.1682063285960525,0.2620799818530418
middle,Gate piecewise low=0.2 mid=0.2 high=1 temp=1,0.12844624332440144,0.16255604604686022,0.14223133013984457,0.21770317441520667,0.09369085173501576,0.14266506637031717,0.1682063285960525,0.2620799818530418
middle,Gate piecewise low=0.2 mid=0.4 high=0.6 temp=1,0.13200674113595617,0.16517548371973878,0.14359886341765482,0.2201030569704663,0.09390115667718191,0.14365508802935634,0.1679036966275411,0.2601714307450641
middle,Gate piecewise low=0.2 mid=0.4 high=0.8 temp=1,0.13200674113595617,0.16517548371973878,0.14359886341765482,0.2201030569704663,0.09390115667718191,0.14365508802935634,0.1679036966275411,0.2601714307450641
middle,Gate piecewise low=0.2 mid=0.4 high=0.9 temp=1,0.13200674113595617,0.16517548371973878,0.14359886341765482,0.2201030569704663,0.09390115667718191,0.14365508802935634,0.1679036966275411,0.2601714307450641
middle,Gate piecewise low=0.2 mid=0.4 high=1 temp=1,0.13200674113595617,0.16517548371973878,0.14359886341765482,0.2201030569704663,0.09390115667718191,0.14365508802935634,0.1679036966275411,0.2601714307450641
middle,Gate piecewise low=0.2 mid=0.6 high=0.6 temp=1,0.13095406557653605,0.16112391005732807,0.14088476932716892,0.21728895240826285,0.09316508937960041,0.14420734692000103,0.1731948828252513,0.26999284387052785
middle,Gate piecewise low=0.2 mid=0.6 high=0.8 temp=1,0.13095406557653605,0.16112391005732807,0.14088476932716892,0.21728895240826285,0.09316508937960041,0.14420734692000103,0.1731948828252513,0.26999284387052785
middle,Gate piecewise low=0.2 mid=0.6 high=0.9 temp=1,0.13095406557653605,0.16112391005732807,0.14088476932716892,0.21728895240826285,0.09316508937960041,0.14420734692000103,0.1731948828252513,0.26999284387052785
middle,Gate piecewise low=0.2 mid=0.6 high=1 temp=1,0.13095406557653605,0.16112391005732807,0.14088476932716892,0.21728895240826285,0.09316508937960041,0.14420734692000103,0.1731948828252513,0.26999284387052785
middle,Gate piecewise low=0.2 mid=0.8 high=0.8 temp=1,0.12485220323040963,0.14809392800287402,0.13692464862589923,0.20557242210875173,0.09116719242902208,0.14159180966755422,0.16539720032100683,0.2586047088602294
middle,Gate piecewise low=0.2 mid=0.8 high=0.9 temp=1,0.12485220323040963,0.14809392800287402,0.13692464862589923,0.20557242210875173,0.09116719242902208,0.14159180966755422,0.16539720032100683,0.2586047088602294
middle,Gate piecewise low=0.2 mid=0.8 high=1 temp=1,0.12485220323040963,0.14809392800287402,0.13692464862589923,0.20557242210875173,0.09116719242902208,0.14159180966755422,0.16539720032100683,0.2586047088602294
middle,Gate piecewise low=0.2 mid=0.9 high=0.9 temp=1,0.12161579476982587,0.14705242864552304,0.13026568759460597,0.1985332924364053,0.0889589905362776,0.1377139877663218,0.16036192187780887,0.25623257128468113
middle,Gate piecewise low=0.2 mid=0.9 high=1 temp=1,0.12161579476982587,0.14705242864552304,0.13026568759460597,0.1985332924364053,0.0889589905362776,0.1377139877663218,0.16036192187780887,0.25623257128468113
middle,Gate piecewise low=0.3 mid=0.4 high=0.6 temp=1,0.13200674113595617,0.16517548371973878,0.14359886341765482,0.2201030569704663,0.09390115667718191,0.14365508802935634,0.1679036966275411,0.2601714307450641
middle,Gate piecewise low=0.3 mid=0.4 high=0.8 temp=1,0.13200674113595617,0.16517548371973878,0.14359886341765482,0.2201030569704663,0.09390115667718191,0.14365508802935634,0.1679036966275411,0.2601714307450641
middle,Gate piecewise low=0.3 mid=0.4 high=0.9 temp=1,0.13200674113595617,0.16517548371973878,0.14359886341765482,0.2201030569704663,0.09390115667718191,0.14365508802935634,0.1679036966275411,0.2601714307450641
middle,Gate piecewise low=0.3 mid=0.4 high=1 temp=1,0.13200674113595617,0.16517548371973878,0.14359886341765482,0.2201030569704663,0.09390115667718191,0.14365508802935634,0.1679036966275411,0.2601714307450641
middle,Gate piecewise low=0.3 mid=0.6 high=0.6 temp=1,0.13095406557653605,0.16112391005732807,0.14088476932716892,0.21728895240826285,0.09316508937960041,0.14420734692000103,0.1731948828252513,0.26999284387052785
middle,Gate piecewise low=0.3 mid=0.6 high=0.8 temp=1,0.13095406557653605,0.16112391005732807,0.14088476932716892,0.21728895240826285,0.09316508937960041,0.14420734692000103,0.1731948828252513,0.26999284387052785
middle,Gate piecewise low=0.3 mid=0.6 high=0.9 temp=1,0.13095406557653605,0.16112391005732807,0.14088476932716892,0.21728895240826285,0.09316508937960041,0.14420734692000103,0.1731948828252513,0.26999284387052785
middle,Gate piecewise low=0.3 mid=0.6 high=1 temp=1,0.13095406557653605,0.16112391005732807,0.14088476932716892,0.21728895240826285,0.09316508937960041,0.14420734692000103,0.1731948828252513,0.26999284387052785
middle,Gate piecewise low=0.3 mid=0.8 high=0.8 temp=1,0.12485220323040963,0.14809392800287402,0.13692464862589923,0.20557242210875173,0.09116719242902208,0.14159180966755422,0.16539720032100683,0.2586047088602294
middle,Gate piecewise low=0.3 mid=0.8 high=0.9 temp=1,0.12485220323040963,0.14809392800287402,0.13692464862589923,0.20557242210875173,0.09116719242902208,0.14159180966755422,0.16539720032100683,0.2586047088602294
middle,Gate piecewise low=0.3 mid=0.8 high=1 temp=1,0.12485220323040963,0.14809392800287402,0.13692464862589923,0.20557242210875173,0.09116719242902208,0.14159180966755422,0.16539720032100683,0.2586047088602294
middle,Gate piecewise low=0.3 mid=0.9 high=0.9 temp=1,0.12161579476982587,0.14705242864552304,0.13026568759460597,0.1985332924364053,0.0889589905362776,0.1377139877663218,0.16036192187780887,0.25623257128468113
middle,Gate piecewise low=0.3 mid=0.9 high=1 temp=1,0.12161579476982587,0.14705242864552304,0.13026568759460597,0.1985332924364053,0.0889589905362776,0.1377139877663218,0.16036192187780887,0.25623257128468113
middle,Gate piecewise low=0.4 mid=0.4 high=0.6 temp=1,0.13200674113595617,0.16517548371973878,0.14359886341765482,0.2201030569704663,0.09390115667718191,0.14365508802935634,0.1679036966275411,0.2601714307450641
middle,Gate piecewise low=0.4 mid=0.4 high=0.8 temp=1,0.13200674113595617,0.16517548371973878,0.14359886341765482,0.2201030569704663,0.09390115667718191,0.14365508802935634,0.1679036966275411,0.2601714307450641
middle,Gate piecewise low=0.4 mid=0.4 high=0.9 temp=1,0.13200674113595617,0.16517548371973878,0.14359886341765482,0.2201030569704663,0.09390115667718191,0.14365508802935634,0.1679036966275411,0.2601714307450641
middle,Gate piecewise low=0.4 mid=0.4 high=1 temp=1,0.13200674113595617,0.16517548371973878,0.14359886341765482,0.2201030569704663,0.09390115667718191,0.14365508802935634,0.1679036966275411,0.2601714307450641
middle,Gate piecewise low=0.4 mid=0.6 high=0.6 temp=1,0.13095406557653605,0.16112391005732807,0.14088476932716892,0.21728895240826285,0.09316508937960041,0.14420734692000103,0.1731948828252513,0.26999284387052785
middle,Gate piecewise low=0.4 mid=0.6 high=0.8 temp=1,0.13095406557653605,0.16112391005732807,0.14088476932716892,0.21728895240826285,0.09316508937960041,0.14420734692000103,0.1731948828252513,0.26999284387052785
middle,Gate piecewise low=0.4 mid=0.6 high=0.9 temp=1,0.13095406557653605,0.16112391005732807,0.14088476932716892,0.21728895240826285,0.09316508937960041,0.14420734692000103,0.1731948828252513,0.26999284387052785
middle,Gate piecewise low=0.4 mid=0.6 high=1 temp=1,0.13095406557653605,0.16112391005732807,0.14088476932716892,0.21728895240826285,0.09316508937960041,0.14420734692000103,0.1731948828252513,0.26999284387052785
middle,Gate piecewise low=0.4 mid=0.8 high=0.8 temp=1,0.12485220323040963,0.14809392800287402,0.13692464862589923,0.20557242210875173,0.09116719242902208,0.14159180966755422,0.16539720032100683,0.2586047088602294
middle,Gate piecewise low=0.4 mid=0.8 high=0.9 temp=1,0.12485220323040963,0.14809392800287402,0.13692464862589923,0.20557242210875173,0.09116719242902208,0.14159180966755422,0.16539720032100683,0.2586047088602294
middle,Gate piecewise low=0.4 mid=0.8 high=1 temp=1,0.12485220323040963,0.14809392800287402,0.13692464862589923,0.20557242210875173,0.09116719242902208,0.14159180966755422,0.16539720032100683,0.2586047088602294
middle,Gate piecewise low=0.4 mid=0.9 high=0.9 temp=1,0.12161579476982587,0.14705242864552304,0.13026568759460597,0.1985332924364053,0.0889589905362776,0.1377139877663218,0.16036192187780887,0.25623257128468113
middle,Gate piecewise low=0.4 mid=0.9 high=1 temp=1,0.12161579476982587,0.14705242864552304,0.13026568759460597,0.1985332924364053,0.0889589905362776,0.1377139877663218,0.16036192187780887,0.25623257128468113
middle,Gate piecewise low=0.5 mid=0.6 high=0.6 temp=1,0.13095406557653605,0.16112391005732807,0.14088476932716892,0.21728895240826285,0.09316508937960041,0.14420734692000103,0.1731948828252513,0.26999284387052785
middle,Gate piecewise low=0.5 mid=0.6 high=0.8 temp=1,0.13095406557653605,0.16112391005732807,0.14088476932716892,0.21728895240826285,0.09316508937960041,0.14420734692000103,0.1731948828252513,0.26999284387052785
middle,Gate piecewise low=0.5 mid=0.6 high=0.9 temp=1,0.13095406557653605,0.16112391005732807,0.14088476932716892,0.21728895240826285,0.09316508937960041,0.14420734692000103,0.1731948828252513,0.26999284387052785
middle,Gate piecewise low=0.5 mid=0.6 high=1 temp=1,0.13095406557653605,0.16112391005732807,0.14088476932716892,0.21728895240826285,0.09316508937960041,0.14420734692000103,0.1731948828252513,0.26999284387052785
middle,Gate piecewise low=0.5 mid=0.8 high=0.8 temp=1,0.12485220323040963,0.14809392800287402,0.13692464862589923,0.20557242210875173,0.09116719242902208,0.14159180966755422,0.16539720032100683,0.2586047088602294
middle,Gate piecewise low=0.5 mid=0.8 high=0.9 temp=1,0.12485220323040963,0.14809392800287402,0.13692464862589923,0.20557242210875173,0.09116719242902208,0.14159180966755422,0.16539720032100683,0.2586047088602294
middle,Gate piecewise low=0.5 mid=0.8 high=1 temp=1,0.12485220323040963,0.14809392800287402,0.13692464862589923,0.20557242210875173,0.09116719242902208,0.14159180966755422,0.16539720032100683,0.2586047088602294
middle,Gate piecewise low=0.5 mid=0.9 high=0.9 temp=1,0.12161579476982587,0.14705242864552304,0.13026568759460597,0.1985332924364053,0.0889589905362776,0.1377139877663218,0.16036192187780887,0.25623257128468113
middle,Gate piecewise low=0.5 mid=0.9 high=1 temp=1,0.12161579476982587,0.14705242864552304,0.13026568759460597,0.1985332924364053,0.0889589905362776,0.1377139877663218,0.16036192187780887,0.25623257128468113
middle,Gate piecewise low=0.6 mid=0.6 high=0.6 temp=1,0.13095406557653605,0.16112391005732807,0.14088476932716892,0.21728895240826285,0.09316508937960041,0.14420734692000103,0.1731948828252513,0.26999284387052785
middle,Gate piecewise low=0.6 mid=0.6 high=0.8 temp=1,0.13095406557653605,0.16112391005732807,0.14088476932716892,0.21728895240826285,0.09316508937960041,0.14420734692000103,0.1731948828252513,0.26999284387052785
middle,Gate piecewise low=0.6 mid=0.6 high=0.9 temp=1,0.13095406557653605,0.16112391005732807,0.14088476932716892,0.21728895240826285,0.09316508937960041,0.14420734692000103,0.1731948828252513,0.26999284387052785
middle,Gate piecewise low=0.6 mid=0.6 high=1 temp=1,0.13095406557653605,0.16112391005732807,0.14088476932716892,0.21728895240826285,0.09316508937960041,0.14420734692000103,0.1731948828252513,0.26999284387052785
middle,Gate piecewise low=0.6 mid=0.8 high=0.8 temp=1,0.12485220323040963,0.14809392800287402,0.13692464862589923,0.20557242210875173,0.09116719242902208,0.14159180966755422,0.16539720032100683,0.2586047088602294
middle,Gate piecewise low=0.6 mid=0.8 high=0.9 temp=1,0.12485220323040963,0.14809392800287402,0.13692464862589923,0.20557242210875173,0.09116719242902208,0.14159180966755422,0.16539720032100683,0.2586047088602294
middle,Gate piecewise low=0.6 mid=0.8 high=1 temp=1,0.12485220323040963,0.14809392800287402,0.13692464862589923,0.20557242210875173,0.09116719242902208,0.14159180966755422,0.16539720032100683,0.2586047088602294
middle,Gate piecewise low=0.6 mid=0.9 high=0.9 temp=1,0.12161579476982587,0.14705242864552304,0.13026568759460597,0.1985332924364053,0.0889589905362776,0.1377139877663218,0.16036192187780887,0.25623257128468113
middle,Gate piecewise low=0.6 mid=0.9 high=1 temp=1,0.12161579476982587,0.14705242864552304,0.13026568759460597,0.1985332924364053,0.0889589905362776,0.1377139877663218,0.16036192187780887,0.25623257128468113
middle,Gate piecewise low=0.7 mid=0.8 high=0.8 temp=1,0.12485220323040963,0.14809392800287402,0.13692464862589923,0.20557242210875173,0.09116719242902208,0.14159180966755422,0.16539720032100683,0.2586047088602294
middle,Gate piecewise low=0.7 mid=0.8 high=0.9 temp=1,0.12485220323040963,0.14809392800287402,0.13692464862589923,0.20557242210875173,0.09116719242902208,0.14159180966755422,0.16539720032100683,0.2586047088602294
middle,Gate piecewise low=0.7 mid=0.8 high=1 temp=1,0.12485220323040963,0.14809392800287402,0.13692464862589923,0.20557242210875173,0.09116719242902208,0.14159180966755422,0.16539720032100683,0.2586047088602294
middle,Gate piecewise low=0.7 mid=0.9 high=0.9 temp=1,0.12161579476982587,0.14705242864552304,0.13026568759460597,0.1985332924364053,0.0889589905362776,0.1377139877663218,0.16036192187780887,0.25623257128468113
middle,Gate piecewise low=0.7 mid=0.9 high=1 temp=1,0.12161579476982587,0.14705242864552304,0.13026568759460597,0.1985332924364053,0.0889589905362776,0.1377139877663218,0.16036192187780887,0.25623257128468113
middle,Gate sigmoid low=0 mid=0 high=0.8 temp=0.5,0.12468832625302076,0.1592917724795963,0.13310472207065413,0.21359884930239018,0.08864353312302839,0.13779024193207418,0.1640524342266144,0.2630538641658346
middle,Gate sigmoid low=0 mid=0 high=0.8 temp=1,0.12843798243315233,0.16075499814259708,0.13840262918061555,0.21516181754421418,0.0928496319663512,0.1412898932865445,0.17139033493836162,0.26750033900901554
middle,Gate sigmoid low=0 mid=0 high=0.8 temp=2,0.1307112391057499,0.1639824097396553,0.14052573891295844,0.21800729000546312,0.09369085173501578,0.14251734535471336,0.16746755741067323,0.26075819127420696
middle,Gate sigmoid low=0 mid=0 high=0.9 temp=0.5,0.12228620998034066,0.1528070822609851,0.13040773934870423,0.20865452184968267,0.0879074658254469,0.13675546193978,0.1635210792489673,0.26358085156134325
middle,Gate sigmoid low=0 mid=0 high=0.9 temp=1,0.12741838163443342,0.15714127601351835,0.1362142721895634,0.2119445776503853,0.0907465825446898,0.13956690926668022,0.1660480311994587,0.26286846871076336
middle,Gate sigmoid low=0 mid=0 high=0.9 temp=2,0.12992376711279396,0.1611114641213905,0.13849753772957243,0.21578261496079787,0.09200841219768664,0.1409959705703738,0.16719753614194308,0.26065655693791406
middle,Gate sigmoid low=0 mid=0 high=1 temp=0.5,0.12146740577691931,0.1507427098535425,0.12894203880733585,0.2058239591454065,0.08696109358569927,0.13297074537785744,0.16365794712203385,0.26157467925623334
middle,Gate sigmoid low=0 mid=0 high=1 temp=1,0.12833524208708105,0.16041242919779108,0.13695855207184465,0.21423794365424906,0.09032597266035752,0.13948801395338578,0.16678676354186608,0.26560180528519045
middle,Gate sigmoid low=0 mid=0 high=1 temp=2,0.1308214735813638,0.16238513629465012,0.1394209716899495,0.21765007309384057,0.0917981072555205,0.14073464525680512,0.17026378426472533,0.2667612877318839
middle,Gate sigmoid low=0.1 mid=0 high=0.8 temp=0.5,0.12570039035653088,0.15641493782164015,0.13490641452008245,0.21244646710975057,0.08906414300736068,0.13782431554721197,0.16529759267715644,0.2662707279018753
middle,Gate sigmoid low=0.1 mid=0 high=0.8 temp=1,0.12976128007862409,0.1635575905510513,0.1384445194121886,0.21652154281554356,0.09169295478443744,0.14047878588962856,0.1669254070880346,0.26218422009951403
middle,Gate sigmoid low=0.1 mid=0 high=0.8 temp=2,0.13049873583614893,0.16156759402791976,0.13989285176210417,0.21714659668438924,0.09200841219768664,0.14124473834295206,0.1673964611647106,0.2612396262707851
middle,Gate sigmoid low=0.1 mid=0 high=0.9 temp=0.5,0.12418624072226243,0.15415446383229567,0.13260885896742042,0.20947704443633985,0.08801261829652997,0.1360957024033189,0.16416244840424246,0.26462464572536515
middle,Gate sigmoid low=0.1 mid=0 high=0.9 temp=1,0.129123585302308,0.1610120686830479,0.1376715234691748,0.2155755161277173,0.09106203995793902,0.14028993025813863,0.16764052801463347,0.26446302830591245
middle,Gate sigmoid low=0.1 mid=0 high=0.9 temp=2,0.13069894160758733,0.16175830339052827,0.13898267431196323,0.217633159380752,0.09232386961093586,0.14151056076477794,0.1714240522813644,0.26672650712971385
middle,Gate sigmoid low=0.1 mid=0 high=1 temp=0.5,0.12371564560084376,0.152360136610561,0.13171047230065588,0.20716997472505344,0.08769716088328075,0.13632526533922382,0.16446901822312568,0.264808455064585
middle,Gate sigmoid low=0.1 mid=0 high=1 temp=1,0.12876845540375284,0.15836381976388178,0.1373500471870699,0.21343842925108086,0.09116719242902208,0.14039665623152847,0.17020556177062038,0.26793191935266025
middle,Gate sigmoid low=0.1 mid=0 high=1 temp=2,0.13051988661290934,0.16177441441897644,0.13837101503289334,0.21701498190644178,0.09221871713985279,0.14070867492466055,0.17140346122754532,0.2681368111992019
middle,Gate sigmoid low=0.2 mid=0 high=0.8 temp=0.5,0.12723028776467685,0.15721470488895137,0.1359441880043944,0.21287818624172797,0.08980021030494217,0.14010350761245383,0.166505368980094,0.265927365655947
middle,Gate sigmoid low=0.2 mid=0 high=0.8 temp=1,0.13015278845780612,0.1615076051212275,0.13912644290985757,0.21638908845533428,0.09085173501577286,0.13972468513820643,0.16894377198488747,0.26646691968661995
middle,Gate sigmoid low=0.2 mid=0 high=0.8 temp=2,0.13082314772699816,0.1621062840713377,0.1398457486630451,0.21764066263875964,0.09369085173501578,0.1426158430327765,0.17338076440055894,0.26701829100654834
middle,Gate sigmoid low=0.2 mid=0 high=0.9 temp=0.5,0.12607348478531302,0.15521574292517648,0.1353968683642501,0.21161081957137676,0.08916929547844374,0.13889825926930907,0.1653934848968957,0.2659363958343281
middle,Gate sigmoid low=0.2 mid=0 high=0.9 temp=1,0.13076314399494815,0.16286849165284054,0.13950269047274166,0.21734704859263776,0.09200841219768664,0.14054707898282562,0.17207692148776885,0.268383801836446
middle,Gate sigmoid low=0.2 mid=0 high=0.9 temp=2,0.13127307047789297,0.1632444701407944,0.13979407129509464,0.21894310043010218,0.09211356466876972,0.1397012223537652,0.1717386999636345,0.26655893200507874
middle,Gate sigmoid low=0.2 mid=0 high=1 temp=0.5,0.12431783208882358,0.15084065498116964,0.13276141888003606,0.20801609403468657,0.08895899053627761,0.13694708923172047,0.1681987304670329,0.2677956886630703
middle,Gate sigmoid low=0.2 mid=0 high=1 temp=1,0.128828709555083,0.15659602347060703,0.1389423371161769,0.21450084075887368,0.09043112513144058,0.13818041913031592,0.17156250074113072,0.2692463925712285
middle,Gate sigmoid low=0.2 mid=0 high=1 temp=2,0.13009737257817916,0.16091134532175017,0.14001709143103083,0.21657810788355167,0.09127234490010515,0.14030319157861315,0.1710242853946856,0.2688249146613842
middle,Gate sigmoid low=0.4 mid=0 high=0.8 temp=0.5,0.12850402110344578,0.15612992445589047,0.13868764576367945,0.21394512154742193,0.09043112513144058,0.13828200601677967,0.17165473975085271,0.26941660606231643
middle,Gate sigmoid low=0.4 mid=0 high=0.8 temp=1,0.130155722816714,0.16095464416833155,0.1400918369843331,0.2166621769548646,0.09127234490010515,0.14030319157861315,0.1710242853946856,0.2688249146613842
middle,Gate sigmoid low=0.4 mid=0 high=0.8 temp=2,0.13107417245443082,0.16177225255205024,0.1419385678404477,0.21807234289408153,0.09200841219768664,0.14184000088669785,0.1713711675272844,0.2679888303698038
middle,Gate sigmoid low=0.4 mid=0 high=0.9 temp=0.5,0.12745829152327218,0.15451703684808002,0.1383928236364338,0.21106881929939467,0.08990536277602523,0.1382445605487221,0.16918170707418526,0.27004048978108386
middle,Gate sigmoid low=0.4 mid=0 high=0.9 temp=1,0.12860573124275085,0.15728255335039568,0.13917918830248202,0.21369304423273838,0.09085173501577287,0.14007599718171954,0.17246741820709055,0.27056922374215187
middle,Gate sigmoid low=0.4 mid=0 high=0.9 temp=2,0.12924340488872593,0.15699487926263614,0.14033260419819568,0.21477868002693784,0.09200841219768664,0.14198842659537717,0.17236344550861793,0.2694850211548212
middle,Gate sigmoid low=0.4 mid=0 high=1 temp=0.5,0.12610785554689113,0.15424153911128247,0.13776557188338107,0.2099455943683602,0.09011566771819138,0.13886783852650708,0.17133389423724904,0.27337306019253194
middle,Gate sigmoid low=0.4 mid=0 high=1 temp=1,0.12661945649642808,0.15407743132346985,0.13831447588059198,0.21095338104861833,0.09022082018927445,0.13927917051141123,0.17174213968869875,0.27073674215041443
middle,Gate sigmoid low=0.4 mid=0 high=1 temp=2,0.1274307664348797,0.1548238042719358,0.13898915255080957,0.21164881170721925,0.09190325972660357,0.14262387986410183,0.17452247687911918,0.27222281521850134
middle,Gate sigmoid low=0.6 mid=0 high=0.8 temp=0.5,0.1274134993651061,0.1550298816793852,0.1390055450692815,0.21195508376311917,0.09169295478443744,0.14221735489185217,0.17355512606353773,0.2704363920871884
middle,Gate sigmoid low=0.6 mid=0 high=0.8 temp=1,0.1278033856655286,0.15506558847558052,0.13950079380846522,0.21221185084559138,0.09253417455310199,0.1424120531407178,0.1762435185762314,0.27282788354417437
middle,Gate sigmoid low=0.6 mid=0 high=0.8 temp=2,0.12799781759226142,0.15522661892783773,0.13955020757719652,0.21204738651401026,0.09242902208201893,0.14181360824291778,0.1758936898493977,0.2720858230429625
middle,Gate sigmoid low=0.6 mid=0 high=0.9 temp=0.5,0.12574882794121062,0.1531176941909726,0.13830019302294244,0.20938710297068705,0.09116719242902208,0.1406963963716865,0.17467385087051832,0.27241419126108557
middle,Gate sigmoid low=0.6 mid=0 high=0.9 temp=1,0.1256016461657761,0.1524035315498347,0.13840513624370435,0.20995896805614647,0.09148264984227131,0.14250083178797876,0.16994164095017253,0.26678722355981205
middle,Gate sigmoid low=0.6 mid=0 high=0.9 temp=2,0.12588960998924328,0.15288471963257297,0.13826902336783967,0.2103190576245994,0.09242902208201893,0.14299691943120552,0.1709924731202876,0.2649011923261411
middle,Gate sigmoid low=0.6 mid=0 high=1 temp=0.5,0.12493529172470902,0.15177740582782073,0.13829174213941506,0.20940009275248753,0.09053627760252367,0.14234239857682063,0.16659046259635318,0.2648066308510456
middle,Gate sigmoid low=0.6 mid=0 high=1 temp=1,0.1251135520764535,0.15168543715353422,0.13726839910030178,0.20844265698784745,0.09116719242902208,0.14104528812215206,0.16920680830306192,0.2639490145823399
middle,Gate sigmoid low=0.6 mid=0 high=1 temp=2,0.12509363246741562,0.15121071462676738,0.13625020113404004,0.2079773496024993,0.09043112513144058,0.1409473821977187,0.16606342746014033,0.2599259717233778
rare,CAFNet,0.0717861564476584,0.12340112315579148,0.0841248796386466,0.17064546812282103,0.04328837508028259,0.08044157753116783,0.12087269871315796,0.23653425152576968
rare,CAFNet-D full,0.06401003369233223,0.11364222483608535,0.0667769875327525,0.15696754369243182,0.038535645472061654,0.07841138231576189,0.10325940989705061,0.22480675894053168
rare,Gate piecewise low=0 mid=0 high=0.6 temp=1,0.0717861564476584,0.12340112315579148,0.0841248796386466,0.17064546812282103,0.04328837508028259,0.08044157753116783,0.12087269871315796,0.23653425152576968
rare,Gate piecewise low=0 mid=0 high=0.8 temp=1,0.0717861564476584,0.12340112315579148,0.0841248796386466,0.17064546812282103,0.04328837508028259,0.08044157753116783,0.12087269871315796,0.23653425152576968
rare,Gate piecewise low=0 mid=0 high=0.9 temp=1,0.0717861564476584,0.12340112315579148,0.0841248796386466,0.17064546812282103,0.04328837508028259,0.08044157753116783,0.12087269871315796,0.23653425152576968
rare,Gate piecewise low=0 mid=0 high=1 temp=1,0.0717861564476584,0.12340112315579148,0.0841248796386466,0.17064546812282103,0.04328837508028259,0.08044157753116783,0.12087269871315796,0.23653425152576968
rare,Gate piecewise low=0 mid=0.2 high=0.6 temp=1,0.0717861564476584,0.12340112315579148,0.0841248796386466,0.17064546812282103,0.04328837508028259,0.08044157753116783,0.12087269871315796,0.23653425152576968
rare,Gate piecewise low=0 mid=0.2 high=0.8 temp=1,0.0717861564476584,0.12340112315579148,0.0841248796386466,0.17064546812282103,0.04328837508028259,0.08044157753116783,0.12087269871315796,0.23653425152576968
rare,Gate piecewise low=0 mid=0.2 high=0.9 temp=1,0.0717861564476584,0.12340112315579148,0.0841248796386466,0.17064546812282103,0.04328837508028259,0.08044157753116783,0.12087269871315796,0.23653425152576968
rare,Gate piecewise low=0 mid=0.2 high=1 temp=1,0.0717861564476584,0.12340112315579148,0.0841248796386466,0.17064546812282103,0.04328837508028259,0.08044157753116783,0.12087269871315796,0.23653425152576968
rare,Gate piecewise low=0 mid=0.4 high=0.6 temp=1,0.0717861564476584,0.12340112315579148,0.0841248796386466,0.17064546812282103,0.04328837508028259,0.08044157753116783,0.12087269871315796,0.23653425152576968
rare,Gate piecewise low=0 mid=0.4 high=0.8 temp=1,0.0717861564476584,0.12340112315579148,0.0841248796386466,0.17064546812282103,0.04328837508028259,0.08044157753116783,0.12087269871315796,0.23653425152576968
rare,Gate piecewise low=0 mid=0.4 high=0.9 temp=1,0.0717861564476584,0.12340112315579148,0.0841248796386466,0.17064546812282103,0.04328837508028259,0.08044157753116783,0.12087269871315796,0.23653425152576968
rare,Gate piecewise low=0 mid=0.4 high=1 temp=1,0.0717861564476584,0.12340112315579148,0.0841248796386466,0.17064546812282103,0.04328837508028259,0.08044157753116783,0.12087269871315796,0.23653425152576968
rare,Gate piecewise low=0 mid=0.6 high=0.6 temp=1,0.0717861564476584,0.12340112315579148,0.0841248796386466,0.17064546812282103,0.04328837508028259,0.08044157753116783,0.12087269871315796,0.23653425152576968
rare,Gate piecewise low=0 mid=0.6 high=0.8 temp=1,0.0717861564476584,0.12340112315579148,0.0841248796386466,0.17064546812282103,0.04328837508028259,0.08044157753116783,0.12087269871315796,0.23653425152576968
rare,Gate piecewise low=0 mid=0.6 high=0.9 temp=1,0.0717861564476584,0.12340112315579148,0.0841248796386466,0.17064546812282103,0.04328837508028259,0.08044157753116783,0.12087269871315796,0.23653425152576968
rare,Gate piecewise low=0 mid=0.6 high=1 temp=1,0.0717861564476584,0.12340112315579148,0.0841248796386466,0.17064546812282103,0.04328837508028259,0.08044157753116783,0.12087269871315796,0.23653425152576968
rare,Gate piecewise low=0 mid=0.8 high=0.8 temp=1,0.0717861564476584,0.12340112315579148,0.0841248796386466,0.17064546812282103,0.04328837508028259,0.08044157753116783,0.12087269871315796,0.23653425152576968
rare,Gate piecewise low=0 mid=0.8 high=0.9 temp=1,0.0717861564476584,0.12340112315579148,0.0841248796386466,0.17064546812282103,0.04328837508028259,0.08044157753116783,0.12087269871315796,0.23653425152576968
rare,Gate piecewise low=0 mid=0.8 high=1 temp=1,0.0717861564476584,0.12340112315579148,0.0841248796386466,0.17064546812282103,0.04328837508028259,0.08044157753116783,0.12087269871315796,0.23653425152576968
rare,Gate piecewise low=0 mid=0.9 high=0.9 temp=1,0.0717861564476584,0.12340112315579148,0.0841248796386466,0.17064546812282103,0.04328837508028259,0.08044157753116783,0.12087269871315796,0.23653425152576968
rare,Gate piecewise low=0 mid=0.9 high=1 temp=1,0.0717861564476584,0.12340112315579148,0.0841248796386466,0.17064546812282103,0.04328837508028259,0.08044157753116783,0.12087269871315796,0.23653425152576968
rare,Gate piecewise low=0.1 mid=0.2 high=0.6 temp=1,0.07589298297786383,0.12899553916842013,0.09006868568871221,0.1744232665255694,0.046371226718047526,0.0828441139126252,0.13497724231695013,0.2541363057957865
rare,Gate piecewise low=0.1 mid=0.2 high=0.8 temp=1,0.07589298297786383,0.12899553916842013,0.09006868568871221,0.1744232665255694,0.046371226718047526,0.0828441139126252,0.13497724231695013,0.2541363057957865
rare,Gate piecewise low=0.1 mid=0.2 high=0.9 temp=1,0.07589298297786383,0.12899553916842013,0.09006868568871221,0.1744232665255694,0.046371226718047526,0.0828441139126252,0.13497724231695013,0.2541363057957865
rare,Gate piecewise low=0.1 mid=0.2 high=1 temp=1,0.07589298297786383,0.12899553916842013,0.09006868568871221,0.1744232665255694,0.046371226718047526,0.0828441139126252,0.13497724231695013,0.2541363057957865
rare,Gate piecewise low=0.1 mid=0.4 high=0.6 temp=1,0.07589298297786383,0.12899553916842013,0.09006868568871221,0.1744232665255694,0.046371226718047526,0.0828441139126252,0.13497724231695013,0.2541363057957865
rare,Gate piecewise low=0.1 mid=0.4 high=0.8 temp=1,0.07589298297786383,0.12899553916842013,0.09006868568871221,0.1744232665255694,0.046371226718047526,0.0828441139126252,0.13497724231695013,0.2541363057957865
rare,Gate piecewise low=0.1 mid=0.4 high=0.9 temp=1,0.07589298297786383,0.12899553916842013,0.09006868568871221,0.1744232665255694,0.046371226718047526,0.0828441139126252,0.13497724231695013,0.2541363057957865
rare,Gate piecewise low=0.1 mid=0.4 high=1 temp=1,0.07589298297786383,0.12899553916842013,0.09006868568871221,0.1744232665255694,0.046371226718047526,0.0828441139126252,0.13497724231695013,0.2541363057957865
rare,Gate piecewise low=0.1 mid=0.6 high=0.6 temp=1,0.07589298297786383,0.12899553916842013,0.09006868568871221,0.1744232665255694,0.046371226718047526,0.0828441139126252,0.13497724231695013,0.2541363057957865
rare,Gate piecewise low=0.1 mid=0.6 high=0.8 temp=1,0.07589298297786383,0.12899553916842013,0.09006868568871221,0.1744232665255694,0.046371226718047526,0.0828441139126252,0.13497724231695013,0.2541363057957865
rare,Gate piecewise low=0.1 mid=0.6 high=0.9 temp=1,0.07589298297786383,0.12899553916842013,0.09006868568871221,0.1744232665255694,0.046371226718047526,0.0828441139126252,0.13497724231695013,0.2541363057957865
rare,Gate piecewise low=0.1 mid=0.6 high=1 temp=1,0.07589298297786383,0.12899553916842013,0.09006868568871221,0.1744232665255694,0.046371226718047526,0.0828441139126252,0.13497724231695013,0.2541363057957865
rare,Gate piecewise low=0.1 mid=0.8 high=0.8 temp=1,0.07589298297786383,0.12899553916842013,0.09006868568871221,0.1744232665255694,0.046371226718047526,0.0828441139126252,0.13497724231695013,0.2541363057957865
rare,Gate piecewise low=0.1 mid=0.8 high=0.9 temp=1,0.07589298297786383,0.12899553916842013,0.09006868568871221,0.1744232665255694,0.046371226718047526,0.0828441139126252,0.13497724231695013,0.2541363057957865
rare,Gate piecewise low=0.1 mid=0.8 high=1 temp=1,0.07589298297786383,0.12899553916842013,0.09006868568871221,0.1744232665255694,0.046371226718047526,0.0828441139126252,0.13497724231695013,0.2541363057957865
rare,Gate piecewise low=0.1 mid=0.9 high=0.9 temp=1,0.07589298297786383,0.12899553916842013,0.09006868568871221,0.1744232665255694,0.046371226718047526,0.0828441139126252,0.13497724231695013,0.2541363057957865
rare,Gate piecewise low=0.1 mid=0.9 high=1 temp=1,0.07589298297786383,0.12899553916842013,0.09006868568871221,0.1744232665255694,0.046371226718047526,0.0828441139126252,0.13497724231695013,0.2541363057957865
rare,Gate piecewise low=0.2 mid=0.2 high=0.6 temp=1,0.07795971234517886,0.1307473145674959,0.0917133957990513,0.17527932653834094,0.0472703917790623,0.08454422369649227,0.13752106971515368,0.25596979384223556
rare,Gate piecewise low=0.2 mid=0.2 high=0.8 temp=1,0.07795971234517886,0.1307473145674959,0.0917133957990513,0.17527932653834094,0.0472703917790623,0.08454422369649227,0.13752106971515368,0.25596979384223556
rare,Gate piecewise low=0.2 mid=0.2 high=0.9 temp=1,0.07795971234517886,0.1307473145674959,0.0917133957990513,0.17527932653834094,0.0472703917790623,0.08454422369649227,0.13752106971515368,0.25596979384223556
rare,Gate piecewise low=0.2 mid=0.2 high=1 temp=1,0.07795971234517886,0.1307473145674959,0.0917133957990513,0.17527932653834094,0.0472703917790623,0.08454422369649227,0.13752106971515368,0.25596979384223556
rare,Gate piecewise low=0.2 mid=0.4 high=0.6 temp=1,0.07795971234517886,0.1307473145674959,0.0917133957990513,0.17527932653834094,0.0472703917790623,0.08454422369649227,0.13752106971515368,0.25596979384223556
rare,Gate piecewise low=0.2 mid=0.4 high=0.8 temp=1,0.07795971234517886,0.1307473145674959,0.0917133957990513,0.17527932653834094,0.0472703917790623,0.08454422369649227,0.13752106971515368,0.25596979384223556
rare,Gate piecewise low=0.2 mid=0.4 high=0.9 temp=1,0.07795971234517886,0.1307473145674959,0.0917133957990513,0.17527932653834094,0.0472703917790623,0.08454422369649227,0.13752106971515368,0.25596979384223556
rare,Gate piecewise low=0.2 mid=0.4 high=1 temp=1,0.07795971234517886,0.1307473145674959,0.0917133957990513,0.17527932653834094,0.0472703917790623,0.08454422369649227,0.13752106971515368,0.25596979384223556
rare,Gate piecewise low=0.2 mid=0.6 high=0.6 temp=1,0.07795971234517886,0.1307473145674959,0.0917133957990513,0.17527932653834094,0.0472703917790623,0.08454422369649227,0.13752106971515368,0.25596979384223556
rare,Gate piecewise low=0.2 mid=0.6 high=0.8 temp=1,0.07795971234517886,0.1307473145674959,0.0917133957990513,0.17527932653834094,0.0472703917790623,0.08454422369649227,0.13752106971515368,0.25596979384223556
rare,Gate piecewise low=0.2 mid=0.6 high=0.9 temp=1,0.07795971234517886,0.1307473145674959,0.0917133957990513,0.17527932653834094,0.0472703917790623,0.08454422369649227,0.13752106971515368,0.25596979384223556
rare,Gate piecewise low=0.2 mid=0.6 high=1 temp=1,0.07795971234517886,0.1307473145674959,0.0917133957990513,0.17527932653834094,0.0472703917790623,0.08454422369649227,0.13752106971515368,0.25596979384223556
rare,Gate piecewise low=0.2 mid=0.8 high=0.8 temp=1,0.07795971234517886,0.1307473145674959,0.0917133957990513,0.17527932653834094,0.0472703917790623,0.08454422369649227,0.13752106971515368,0.25596979384223556
rare,Gate piecewise low=0.2 mid=0.8 high=0.9 temp=1,0.07795971234517886,0.1307473145674959,0.0917133957990513,0.17527932653834094,0.0472703917790623,0.08454422369649227,0.13752106971515368,0.25596979384223556
rare,Gate piecewise low=0.2 mid=0.8 high=1 temp=1,0.07795971234517886,0.1307473145674959,0.0917133957990513,0.17527932653834094,0.0472703917790623,0.08454422369649227,0.13752106971515368,0.25596979384223556
rare,Gate piecewise low=0.2 mid=0.9 high=0.9 temp=1,0.07795971234517886,0.1307473145674959,0.0917133957990513,0.17527932653834094,0.0472703917790623,0.08454422369649227,0.13752106971515368,0.25596979384223556
rare,Gate piecewise low=0.2 mid=0.9 high=1 temp=1,0.07795971234517886,0.1307473145674959,0.0917133957990513,0.17527932653834094,0.0472703917790623,0.08454422369649227,0.13752106971515368,0.25596979384223556
rare,Gate piecewise low=0.3 mid=0.4 high=0.6 temp=1,0.0802260280648086,0.1423556196452675,0.09137896880750856,0.18076275075005338,0.04560051380860629,0.08275486555619109,0.1320614281869241,0.25166676004620847
rare,Gate piecewise low=0.3 mid=0.4 high=0.8 temp=1,0.0802260280648086,0.1423556196452675,0.09137896880750856,0.18076275075005338,0.04560051380860629,0.08275486555619109,0.1320614281869241,0.25166676004620847
rare,Gate piecewise low=0.3 mid=0.4 high=0.9 temp=1,0.0802260280648086,0.1423556196452675,0.09137896880750856,0.18076275075005338,0.04560051380860629,0.08275486555619109,0.1320614281869241,0.25166676004620847
rare,Gate piecewise low=0.3 mid=0.4 high=1 temp=1,0.0802260280648086,0.1423556196452675,0.09137896880750856,0.18076275075005338,0.04560051380860629,0.08275486555619109,0.1320614281869241,0.25166676004620847
rare,Gate piecewise low=0.3 mid=0.6 high=0.6 temp=1,0.0802260280648086,0.1423556196452675,0.09137896880750856,0.18076275075005338,0.04560051380860629,0.08275486555619109,0.1320614281869241,0.25166676004620847
rare,Gate piecewise low=0.3 mid=0.6 high=0.8 temp=1,0.0802260280648086,0.1423556196452675,0.09137896880750856,0.18076275075005338,0.04560051380860629,0.08275486555619109,0.1320614281869241,0.25166676004620847
rare,Gate piecewise low=0.3 mid=0.6 high=0.9 temp=1,0.0802260280648086,0.1423556196452675,0.09137896880750856,0.18076275075005338,0.04560051380860629,0.08275486555619109,0.1320614281869241,0.25166676004620847
rare,Gate piecewise low=0.3 mid=0.6 high=1 temp=1,0.0802260280648086,0.1423556196452675,0.09137896880750856,0.18076275075005338,0.04560051380860629,0.08275486555619109,0.1320614281869241,0.25166676004620847
rare,Gate piecewise low=0.3 mid=0.8 high=0.8 temp=1,0.0802260280648086,0.1423556196452675,0.09137896880750856,0.18076275075005338,0.04560051380860629,0.08275486555619109,0.1320614281869241,0.25166676004620847
rare,Gate piecewise low=0.3 mid=0.8 high=0.9 temp=1,0.0802260280648086,0.1423556196452675,0.09137896880750856,0.18076275075005338,0.04560051380860629,0.08275486555619109,0.1320614281869241,0.25166676004620847
rare,Gate piecewise low=0.3 mid=0.8 high=1 temp=1,0.0802260280648086,0.1423556196452675,0.09137896880750856,0.18076275075005338,0.04560051380860629,0.08275486555619109,0.1320614281869241,0.25166676004620847
rare,Gate piecewise low=0.3 mid=0.9 high=0.9 temp=1,0.0802260280648086,0.1423556196452675,0.09137896880750856,0.18076275075005338,0.04560051380860629,0.08275486555619109,0.1320614281869241,0.25166676004620847
rare,Gate piecewise low=0.3 mid=0.9 high=1 temp=1,0.0802260280648086,0.1423556196452675,0.09137896880750856,0.18076275075005338,0.04560051380860629,0.08275486555619109,0.1320614281869241,0.25166676004620847
rare,Gate piecewise low=0.4 mid=0.4 high=0.6 temp=1,0.08055467669755435,0.14835946845622172,0.08890449993556807,0.18592292628017507,0.044958253050738604,0.08397917922813979,0.125118699553747,0.2423992936459806
rare,Gate piecewise low=0.4 mid=0.4 high=0.8 temp=1,0.08055467669755435,0.14835946845622172,0.08890449993556807,0.18592292628017507,0.044958253050738604,0.08397917922813979,0.125118699553747,0.2423992936459806
rare,Gate piecewise low=0.4 mid=0.4 high=0.9 temp=1,0.08055467669755435,0.14835946845622172,0.08890449993556807,0.18592292628017507,0.044958253050738604,0.08397917922813979,0.125118699553747,0.2423992936459806
rare,Gate piecewise low=0.4 mid=0.4 high=1 temp=1,0.08055467669755435,0.14835946845622172,0.08890449993556807,0.18592292628017507,0.044958253050738604,0.08397917922813979,0.125118699553747,0.2423992936459806
rare,Gate piecewise low=0.4 mid=0.6 high=0.6 temp=1,0.08055467669755435,0.14835946845622172,0.08890449993556807,0.18592292628017507,0.044958253050738604,0.08397917922813979,0.125118699553747,0.2423992936459806
rare,Gate piecewise low=0.4 mid=0.6 high=0.8 temp=1,0.08055467669755435,0.14835946845622172,0.08890449993556807,0.18592292628017507,0.044958253050738604,0.08397917922813979,0.125118699553747,0.2423992936459806
rare,Gate piecewise low=0.4 mid=0.6 high=0.9 temp=1,0.08055467669755435,0.14835946845622172,0.08890449993556807,0.18592292628017507,0.044958253050738604,0.08397917922813979,0.125118699553747,0.2423992936459806
rare,Gate piecewise low=0.4 mid=0.6 high=1 temp=1,0.08055467669755435,0.14835946845622172,0.08890449993556807,0.18592292628017507,0.044958253050738604,0.08397917922813979,0.125118699553747,0.2423992936459806
rare,Gate piecewise low=0.4 mid=0.8 high=0.8 temp=1,0.08055467669755435,0.14835946845622172,0.08890449993556807,0.18592292628017507,0.044958253050738604,0.08397917922813979,0.125118699553747,0.2423992936459806
rare,Gate piecewise low=0.4 mid=0.8 high=0.9 temp=1,0.08055467669755435,0.14835946845622172,0.08890449993556807,0.18592292628017507,0.044958253050738604,0.08397917922813979,0.125118699553747,0.2423992936459806
rare,Gate piecewise low=0.4 mid=0.8 high=1 temp=1,0.08055467669755435,0.14835946845622172,0.08890449993556807,0.18592292628017507,0.044958253050738604,0.08397917922813979,0.125118699553747,0.2423992936459806
rare,Gate piecewise low=0.4 mid=0.9 high=0.9 temp=1,0.08055467669755435,0.14835946845622172,0.08890449993556807,0.18592292628017507,0.044958253050738604,0.08397917922813979,0.125118699553747,0.2423992936459806
rare,Gate piecewise low=0.4 mid=0.9 high=1 temp=1,0.08055467669755435,0.14835946845622172,0.08890449993556807,0.18592292628017507,0.044958253050738604,0.08397917922813979,0.125118699553747,0.2423992936459806
rare,Gate piecewise low=0.5 mid=0.6 high=0.6 temp=1,0.07978541625285238,0.1489887574935498,0.08780926635863627,0.18743767120084456,0.04290301862556198,0.08238486638474038,0.11311382518881984,0.22991104708350613
rare,Gate piecewise low=0.5 mid=0.6 high=0.8 temp=1,0.07978541625285238,0.1489887574935498,0.08780926635863627,0.18743767120084456,0.04290301862556198,0.08238486638474038,0.11311382518881984,0.22991104708350613
rare,Gate piecewise low=0.5 mid=0.6 high=0.9 temp=1,0.07978541625285238,0.1489887574935498,0.08780926635863627,0.18743767120084456,0.04290301862556198,0.08238486638474038,0.11311382518881984,0.22991104708350613
rare,Gate piecewise low=0.5 mid=0.6 high=1 temp=1,0.07978541625285238,0.1489887574935498,0.08780926635863627,0.18743767120084456,0.04290301862556198,0.08238486638474038,0.11311382518881984,0.22991104708350613
rare,Gate piecewise low=0.5 mid=0.8 high=0.8 temp=1,0.07978541625285238,0.1489887574935498,0.08780926635863627,0.18743767120084456,0.04290301862556198,0.08238486638474038,0.11311382518881984,0.22991104708350613
rare,Gate piecewise low=0.5 mid=0.8 high=0.9 temp=1,0.07978541625285238,0.1489887574935498,0.08780926635863627,0.18743767120084456,0.04290301862556198,0.08238486638474038,0.11311382518881984,0.22991104708350613
rare,Gate piecewise low=0.5 mid=0.8 high=1 temp=1,0.07978541625285238,0.1489887574935498,0.08780926635863627,0.18743767120084456,0.04290301862556198,0.08238486638474038,0.11311382518881984,0.22991104708350613
rare,Gate piecewise low=0.5 mid=0.9 high=0.9 temp=1,0.07978541625285238,0.1489887574935498,0.08780926635863627,0.18743767120084456,0.04290301862556198,0.08238486638474038,0.11311382518881984,0.22991104708350613
rare,Gate piecewise low=0.5 mid=0.9 high=1 temp=1,0.07978541625285238,0.1489887574935498,0.08780926635863627,0.18743767120084456,0.04290301862556198,0.08238486638474038,0.11311382518881984,0.22991104708350613
rare,Gate piecewise low=0.6 mid=0.6 high=0.6 temp=1,0.07908910124580347,0.14985951350576174,0.0876416146691276,0.1899667637204174,0.04290301862556198,0.08464506238849319,0.11349963308055823,0.2327133700987391
rare,Gate piecewise low=0.6 mid=0.6 high=0.8 temp=1,0.07908910124580347,0.14985951350576174,0.0876416146691276,0.1899667637204174,0.04290301862556198,0.08464506238849319,0.11349963308055823,0.2327133700987391
rare,Gate piecewise low=0.6 mid=0.6 high=0.9 temp=1,0.07908910124580347,0.14985951350576174,0.0876416146691276,0.1899667637204174,0.04290301862556198,0.08464506238849319,0.11349963308055823,0.2327133700987391
rare,Gate piecewise low=0.6 mid=0.6 high=1 temp=1,0.07908910124580347,0.14985951350576174,0.0876416146691276,0.1899667637204174,0.04290301862556198,0.08464506238849319,0.11349963308055823,0.2327133700987391
rare,Gate piecewise low=0.6 mid=0.8 high=0.8 temp=1,0.07908910124580347,0.14985951350576174,0.0876416146691276,0.1899667637204174,0.04290301862556198,0.08464506238849319,0.11349963308055823,0.2327133700987391
rare,Gate piecewise low=0.6 mid=0.8 high=0.9 temp=1,0.07908910124580347,0.14985951350576174,0.0876416146691276,0.1899667637204174,0.04290301862556198,0.08464506238849319,0.11349963308055823,0.2327133700987391
rare,Gate piecewise low=0.6 mid=0.8 high=1 temp=1,0.07908910124580347,0.14985951350576174,0.0876416146691276,0.1899667637204174,0.04290301862556198,0.08464506238849319,0.11349963308055823,0.2327133700987391
rare,Gate piecewise low=0.6 mid=0.9 high=0.9 temp=1,0.07908910124580347,0.14985951350576174,0.0876416146691276,0.1899667637204174,0.04290301862556198,0.08464506238849319,0.11349963308055823,0.2327133700987391
rare,Gate piecewise low=0.6 mid=0.9 high=1 temp=1,0.07908910124580347,0.14985951350576174,0.0876416146691276,0.1899667637204174,0.04290301862556198,0.08464506238849319,0.11349963308055823,0.2327133700987391
rare,Gate piecewise low=0.7 mid=0.8 high=0.8 temp=1,0.07877438090603543,0.14988143030448423,0.0881505770532702,0.19136919106895303,0.04161849710982659,0.08242017596318373,0.113608409330579,0.23524359105110804
rare,Gate piecewise low=0.7 mid=0.8 high=0.9 temp=1,0.07877438090603543,0.14988143030448423,0.0881505770532702,0.19136919106895303,0.04161849710982659,0.08242017596318373,0.113608409330579,0.23524359105110804
rare,Gate piecewise low=0.7 mid=0.8 high=1 temp=1,0.07877438090603543,0.14988143030448423,0.0881505770532702,0.19136919106895303,0.04161849710982659,0.08242017596318373,0.113608409330579,0.23524359105110804
rare,Gate piecewise low=0.7 mid=0.9 high=0.9 temp=1,0.07877438090603543,0.14988143030448423,0.0881505770532702,0.19136919106895303,0.04161849710982659,0.08242017596318373,0.113608409330579,0.23524359105110804
rare,Gate piecewise low=0.7 mid=0.9 high=1 temp=1,0.07877438090603543,0.14988143030448423,0.0881505770532702,0.19136919106895303,0.04161849710982659,0.08242017596318373,0.113608409330579,0.23524359105110804
rare,Gate sigmoid low=0 mid=0 high=0.8 temp=0.5,0.07442541933960592,0.11828842586662366,0.08824259506921826,0.1674061267560733,0.045472061657032756,0.0817307080920419,0.13307296464565754,0.2526392560990571
rare,Gate sigmoid low=0 mid=0 high=0.8 temp=1,0.07964647055906104,0.13757117575213113,0.09172503539181417,0.17871846136135233,0.0449582530507386,0.08243241041260269,0.12847077934263762,0.24590715713772168
rare,Gate sigmoid low=0 mid=0 high=0.8 temp=2,0.08118285932842059,0.14783062813078474,0.09162190091948386,0.1846739201572348,0.04560051380860629,0.08419387159089137,0.1300914847645382,0.2503398656683163
rare,Gate sigmoid low=0 mid=0 high=0.9 temp=0.5,0.07453140018859572,0.1184765726871634,0.0872976902327941,0.16696387530750648,0.045343609505459216,0.08111754756064223,0.1326485178731843,0.251986887145861
rare,Gate sigmoid low=0 mid=0 high=0.9 temp=1,0.08045385728374095,0.1436199683077358,0.09281720327585334,0.18267497977187994,0.04572896596017983,0.08407302711977926,0.12902367202966555,0.2463215257714703
rare,Gate sigmoid low=0 mid=0 high=0.9 temp=2,0.08127889225999532,0.14916562202404077,0.08947713220153873,0.1863391397449468,0.04572896596017983,0.08366381428337503,0.1316290004282097,0.24859392670175298
rare,Gate sigmoid low=0 mid=0 high=1 temp=0.5,0.0753992756040539,0.12051173423840059,0.0888437905720054,0.1691605899923839,0.045472061657032756,0.08183561976539666,0.12947325703896392,0.24554593684644377
rare,Gate sigmoid low=0 mid=0 high=1 temp=1,0.08136032781099532,0.1487985984312037,0.09168189532521956,0.18638476823749098,0.04547206165703275,0.08421252316055479,0.12978239677481437,0.24903979837713233
rare,Gate sigmoid low=0 mid=0 high=1 temp=2,0.0799526712523713,0.1481480237473472,0.08913582329569329,0.18639378817113833,0.04444444444444444,0.08404883737570118,0.1230712501074536,0.2418259033979739
rare,Gate sigmoid low=0.1 mid=0 high=0.8 temp=0.5,0.07598781116333121,0.12166213165927167,0.08900256224593533,0.16987180628593157,0.045728965960179835,0.08314946623185854,0.13008183327525474,0.24690803507801523
rare,Gate sigmoid low=0.1 mid=0 high=0.8 temp=1,0.0816761670711993,0.14898817826723304,0.09238365702312895,0.18619876145291156,0.04547206165703275,0.0838039914826669,0.1294062154737776,0.24779699370119743
rare,Gate sigmoid low=0.1 mid=0 high=0.8 temp=2,0.0809287786449617,0.1490540848036391,0.08954217749058077,0.18655082446644122,0.045472061657032756,0.0843143467876434,0.1300517562209077,0.2479457154275821
rare,Gate sigmoid low=0.1 mid=0 high=0.9 temp=0.5,0.07768771750543829,0.12861660262253632,0.09020304547508318,0.17394734199731007,0.04508670520231214,0.08313972346246966,0.12692782433147454,0.24409884057085485
rare,Gate sigmoid low=0.1 mid=0 high=0.9 temp=1,0.08121742306843943,0.1492495423826238,0.09054832459899896,0.18747330796837205,0.045343609505459216,0.0833091644575398,0.1299226059598147,0.2466262400218189
rare,Gate sigmoid low=0.1 mid=0 high=0.9 temp=2,0.07992451944957038,0.14815565130299085,0.08917819207869195,0.18613405982029366,0.04380218368657675,0.08320849493204369,0.1221715804348067,0.24128931079420668
rare,Gate sigmoid low=0.1 mid=0 high=1 temp=0.5,0.07869464536752767,0.1339011317666481,0.09186246357178837,0.17726112931391097,0.045343609505459216,0.08443445429073136,0.12732687703009998,0.24487666546624834
rare,Gate sigmoid low=0.1 mid=0 high=1 temp=1,0.07987383060351996,0.14806433045758047,0.08907876076669705,0.1861350920328146,0.04470134874759152,0.08370747206655599,0.12683139490806083,0.24475543374106865
rare,Gate sigmoid low=0.1 mid=0 high=1 temp=2,0.07947434096700647,0.14825686611641198,0.08813883122333764,0.18672068272945525,0.0426461143224149,0.08220587890529882,0.11325275578295274,0.2301645767687366
rare,Gate sigmoid low=0.2 mid=0 high=0.8 temp=0.5,0.08133317899852874,0.14856923453624188,0.09299738493280797,0.18561863161850642,0.04521515735388568,0.08332761726452477,0.1298086828596877,0.2486749603734501
rare,Gate sigmoid low=0.2 mid=0 high=0.8 temp=1,0.08050025818031381,0.1490178249329315,0.0896803916558849,0.18713669983874376,0.0449582530507386,0.08387694872056331,0.1272519227852361,0.2448487806763783
rare,Gate sigmoid low=0.2 mid=0 high=0.8 temp=2,0.07984786879650793,0.14822966526322157,0.08915563553286346,0.18637323098417422,0.04315992292870905,0.08277024629492727,0.11780952149561498,0.23635140890811482
rare,Gate sigmoid low=0.2 mid=0 high=0.9 temp=0.5,0.08143110703468352,0.14891805007803924,0.09142000664132058,0.1871315877359195,0.04547206165703275,0.08411057626664413,0.12922458913608184,0.2480840433063342
rare,Gate sigmoid low=0.2 mid=0 high=0.9 temp=1,0.07998463679734595,0.1485419719404589,0.08883913203891944,0.18644446797045244,0.0432883750802826,0.08296196602988203,0.1186643338278491,0.23520403845566812
rare,Gate sigmoid low=0.2 mid=0 high=0.9 temp=2,0.0796257088658965,0.1485625038047757,0.08811622760868039,0.18700047763029237,0.0426461143224149,0.08210144036149813,0.11301920641645541,0.2299386734995032
rare,Gate sigmoid low=0.2 mid=0 high=1 temp=0.5,0.08142071793444508,0.1493069170857914,0.09102891882977657,0.18831890336318707,0.04482980089916506,0.08286566285616083,0.12621479496374036,0.24264640903346155
rare,Gate sigmoid low=0.2 mid=0 high=1 temp=1,0.0794009164424282,0.14828197407541108,0.08850240197705309,0.1866213279078834,0.04290301862556198,0.08280040022772592,0.11521027739507228,0.23128149859546004
rare,Gate sigmoid low=0.2 mid=0 high=1 temp=2,0.07946376835528346,0.14923314351497302,0.08846532120828078,0.18866821407031908,0.0426461143224149,0.08365432903820874,0.11340874809629085,0.23251386581926622
rare,Gate sigmoid low=0.4 mid=0 high=0.8 temp=0.5,0.07964164983046913,0.14843475086398272,0.08854321649861645,0.1870831190069245,0.0426461143224149,0.08220587890529882,0.11325275578295274,0.2301645767687366
rare,Gate sigmoid low=0.4 mid=0 high=0.8 temp=1,0.07941051596531658,0.14922750532321818,0.08837687332927834,0.18863034135740506,0.0426461143224149,0.08365432903820874,0.11340874809629085,0.23251386581926622
rare,Gate sigmoid low=0.4 mid=0 high=0.8 temp=2,0.0794758704352364,0.14933514672077075,0.08855480634981244,0.18941772874495136,0.04315992292870905,0.08400496341076,0.11401944684017887,0.23253861367995932
rare,Gate sigmoid low=0.4 mid=0 high=0.9 temp=0.5,0.0791709189253907,0.1481603599813241,0.0887094497242937,0.18773595344524346,0.04277456647398844,0.08333158507625245,0.11272453515546094,0.22833797109973517
rare,Gate sigmoid low=0.4 mid=0 high=0.9 temp=1,0.07898324464898104,0.14911143926255663,0.0883206134621078,0.1886348032887487,0.04277456647398844,0.08384481592275568,0.1130560942374003,0.23157647095359046
rare,Gate sigmoid low=0.4 mid=0 high=0.9 temp=2,0.07934706565463659,0.15041766507846388,0.08705792318997109,0.19063134801968679,0.04290301862556198,0.08464506238849319,0.11388071770259203,0.23334019866001576
rare,Gate sigmoid low=0.4 mid=0 high=1 temp=0.5,0.07852758758303957,0.14774723226386557,0.08788415041700219,0.18696076643508705,0.0426461143224149,0.08396146031550991,0.11360226042853153,0.23036230233457666
rare,Gate sigmoid low=0.4 mid=0 high=1 temp=1,0.07900810475160068,0.14983457086037147,0.0867426257966349,0.19024799274701928,0.04277456647398844,0.08465951390364183,0.11322698103767496,0.23305437257653794
rare,Gate sigmoid low=0.4 mid=0 high=1 temp=2,0.07893720581462702,0.15024927782231745,0.08747479852764711,0.19067924172984663,0.04213230571612075,0.0836074798665326,0.11234549311930116,0.2319393170768443
rare,Gate sigmoid low=0.6 mid=0 high=0.8 temp=0.5,0.07919406597048527,0.15046353805673524,0.08751207582662822,0.1911240376867861,0.04251766217084136,0.08438333643183515,0.11289276894502052,0.23272055464371005
rare,Gate sigmoid low=0.6 mid=0 high=0.8 temp=1,0.07867979657446518,0.14987622253144556,0.08755267983903522,0.19042997791066077,0.04161849710982659,0.08304243197764785,0.11106673523294557,0.23189991290988662
rare,Gate sigmoid low=0.6 mid=0 high=0.8 temp=2,0.07869822271283396,0.14992172453429622,0.08803498620908612,0.19074306622154855,0.04123314065510597,0.08235395808479527,0.11083567672884834,0.23193384485727833
rare,Gate sigmoid low=0.6 mid=0 high=0.9 temp=0.5,0.07865648493301376,0.14988975889457684,0.08748477185854626,0.19033308748991087,0.04174694926140013,0.0833389250299355,0.11146069339424476,0.23188003764582338
rare,Gate sigmoid low=0.6 mid=0 high=0.9 temp=1,0.07839544098284765,0.14941492629856978,0.08695788888117402,0.18966772536843826,0.04123314065510598,0.08214532474774314,0.11283996636560424,0.23511272817463608
rare,Gate sigmoid low=0.6 mid=0 high=0.9 temp=2,0.07722016448673909,0.14502197628117816,0.0851595399405879,0.18713465697407133,0.04136159280667951,0.0825496487109774,0.11263091185931823,0.23476048530467142
rare,Gate sigmoid low=0.6 mid=0 high=1 temp=0.5,0.0782188634222003,0.14929146212718958,0.08744860511358625,0.18997952948300964,0.04110468850353244,0.08370944699340713,0.11078294284590168,0.2319611113537324
rare,Gate sigmoid low=0.6 mid=0 high=1 temp=1,0.07690111827745695,0.14494111090208417,0.08484140476599311,0.1862589463013269,0.04136159280667951,0.08358256202047139,0.11222722856309617,0.23474939088696675
rare,Gate sigmoid low=0.6 mid=0 high=1 temp=2,0.07563688462893506,0.1395890809587715,0.08313622863522166,0.18339737245820473,0.04149004495825305,0.08377518546898376,0.11227709558203242,0.235027219828253
