drug_local_idx,model,AP,nDCG@10,P@15,R@15
0,CAFNet,0.5675506802026319,0.841492960259019,0.8,0.12
1,CAFNet,0.058490901861972686,0.08514311764162101,0.13333333333333333,0.09090909090909091
2,CAFNet,0.1981641722709888,0.27426546945536817,0.4,0.42857142857142855
3,CAFNet,0.2100978871382965,0.2816575879096919,0.26666666666666666,0.16666666666666666
4,CAFNet,0.05133354696676595,0.0,0.0,0.0
5,CAFNet,0.053884455825297044,0.0,0.06666666666666667,0.06666666666666667
6,CAFNet,0.665801822915848,0.77990823370192,0.8,0.19047619047619047
7,CAFNet,0.1341920840689843,0.13886244387355456,0.2,0.16666666666666666
8,CAFNet,0.3746405170471601,0.3699573188553854,0.6,0.10714285714285714
9,CAFNet,0.48412945183622236,0.5763233549126812,0.4666666666666667,0.5
10,CAFNet,0.4338086035236489,0.713308065210993,0.6666666666666666,0.20408163265306123
11,CAFNet,0.08454652420181612,0.2001366809542687,0.13333333333333333,0.4
12,CAFNet,0.5991840219857311,0.8611375561264456,0.7333333333333333,0.05555555555555555
13,CAFNet,0.31239859730020086,0.5599332595218056,0.4,0.23076923076923078
14,CAFNet,0.4596993515336856,0.5894280199323519,0.5333333333333333,0.27586206896551724
15,CAFNet,0.017003620695802194,0.0,0.0,0.0
16,CAFNet,0.15368859154726142,0.13886244387355456,0.13333333333333333,0.14285714285714285
17,CAFNet,0.3659609391278552,0.37878333867593544,0.4,0.18181818181818182
18,CAFNet,0.200570561803351,0.2200917662980802,0.13333333333333333,0.09090909090909091
19,CAFNet,0.5913953455096752,1.0,0.8666666666666667,0.5
20,CAFNet,0.3129656144301096,0.36792125721353286,0.3333333333333333,0.3333333333333333
21,CAFNet,0.5749115708278375,0.9305687780632229,0.8666666666666667,0.14942528735632185
22,CAFNet,0.1631020546037333,0.2200917662980802,0.13333333333333333,0.05
23,CAFNet,0.21780497221030526,0.24703059344735187,0.3333333333333333,0.08196721311475409
24,CAFNet,0.18609109279046698,0.35314377643380923,0.3333333333333333,0.14285714285714285
25,CAFNet,0.27229930737624003,0.423676645087319,0.5333333333333333,0.10256410256410256
26,CAFNet,0.48648079528117005,0.9305687780632229,0.9333333333333333,0.04778156996587031
27,CAFNet,0.5044558463062447,0.7510916729774055,0.8,0.2926829268292683
28,CAFNet,0.13255004105739748,0.2601414854823592,0.13333333333333333,0.2857142857142857
29,CAFNet,0.28302435371450385,0.6051399156371956,0.4666666666666667,0.14
30,CAFNet,0.4408222786316253,0.6722390270733758,0.4666666666666667,0.4375
31,CAFNet,0.2494515802944776,0.24936270394794907,0.26666666666666666,0.16
32,CAFNet,0.22853754547955324,0.24890832702259466,0.3333333333333333,0.19230769230769232
33,CAFNet,0.12068121473688312,0.0,0.0,0.0
34,CAFNet,0.4512811989366919,0.7058075148678529,0.7333333333333333,0.2682926829268293
35,CAFNet,0.021647111473800003,0.0,0.0,0.0
36,CAFNet,0.4592643104050775,0.7819835854675756,0.6666666666666666,0.15873015873015872
37,CAFNet,0.2604470780941369,0.39806284658828084,0.13333333333333333,0.3333333333333333
38,CAFNet,0.34376489160128326,0.7948833326720566,0.6666666666666666,0.17857142857142858
39,CAFNet,0.47638798539845156,0.8357804136936722,0.8,0.14634146341463414
40,CAFNet,0.7064255911594155,0.9363792118010483,0.8666666666666667,0.30952380952380953
41,CAFNet,0.0689465540915777,0.16617090792688716,0.13333333333333333,0.2857142857142857
42,CAFNet,0.44184708144922225,0.7162874455029682,0.6666666666666666,0.05154639175257732
43,CAFNet,0.530027773161746,0.7280855459907166,0.6,0.375
44,CAFNet,0.19825662755390075,0.17993148201117182,0.2,0.10344827586206896
45,CAFNet,0.22679197994987468,0.2826335043946801,0.2,0.6
46,CAFNet,0.14553673839388126,0.08274602130532004,0.06666666666666667,0.14285714285714285
47,CAFNet,0.4174132301080395,0.6325414799409712,0.4666666666666667,0.18421052631578946
48,CAFNet,0.34837491399797715,0.7084409501232901,0.5333333333333333,0.23529411764705882
49,CAFNet,0.33674867708536727,0.5637884576902257,0.3333333333333333,0.29411764705882354
50,CAFNet,0.2635088519304117,0.39356081945565907,0.26666666666666666,0.3076923076923077
51,CAFNet,0.3616888118992107,0.6062415623539281,0.4666666666666667,0.25925925925925924
52,CAFNet,0.24278206766746335,0.5309999066793253,0.4666666666666667,0.11290322580645161
53,CAFNet,0.035709292785484716,0.0,0.0,0.0
54,CAFNet,0.3579278707734801,0.6025064803817582,0.4666666666666667,0.25
55,CAFNet,0.26497407397580003,0.6975961695061493,0.4666666666666667,0.22580645161290322
56,CAFNet,0.3214039424427649,0.3070147303424654,0.3333333333333333,0.29411764705882354
57,CAFNet,0.6798467712035554,1.0,1.0,0.05434782608695652
58,CAFNet,0.40032894736842106,0.5206888446176334,0.26666666666666666,0.5
59,CAFNet,0.299158344584219,0.17318663334822615,0.4,0.2727272727272727
60,CAFNet,0.12603194896495903,0.2200917662980802,0.13333333333333333,0.1
61,CAFNet,0.44160109591982927,0.6777277508780453,0.5333333333333333,0.2222222222222222
62,CAFNet,0.6148879128868455,0.92663607790064,0.9333333333333333,0.4375
63,CAFNet,0.47451032492830403,0.718362797268624,0.5333333333333333,0.4
64,CAFNet,0.3733095810719158,0.42696207545852366,0.5333333333333333,0.25806451612903225
65,CAFNet,0.49378660984613565,0.8553475075669357,0.6,0.2903225806451613
66,CAFNet,0.09956357636449832,0.17441424290825341,0.13333333333333333,0.25
67,CAFNet,0.09270661181801508,0.0,0.06666666666666667,0.1
68,CAFNet,0.5070150747884666,1.0,1.0,0.14705882352941177
69,CAFNet,0.2979198443042835,0.6032621820619529,0.6,0.11538461538461539
70,CAFNet,0.7078547851275124,0.6325414799409712,0.6,0.8181818181818182
71,CAFNet,0.45814739662259085,0.6698623505528799,0.7333333333333333,0.1896551724137931
72,CAFNet,0.40401734090606106,0.7421246259355073,0.7333333333333333,0.18032786885245902
73,CAFNet,0.2413220217811106,0.28669193478900723,0.26666666666666666,0.23529411764705882
74,CAFNet,0.3811870871986033,0.6086182388744241,0.3333333333333333,0.3333333333333333
75,CAFNet,0.5733043529527974,0.8263333286520084,0.6666666666666666,0.5882352941176471
76,CAFNet,0.12771033943224575,0.06625422345438904,0.13333333333333333,0.16666666666666666
77,CAFNet,0.10587744936683774,0.08514311764162101,0.13333333333333333,0.0625
78,CAFNet,0.5489232808095351,0.9305687780632229,0.9333333333333333,0.11023622047244094
79,CAFNet,0.3211598814710355,0.6311443278613472,0.4666666666666667,0.35
80,CAFNet,0.5392947997445341,0.9305687780632229,0.9333333333333333,0.07
81,CAFNet,0.40692307692307694,0.5050778624218062,0.3333333333333333,1.0
82,CAFNet,0.2786342893964779,0.2816575879096919,0.26666666666666666,0.13333333333333333
83,CAFNet,0.2066980236706911,0.20511666732794362,0.26666666666666666,0.3076923076923077
84,CAFNet,0.2690603752797526,0.633219679627003,0.4,0.2727272727272727
85,CAFNet,0.15370058050795793,0.2528410271851775,0.26666666666666666,0.07692307692307693
86,CAFNet,0.5144062321886351,0.542364015420035,0.6,0.34615384615384615
87,CAFNet,0.40525016003265096,0.6020521034564039,0.6,0.16666666666666666
88,CAFNet,0.09269316785437152,0.06362078819895173,0.13333333333333333,0.125
89,CAFNet,0.4338136560598966,0.46582309483828666,0.4,0.5
90,CAFNet,0.6884203670850788,0.9148568823583791,0.9333333333333333,0.35
91,CAFNet,0.5071896061829617,0.9337457765456111,0.8,0.2553191489361702
92,CAFNet,0.3774139261482841,0.9148568823583791,0.9333333333333333,0.19718309859154928
93,CAFNet,0.47725678435921215,0.6235540477207573,0.6666666666666666,0.2
94,CAFNet,0.48173928092803353,0.6311443278613472,0.7333333333333333,0.5
95,CAFNet,0.053338347914217876,0.0,0.0,0.0
96,CAFNet,0.5063461318316155,0.8572048559638626,0.8,0.18461538461538463
97,CAFNet,0.3944700281117602,0.6136525857537394,0.6,0.054878048780487805
98,CAFNet,0.4450340911347968,0.7215194105726963,0.8,0.0851063829787234
99,CAFNet,0.35588386940206745,0.3405196929097572,0.4666666666666667,0.2413793103448276
100,CAFNet,0.45791219019407486,0.8006937664098821,0.8,0.19672131147540983
101,CAFNet,0.5412792874282318,0.9052116356304495,0.8666666666666667,0.30952380952380953
102,CAFNet,0.2645124059277679,0.16104258782393985,0.4666666666666667,0.21875
103,CAFNet,0.36104186389579457,0.39794789654359625,0.4666666666666667,0.14
104,CAFNet,0.34620665753425583,0.36792125721353286,0.26666666666666666,0.36363636363636365
105,CAFNet,0.47843075659931167,0.7264127302306637,0.7333333333333333,0.2391304347826087
106,CAFNet,0.17651946010593733,0.3052348839397012,0.2,0.14285714285714285
107,CAFNet,0.317555682105796,0.38356636737133565,0.13333333333333333,0.4
108,CAFNet,0.4665810579534661,0.44585678903770426,0.6666666666666666,0.18867924528301888
109,CAFNet,0.08616549727931538,0.08514311764162101,0.06666666666666667,0.1
110,CAFNet,0.6307442048644601,0.8572048559638626,0.6,0.2903225806451613
111,CAFNet,0.04537559379030441,0.07075576072108063,0.06666666666666667,0.1111111111111111
112,CAFNet,0.29978485697757923,0.33405144466421566,0.3333333333333333,0.29411764705882354
113,CAFNet,0.5425852787689172,0.9305687780632229,0.8666666666666667,0.15294117647058825
114,CAFNet,0.5000684321019425,0.715550648768261,0.5333333333333333,0.1951219512195122
115,CAFNet,0.5356081396232857,0.92663607790064,0.8,0.15789473684210525
116,CAFNet,0.3238677635346597,0.7007731679885375,0.5333333333333333,0.18604651162790697
117,CAFNet,0.31911964097233964,0.6429424283490957,0.4666666666666667,0.14893617021276595
118,CAFNet,0.011924343694554158,0.0,0.0,0.0
119,CAFNet,0.5133046055675937,0.7624164915943119,0.5333333333333333,0.34782608695652173
120,CAFNet,0.7037609181636124,0.685119869332369,0.8666666666666667,0.35135135135135137
121,CAFNet,0.05323456105543837,0.14279514403613736,0.13333333333333333,0.08695652173913043
122,CAFNet,0.5776020238363639,0.6410457898283654,0.8,0.09448818897637795
123,CAFNet,0.09504111960129681,0.22485174766247448,0.13333333333333333,0.3333333333333333
124,CAFNet,0.45695833462799673,0.5220328596374271,0.5333333333333333,0.4
125,CAFNet,0.3636629701789247,0.4779671403625729,0.4666666666666667,0.04142011834319527
126,CAFNet,0.3365107696597122,0.29345568839744024,0.26666666666666666,0.25
127,CAFNet,0.6026985350494564,0.8263333286520084,0.8,0.36363636363636365
128,CAFNet,0.24120466656854467,0.0,0.26666666666666666,0.2
129,CAFNet,0.5393829356738552,0.88995411685096,0.8,0.2727272727272727
130,CAFNet,0.5263423357476755,0.586202141404402,0.3333333333333333,0.625
131,CAFNet,0.02976904424547934,0.0,0.0,0.0
132,CAFNet,0.3012551172589088,0.5919268187287084,0.4,0.1935483870967742
133,CAFNet,0.5942780232547188,0.8364586133797037,0.6666666666666666,0.1694915254237288
134,CAFNet,0.4945482737461619,0.6062415623539281,0.7333333333333333,0.13095238095238096
135,CAFNet,0.4185323390483342,0.48457138819693474,0.2,0.3333333333333333
136,CAFNet,0.15167934198887464,0.23365080824310536,0.13333333333333333,0.125
137,CAFNet,0.48156789987518217,0.6620158551732018,0.6,0.17307692307692307
138,CAFNet,0.6462442059131679,0.793584067764911,0.5333333333333333,0.5333333333333333
139,CAFNet,0.28913149350649353,0.3391602052736161,0.13333333333333333,0.4
140,CAFNet,0.4933610190223072,0.7753366239771086,0.6,0.0391304347826087
141,CAFNet,0.6467652835791143,0.9148568823583791,0.8666666666666667,0.10077519379844961
142,CAFNet,0.5895413097166071,1.0,1.0,0.21428571428571427
143,CAFNet,0.3465987473848369,0.5829393865084945,0.6666666666666666,0.15384615384615385
144,CAFNet,0.1320441623649043,0.314880130667631,0.26666666666666666,0.10526315789473684
145,CAFNet,0.5984348020508043,0.633219679627003,0.5333333333333333,0.5
146,CAFNet,0.05993076911434525,0.0,0.06666666666666667,0.07142857142857142
147,CAFNet,0.4598552202369711,0.8357804136936722,0.8,0.18461538461538463
148,CAFNet,0.5890177896188422,0.77990823370192,0.9333333333333333,0.05555555555555555
149,CAFNet,0.692665381895371,0.6500332220485792,0.7333333333333333,0.8461538461538461
150,CAFNet,0.24885025000785352,0.4729327934832576,0.26666666666666666,0.23529411764705882
151,CAFNet,0.5231923217380279,0.8611375561264456,0.8,0.1935483870967742
152,CAFNet,0.47323775294443565,0.8389574121760603,0.6666666666666666,0.16129032258064516
153,CAFNet,0.20745784535024417,0.1517621910780354,0.26666666666666666,0.16
154,CAFNet,0.5250800697016159,0.6809047493604335,0.6666666666666666,0.3225806451612903
155,CAFNet,0.23631060904930984,0.45718160765461074,0.4666666666666667,0.22580645161290322
156,CAFNet,0.5201121661375118,0.5801476231864474,0.4666666666666667,0.5
157,CAFNet,0.34414515372005766,0.857980942822373,0.6666666666666666,0.2702702702702703
158,CAFNet,0.22995627465046584,0.6023277671368328,0.4666666666666667,0.2
159,CAFNet,0.37136527495858407,0.5711601909662337,0.5333333333333333,0.36363636363636365
160,CAFNet,0.5964524713850268,1.0,0.9333333333333333,0.06086956521739131
161,CAFNet,0.40619362745774346,0.34527837610864365,0.4666666666666667,0.09859154929577464
162,CAFNet,0.4511506614859632,0.6812060741152738,0.8,0.06417112299465241
163,CAFNet,0.22699110289760743,0.35895421017163476,0.13333333333333333,0.2
164,CAFNet,0.5791207450544376,1.0,0.8,0.125
165,CAFNet,0.02504410943511437,0.0,0.0,0.0
166,CAFNet,0.418059779446102,0.7917063341896683,0.8,0.13793103448275862
167,CAFNet,0.3352482660321824,0.3052348839397012,0.4,0.09090909090909091
168,CAFNet,0.3787829471418328,0.5964984284535197,0.6666666666666666,0.09259259259259259
169,CAFNet,0.25848760417173533,0.4233117951052936,0.4,0.14634146341463414
170,CAFNet,0.5437471956461337,0.6740264199665359,0.4666666666666667,0.7777777777777778
171,CAFNet,0.42570176893183104,0.5766692999492191,0.6,0.45
172,CAFNet,0.20557372659266812,0.3526637384340435,0.4,0.11320754716981132
173,CAFNet,0.5198536639249409,0.8521705090845474,0.7333333333333333,0.16666666666666666
174,CAFNet,0.20451165103515215,0.48882922182497557,0.5333333333333333,0.11940298507462686
175,CAFNet,0.4372236951113388,0.43199642233783897,0.5333333333333333,0.5714285714285714
176,CAFNet,0.11781093361975714,0.0,0.13333333333333333,0.3333333333333333
177,CAFNet,0.4308367558367559,0.3628476202104144,0.5333333333333333,0.6153846153846154
178,CAFNet,0.32363729222085175,0.8115558478722846,0.7333333333333333,0.19642857142857142
179,CAFNet,0.4750912295247328,1.0,0.8666666666666667,0.23214285714285715
180,CAFNet,0.30436153670198957,0.5014839712467825,0.2,0.5
181,CAFNet,0.30804371727767677,0.35314377643380923,0.3333333333333333,0.35714285714285715
182,CAFNet,0.23550097704084355,0.3063365306564337,0.3333333333333333,0.5
183,CAFNet,0.28536237499068334,0.5063209639325834,0.7333333333333333,0.2
184,CAFNet,0.6464670530939199,0.9363792118010483,0.9333333333333333,0.13592233009708737
185,CAFNet,0.31215434325681046,0.7877736340270853,0.6666666666666666,0.14925373134328357
186,CAFNet,0.4384528975883151,0.7065632165480473,0.6666666666666666,0.08928571428571429
187,CAFNet,0.4673058499512012,0.6987957033953602,0.6,0.3333333333333333
188,CAFNet,0.09492883786114316,0.1100458831490401,0.13333333333333333,0.10526315789473684
189,CAFNet,0.6217352956105504,0.9363792118010483,0.9333333333333333,0.05223880597014925
190,CAFNet,0.22535094346119394,0.6149518506608848,0.4,0.13636363636363635
191,CAFNet,0.4244640697259166,0.7909506325094736,0.5333333333333333,0.14035087719298245
192,CAFNet,0.17012679055361984,0.10086747116627115,0.2,0.5
193,CAFNet,0.26313388870499743,0.5368103404171508,0.4,0.1935483870967742
194,CAFNet,0.2541787120831238,0.3026024134988135,0.06666666666666667,0.16666666666666666
195,CAFNet,0.4797870688830679,0.9052116356304495,0.8666666666666667,0.1326530612244898
196,CAFNet,0.26958541614290665,0.3063365306564337,0.3333333333333333,0.38461538461538464
197,CAFNet,0.47344878570604343,0.4378068560756645,0.6,0.20930232558139536
198,CAFNet,0.35515595104270714,0.6203974344166849,0.4666666666666667,0.14285714285714285
199,CAFNet,0.6327464835063621,0.6987957033953602,0.5333333333333333,0.6666666666666666
200,CAFNet,0.38559883967282316,0.857980942822373,0.8,0.16901408450704225
201,CAFNet,0.3004690946700744,0.4249260138166711,0.4,0.17647058823529413
202,CAFNet,0.6420788434653765,0.9363792118010483,0.8,0.15384615384615385
203,CAFNet,0.5755114430224506,1.0,0.8666666666666667,0.11926605504587157
204,CAFNet,0.5963416347262477,1.0,1.0,0.0375
205,CAFNet,0.08019894890170925,0.1100458831490401,0.2,0.17647058823529413
206,CAFNet,0.29266761800422,0.40350157154648036,0.2,0.25
207,CAFNet,0.02422293750829761,0.0,0.0,0.0
208,CAFNet,0.15933540101787458,0.1100458831490401,0.06666666666666667,0.041666666666666664
209,CAFNet,0.549888854493863,1.0,0.6666666666666666,0.2631578947368421
210,CAFNet,0.10166437260816323,0.0,0.13333333333333333,0.2
211,CAFNet,0.13053617247803706,0.27819816961795096,0.26666666666666666,0.09523809523809523
212,CAFNet,0.12978490660446235,0.26180807422707547,0.2,0.23076923076923078
213,CAFNet,0.11328603655613344,0.20641593223508908,0.3333333333333333,0.20833333333333334
214,CAFNet,0.11680626319991173,0.15850703974098107,0.26666666666666666,0.16666666666666666
215,CAFNet,0.3016382145780906,0.3418189578169027,0.4,0.4
216,CAFNet,0.6900654615526669,0.9363792118010483,0.9333333333333333,0.21875
217,CAFNet,0.4055685555374668,0.7885497208855957,0.6,0.2727272727272727
218,CAFNet,0.3381386739169444,0.4011248950259845,0.6666666666666666,0.2127659574468085
219,CAFNet,0.06006201047583058,0.0,0.06666666666666667,0.06666666666666667
220,CAFNet,0.12387619203408677,0.21779548001177887,0.13333333333333333,0.3333333333333333
221,CAFNet,0.628518324757244,1.0,1.0,0.05338078291814947
222,CAFNet,0.7523547303773755,1.0,1.0,0.05976095617529881
223,CAFNet,0.2615873015873016,0.4478509691918938,0.2,0.6
224,CAFNet,0.10031708675217803,0.10086747116627115,0.06666666666666667,0.16666666666666666
0,CAFNet-D full,0.6067662349644718,1.0,1.0,0.15
1,CAFNet-D full,0.02703415418856191,0.08514311764162101,0.06666666666666667,0.045454545454545456
2,CAFNet-D full,0.3744293507861,0.6745711375739729,0.4,0.42857142857142855
3,CAFNet-D full,0.38165858173925726,0.6618313225363276,0.4666666666666667,0.2916666666666667
4,CAFNet-D full,0.09161309239142812,0.0,0.13333333333333333,0.3333333333333333
5,CAFNet-D full,0.05347775429516353,0.0,0.0,0.0
6,CAFNet-D full,0.46707993115428637,0.7605591431973849,0.7333333333333333,0.1746031746031746
7,CAFNet-D full,0.18640889777409644,0.38459377241376097,0.3333333333333333,0.2777777777777778
8,CAFNet-D full,0.5315267063452768,0.9305687780632229,0.8666666666666667,0.15476190476190477
9,CAFNet-D full,0.5546404097155977,0.542364015420035,0.5333333333333333,0.5714285714285714
10,CAFNet-D full,0.4102044601782316,0.6772733739526912,0.7333333333333333,0.22448979591836735
11,CAFNet-D full,0.18617466708153793,0.3156484524795145,0.13333333333333333,0.4
12,CAFNet-D full,0.5741608822992197,0.8482378089219648,0.8666666666666667,0.06565656565656566
13,CAFNet-D full,0.4016261720241115,0.6421867266689011,0.5333333333333333,0.3076923076923077
14,CAFNet-D full,0.5175481028231242,0.668306326910793,0.7333333333333333,0.3793103448275862
15,CAFNet-D full,0.015871747730600783,0.0,0.0,0.0
16,CAFNet-D full,0.14025365635636874,0.1356854453911663,0.13333333333333333,0.14285714285714285
17,CAFNet-D full,0.4807307164642886,0.6464018466408364,0.6666666666666666,0.30303030303030304
18,CAFNet-D full,0.22584692915234575,0.46035860613699897,0.4666666666666667,0.3181818181818182
19,CAFNet-D full,0.530773721554892,0.9305687780632229,0.7333333333333333,0.4230769230769231
20,CAFNet-D full,0.19391943515610255,0.19930623359011804,0.3333333333333333,0.3333333333333333
21,CAFNet-D full,0.6383889002215939,1.0,1.0,0.1724137931034483
22,CAFNet-D full,0.1591845232474975,0.2614432242450502,0.26666666666666666,0.1
23,CAFNet-D full,0.24516290608741867,0.3476293915547283,0.4666666666666667,0.11475409836065574
24,CAFNet-D full,0.24048891133960407,0.5884674004369674,0.4666666666666667,0.2
25,CAFNet-D full,0.3496518305081247,0.6987957033953602,0.6,0.11538461538461539
26,CAFNet-D full,0.6013316990239778,1.0,0.9333333333333333,0.04778156996587031
27,CAFNet-D full,0.523788245376324,0.7967610662472993,0.7333333333333333,0.2682926829268293
28,CAFNet-D full,0.04726516796150769,0.0,0.06666666666666667,0.14285714285714285
29,CAFNet-D full,0.30456043576419795,0.533722528236359,0.5333333333333333,0.16
30,CAFNet-D full,0.14788776741365287,0.15457433957839828,0.2,0.1875
31,CAFNet-D full,0.4007026110343204,0.7663491917568949,0.6666666666666666,0.4
32,CAFNet-D full,0.27003816709418194,0.5926825204089029,0.4,0.23076923076923078
33,CAFNet-D full,0.232949465108788,0.14782949091545264,0.26666666666666666,0.25
34,CAFNet-D full,0.47103237840129325,0.7084409501232901,0.6,0.21951219512195122
35,CAFNet-D full,0.02542000444175217,0.0,0.0,0.0
36,CAFNet-D full,0.4935236118443729,0.8263333286520084,0.6666666666666666,0.15873015873015872
37,CAFNet-D full,0.26877525252525253,0.3026024134988135,0.13333333333333333,0.3333333333333333
38,CAFNet-D full,0.5170854123965709,1.0,0.9333333333333333,0.25
39,CAFNet-D full,0.45831017302691734,0.7471589728148226,0.6,0.10975609756097561
40,CAFNet-D full,0.7318939416193536,1.0,0.8666666666666667,0.30952380952380953
41,CAFNet-D full,0.04556368420360613,0.0,0.06666666666666667,0.14285714285714285
42,CAFNet-D full,0.4335326103845049,0.7065443116025598,0.8666666666666667,0.06701030927835051
43,CAFNet-D full,0.6599644465749154,0.8263333286520084,0.8,0.5
44,CAFNet-D full,0.16317349280336568,0.14876390584057272,0.26666666666666666,0.13793103448275862
45,CAFNet-D full,0.8909090909090909,0.8687949224876582,0.3333333333333333,1.0
46,CAFNet-D full,0.16660460466851446,0.09162544430476362,0.2,0.42857142857142855
47,CAFNet-D full,0.5984780564968891,0.8701249883466594,0.8,0.3157894736842105
48,CAFNet-D full,0.3684953217705095,0.7600791051976192,0.6666666666666666,0.29411764705882354
49,CAFNet-D full,0.32368104466557346,0.6020521034564039,0.4,0.35294117647058826
50,CAFNet-D full,0.42757859883960403,0.627507133061656,0.3333333333333333,0.38461538461538464
51,CAFNet-D full,0.5366284670937329,0.7471589728148226,0.6666666666666666,0.37037037037037035
52,CAFNet-D full,0.18926902546186186,0.2457313285402064,0.3333333333333333,0.08064516129032258
53,CAFNet-D full,0.1792764115927972,0.20845080532622157,0.2,0.3333333333333333
54,CAFNet-D full,0.2949457996481257,0.6156886473955917,0.4666666666666667,0.25
55,CAFNet-D full,0.3757894375428761,0.8630152897016883,0.6666666666666666,0.3225806451612903
56,CAFNet-D full,0.335484730988474,0.469736890055382,0.4,0.35294117647058826
57,CAFNet-D full,0.7237313346480974,1.0,1.0,0.05434782608695652
58,CAFNet-D full,0.4763505233174351,0.5757486269888311,0.26666666666666666,0.5
59,CAFNet-D full,0.507291454258258,0.8389574121760603,0.6666666666666666,0.45454545454545453
60,CAFNet-D full,0.15847237773011147,0.35895421017163476,0.13333333333333333,0.1
61,CAFNet-D full,0.49820318458346424,0.6578986223737446,0.5333333333333333,0.2222222222222222
62,CAFNet-D full,0.6297046108887668,1.0,0.8666666666666667,0.40625
63,CAFNet-D full,0.5836418085981002,0.9363792118010483,0.6666666666666666,0.5
64,CAFNet-D full,0.3747204677202463,0.4760705018418427,0.5333333333333333,0.25806451612903225
65,CAFNet-D full,0.5709062516661623,0.8611375561264456,0.8,0.3870967741935484
66,CAFNet-D full,0.3173785901920576,0.4125317798925535,0.2,0.375
67,CAFNet-D full,0.48454275551571224,0.6051399156371956,0.4,0.6
68,CAFNet-D full,0.6211146603318286,1.0,0.8666666666666667,0.12745098039215685
69,CAFNet-D full,0.34669513954280823,0.6421867266689011,0.5333333333333333,0.10256410256410256
70,CAFNet-D full,0.8603629163882864,0.8669479898642711,0.6666666666666666,0.9090909090909091
71,CAFNet-D full,0.4740854930672976,1.0,0.8,0.20689655172413793
72,CAFNet-D full,0.45412431916169066,0.7162874455029682,0.8666666666666667,0.21311475409836064
73,CAFNet-D full,0.23150744414107766,0.15850703974098107,0.26666666666666666,0.23529411764705882
74,CAFNet-D full,0.1831370918609161,0.29345568839744024,0.13333333333333333,0.13333333333333333
75,CAFNet-D full,0.5853817499474515,0.7948833326720566,0.6666666666666666,0.5882352941176471
76,CAFNet-D full,0.16987444331440046,0.33798414482679845,0.26666666666666666,0.3333333333333333
77,CAFNet-D full,0.09734857354919141,0.0,0.0,0.0
78,CAFNet-D full,0.6043881158851047,1.0,1.0,0.11811023622047244
79,CAFNet-D full,0.4221879669990653,0.7720617383222419,0.5333333333333333,0.4
80,CAFNet-D full,0.5790886035567551,1.0,0.8666666666666667,0.065
81,CAFNet-D full,1.0,1.0,0.3333333333333333,1.0
82,CAFNet-D full,0.41244296052386126,0.5669450709942983,0.5333333333333333,0.26666666666666666
83,CAFNet-D full,0.3258129787541552,0.45374257454118555,0.26666666666666666,0.3076923076923077
84,CAFNet-D full,0.2942104411899444,0.6678262889110272,0.4666666666666667,0.3181818181818182
85,CAFNet-D full,0.16380932892781097,0.1100458831490401,0.26666666666666666,0.07692307692307693
86,CAFNet-D full,0.5700642286706091,0.7254521107352793,0.5333333333333333,0.3076923076923077
87,CAFNet-D full,0.49463871886378685,0.8263333286520084,0.8666666666666667,0.24074074074074073
88,CAFNet-D full,0.15400986089671106,0.2646202227274384,0.2,0.1875
89,CAFNet-D full,0.31959909160996114,0.2646202227274384,0.4,0.5
90,CAFNet-D full,0.6937600234010671,0.7720617383222419,0.8,0.3
91,CAFNet-D full,0.5106530409719982,1.0,0.7333333333333333,0.23404255319148937
92,CAFNet-D full,0.3859136964589093,1.0,0.9333333333333333,0.19718309859154928
93,CAFNet-D full,0.5462081353101153,0.7058075148678529,0.6666666666666666,0.2
94,CAFNet-D full,0.5692114704756157,0.8389574121760603,0.6666666666666666,0.45454545454545453
95,CAFNet-D full,0.11356845768610475,0.22004653412513583,0.13333333333333333,0.4
96,CAFNet-D full,0.6289108596768235,1.0,0.9333333333333333,0.2153846153846154
97,CAFNet-D full,0.38779961203501667,0.791726719367984,0.6666666666666666,0.06097560975609756
98,CAFNet-D full,0.49867893888630754,1.0,0.9333333333333333,0.09929078014184398
99,CAFNet-D full,0.48056133933155415,0.713654010247531,0.6666666666666666,0.3448275862068966
100,CAFNet-D full,0.6095351097840577,1.0,0.8666666666666667,0.21311475409836064
101,CAFNet-D full,0.4326460800446073,0.6371523797895857,0.5333333333333333,0.19047619047619047
102,CAFNet-D full,0.4705675839498877,0.7975167679274939,0.7333333333333333,0.34375
103,CAFNet-D full,0.5319232150693807,0.77990823370192,0.8666666666666667,0.26
104,CAFNet-D full,0.7179274822983541,0.7909506325094736,0.5333333333333333,0.7272727272727273
105,CAFNet-D full,0.4615626602891064,0.7663491917568949,0.7333333333333333,0.2391304347826087
106,CAFNet-D full,0.26561214676617373,0.5469356251448462,0.4,0.2857142857142857
107,CAFNet-D full,0.5923809523809523,0.76075668812226,0.26666666666666666,0.8
108,CAFNet-D full,0.5716159512702291,1.0,0.9333333333333333,0.2641509433962264
109,CAFNet-D full,0.12669213697848153,0.1100458831490401,0.2,0.3
110,CAFNet-D full,0.5226866559795558,0.6366587127404282,0.6,0.2903225806451613
111,CAFNet-D full,0.04224547653522569,0.07414861528507456,0.06666666666666667,0.1111111111111111
112,CAFNet-D full,0.2580048059719948,0.412449713642891,0.3333333333333333,0.29411764705882354
113,CAFNet-D full,0.5266028031985671,1.0,1.0,0.17647058823529413
114,CAFNet-D full,0.5768019882939049,0.7778721720600673,0.7333333333333333,0.2682926829268293
115,CAFNet-D full,0.6034407794063895,0.92663607790064,0.8666666666666667,0.17105263157894737
116,CAFNet-D full,0.39047377817794304,0.7702043899253147,0.6666666666666666,0.23255813953488372
117,CAFNet-D full,0.43592207110815034,0.56264752084969,0.7333333333333333,0.23404255319148937
118,CAFNet-D full,0.016239046653573203,0.0,0.0,0.0
119,CAFNet-D full,0.31823312408953197,0.5677211578528084,0.3333333333333333,0.21739130434782608
120,CAFNet-D full,0.6366841334506153,0.8572048559638626,0.8,0.32432432432432434
121,CAFNet-D full,0.09437145610877781,0.2172607128522299,0.13333333333333333,0.08695652173913043
122,CAFNet-D full,0.7223975022927103,1.0,1.0,0.11811023622047244
123,CAFNet-D full,0.10943330528275147,0.22485174766247448,0.13333333333333333,0.3333333333333333
124,CAFNet-D full,0.7579457173244386,0.9363792118010483,0.8,0.6
125,CAFNet-D full,0.5662810457708578,1.0,0.8666666666666667,0.07692307692307693
126,CAFNet-D full,0.5880023130557257,0.6242322474067891,0.6666666666666666,0.625
127,CAFNet-D full,0.6463293759883868,1.0,1.0,0.45454545454545453
128,CAFNet-D full,0.4521849495490718,0.6489315753318466,0.3333333333333333,0.25
129,CAFNet-D full,0.5636935742194393,1.0,0.8666666666666667,0.29545454545454547
130,CAFNet-D full,0.4315810768751945,0.4883505467692416,0.2,0.375
131,CAFNet-D full,0.037528311536882034,0.0,0.0,0.0
132,CAFNet-D full,0.4015397744666892,0.73855677575495,0.4666666666666667,0.22580645161290322
133,CAFNet-D full,0.6581859270212527,0.9363792118010483,0.6666666666666666,0.1694915254237288
134,CAFNet-D full,0.5582542300800911,0.9363792118010483,0.8666666666666667,0.15476190476190477
135,CAFNet-D full,0.43511515089400477,0.5008655546918773,0.2,0.3333333333333333
136,CAFNet-D full,0.2458573489904564,0.460012661100461,0.3333333333333333,0.3125
137,CAFNet-D full,0.6429848459071159,0.92663607790064,0.8666666666666667,0.25
138,CAFNet-D full,0.685198429060498,0.7564477297898766,0.6666666666666666,0.6666666666666666
139,CAFNet-D full,0.36226315789473695,0.48522855511632257,0.13333333333333333,0.4
140,CAFNet-D full,0.4293141949514895,0.7467045958894682,0.7333333333333333,0.04782608695652174
141,CAFNet-D full,0.7222009786227879,1.0,1.0,0.11627906976744186
142,CAFNet-D full,0.5463838771775607,1.0,0.9333333333333333,0.2
143,CAFNet-D full,0.36295602126910115,0.793584067764911,0.7333333333333333,0.16923076923076924
144,CAFNet-D full,0.1501100115141998,0.3909273842002217,0.3333333333333333,0.13157894736842105
145,CAFNet-D full,0.6296985416973807,0.77523873680463,0.6,0.5625
146,CAFNet-D full,0.13322007222431387,0.16354138662029635,0.13333333333333333,0.14285714285714285
147,CAFNet-D full,0.6306709975990359,1.0,0.9333333333333333,0.2153846153846154
148,CAFNet-D full,0.6349046559019734,0.77990823370192,0.9333333333333333,0.05555555555555555
149,CAFNet-D full,0.7222902097902097,0.7819835854675756,0.6666666666666666,0.7692307692307693
150,CAFNet-D full,0.28840505129698396,0.46582309483828666,0.26666666666666666,0.23529411764705882
151,CAFNet-D full,0.5101043742425757,0.9363792118010483,0.8666666666666667,0.20967741935483872
152,CAFNet-D full,0.6062424039245217,1.0,0.8,0.1935483870967742
153,CAFNet-D full,0.4970986998041928,0.6421867266689011,0.4666666666666667,0.28
154,CAFNet-D full,0.5143759399914146,0.857980942822373,0.8,0.3870967741935484
155,CAFNet-D full,0.3514213349697977,0.6410457898283654,0.6,0.2903225806451613
156,CAFNet-D full,0.35242947520199147,0.4074153667635757,0.4,0.42857142857142855
157,CAFNet-D full,0.4285214186489136,0.9337457765456111,0.6666666666666666,0.2702702702702703
158,CAFNet-D full,0.24132997779754814,0.4412851793128929,0.26666666666666666,0.11428571428571428
159,CAFNet-D full,0.5750428403206195,0.8006937664098821,0.6,0.4090909090909091
160,CAFNet-D full,0.632597352380916,1.0,1.0,0.06521739130434782
161,CAFNet-D full,0.5926653100570107,0.9337457765456111,0.9333333333333333,0.19718309859154928
162,CAFNet-D full,0.5030080369288346,0.8701249883466594,0.7333333333333333,0.058823529411764705
163,CAFNet-D full,0.16474794328039774,0.23365080824310536,0.13333333333333333,0.2
164,CAFNet-D full,0.5900319544038211,0.8669479898642711,0.8,0.125
165,CAFNet-D full,0.03704478028902672,0.0,0.06666666666666667,0.125
166,CAFNet-D full,0.5870038846460538,0.9148568823583791,0.8666666666666667,0.14942528735632185
167,CAFNet-D full,0.4761943124695994,0.8553475075669357,0.6666666666666666,0.15151515151515152
168,CAFNet-D full,0.6122486381152992,1.0,0.9333333333333333,0.12962962962962962
169,CAFNet-D full,0.5354907863754259,0.793584067764911,0.7333333333333333,0.2682926829268293
170,CAFNet-D full,0.6210497443548291,0.7104928563593765,0.4666666666666667,0.7777777777777778
171,CAFNet-D full,0.48103159454475214,0.7059054020403313,0.5333333333333333,0.4
172,CAFNet-D full,0.3078116514744833,0.715550648768261,0.4666666666666667,0.1320754716981132
173,CAFNet-D full,0.42677214921566864,0.8603818544462509,0.6666666666666666,0.15151515151515152
174,CAFNet-D full,0.39337377328207523,0.92663607790064,0.9333333333333333,0.208955223880597
175,CAFNet-D full,0.5741400606672163,0.7019727018777485,0.5333333333333333,0.5714285714285714
176,CAFNet-D full,0.1952402740765912,0.3465620753753259,0.2,0.5
177,CAFNet-D full,0.6958521053487677,0.7151857987862358,0.6,0.6923076923076923
178,CAFNet-D full,0.48346691791414437,0.9363792118010483,0.7333333333333333,0.19642857142857142
179,CAFNet-D full,0.516731828903608,0.9305687780632229,0.8,0.21428571428571427
180,CAFNet-D full,0.480202958376333,0.6105858728157117,0.2,0.5
181,CAFNet-D full,0.33722650027401646,0.38824405276699103,0.4,0.42857142857142855
182,CAFNet-D full,0.5052182125740574,0.633219679627003,0.3333333333333333,0.5
183,CAFNet-D full,0.28949408839221497,0.7791714369672128,0.7333333333333333,0.2
184,CAFNet-D full,0.7119687856896326,0.7909506325094736,0.8,0.11650485436893204
185,CAFNet-D full,0.2865347104957348,0.8701249883466594,0.6,0.13432835820895522
186,CAFNet-D full,0.4479864947522957,0.9337457765456111,0.9333333333333333,0.125
187,CAFNet-D full,0.750906672773995,1.0,0.9333333333333333,0.5185185185185185
188,CAFNet-D full,0.12760964665559899,0.314880130667631,0.13333333333333333,0.10526315789473684
189,CAFNet-D full,0.6008892905966984,1.0,1.0,0.055970149253731345
190,CAFNet-D full,0.28476140181388354,0.6364741801035539,0.4666666666666667,0.1590909090909091
191,CAFNet-D full,0.4655462922669803,0.9337457765456111,0.8,0.21052631578947367
192,CAFNet-D full,0.6555555555555556,0.7742158010001621,0.3333333333333333,0.8333333333333334
193,CAFNet-D full,0.22072048527746857,0.29062463495159,0.26666666666666666,0.12903225806451613
194,CAFNet-D full,0.22267670601003936,0.28638129926840206,0.2,0.5
195,CAFNet-D full,0.5744991125094162,1.0,1.0,0.15306122448979592
196,CAFNet-D full,0.3639985535918063,0.5067837010870874,0.3333333333333333,0.38461538461538464
197,CAFNet-D full,0.5220843788836049,0.8263333286520084,0.7333333333333333,0.2558139534883721
198,CAFNet-D full,0.45349557389480694,0.8415908474314977,0.7333333333333333,0.22448979591836735
199,CAFNet-D full,0.7808751035044139,0.9148568823583791,0.6666666666666666,0.8333333333333334
200,CAFNet-D full,0.4229727327152438,1.0,0.9333333333333333,0.19718309859154928
201,CAFNet-D full,0.32256013259846283,0.6020521034564039,0.4666666666666667,0.20588235294117646
202,CAFNet-D full,0.6175528410904677,0.9305687780632229,0.8,0.15384615384615385
203,CAFNet-D full,0.5180829905294774,0.9337457765456111,0.9333333333333333,0.12844036697247707
204,CAFNet-D full,0.6838757841339356,1.0,1.0,0.0375
205,CAFNet-D full,0.1574734667730167,0.3301376494471203,0.13333333333333333,0.11764705882352941
206,CAFNet-D full,0.3667158672555458,0.46900009332067494,0.2,0.25
207,CAFNet-D full,0.029001282162450126,0.0,0.06666666666666667,0.07692307692307693
208,CAFNet-D full,0.2636523377465068,0.33405144466421566,0.26666666666666666,0.16666666666666666
209,CAFNet-D full,0.577467322793828,1.0,0.9333333333333333,0.3684210526315789
210,CAFNet-D full,0.17437040834423997,0.2369053087196564,0.2,0.3
211,CAFNet-D full,0.23591895286608977,0.5017493542077721,0.4,0.14285714285714285
212,CAFNet-D full,0.1269717985638754,0.14201905717762706,0.2,0.23076923076923078
213,CAFNet-D full,0.1924995606500063,0.2024832320725063,0.3333333333333333,0.20833333333333334
214,CAFNet-D full,0.1187850453115208,0.17993148201117182,0.2,0.125
215,CAFNet-D full,0.4260698820450399,0.5965173333990071,0.5333333333333333,0.5333333333333333
216,CAFNet-D full,0.5044989351869817,0.793584067764911,0.8,0.1875
217,CAFNet-D full,0.5044088000468293,0.8553475075669357,0.7333333333333333,0.3333333333333333
218,CAFNet-D full,0.5191596211738919,0.9363792118010483,0.8666666666666667,0.2765957446808511
219,CAFNet-D full,0.07240445377491066,0.06943122193677728,0.13333333333333333,0.13333333333333333
220,CAFNet-D full,0.24923719958202717,0.38980242392690373,0.2,0.5
221,CAFNet-D full,0.6389433530177806,1.0,1.0,0.05338078291814947
222,CAFNet-D full,0.7333819045713951,1.0,1.0,0.05976095617529881
223,CAFNet-D full,0.4073423596387252,0.6108377030333358,0.2,0.6
224,CAFNet-D full,0.16652562682523436,0.1909208661789347,0.13333333333333333,0.3333333333333333
0,CAFNet-D + ATC,0.5512683106047084,1.0,0.9333333333333333,0.14
1,CAFNet-D + ATC,0.06520358752351503,0.09478836436955079,0.06666666666666667,0.045454545454545456
2,CAFNet-D + ATC,0.35582921307849885,0.5388856921828066,0.3333333333333333,0.35714285714285715
3,CAFNet-D + ATC,0.34819646056412146,0.5708588662113935,0.5333333333333333,0.3333333333333333
4,CAFNet-D + ATC,0.13212033550249835,0.1963279042557385,0.2,0.5
5,CAFNet-D + ATC,0.054344291673190624,0.0,0.0,0.0
6,CAFNet-D + ATC,0.5295624718816292,0.8364586133797037,0.7333333333333333,0.1746031746031746
7,CAFNet-D + ATC,0.22685246957767452,0.47842151728792737,0.26666666666666666,0.2222222222222222
8,CAFNet-D + ATC,0.6652885796771234,1.0,0.9333333333333333,0.16666666666666666
9,CAFNet-D + ATC,0.4688404861392477,0.6316243658611128,0.5333333333333333,0.5714285714285714
10,CAFNet-D + ATC,0.4071524778039236,0.72891152902702,0.6,0.1836734693877551
11,CAFNet-D + ATC,0.24992812065982797,0.38356636737133565,0.13333333333333333,0.4
12,CAFNet-D + ATC,0.554936537113413,0.9216017310213247,0.8666666666666667,0.06565656565656566
13,CAFNet-D + ATC,0.42390213031632945,0.791726719367984,0.5333333333333333,0.3076923076923077
14,CAFNet-D + ATC,0.4347522555948049,0.7624164915943119,0.6,0.3103448275862069
15,CAFNet-D + ATC,0.004477607946374125,0.0,0.0,0.0
16,CAFNet-D + ATC,0.08430532045811095,0.1356854453911663,0.13333333333333333,0.14285714285714285
17,CAFNet-D + ATC,0.39960478908633956,0.574337189448622,0.6,0.2727272727272727
18,CAFNet-D + ATC,0.4483324617515153,0.5072380780124418,0.4666666666666667,0.3181818181818182
19,CAFNet-D + ATC,0.5649394254476849,0.9216017310213247,0.7333333333333333,0.4230769230769231
20,CAFNet-D + ATC,0.22884451206282166,0.14465249243306438,0.3333333333333333,0.3333333333333333
21,CAFNet-D + ATC,0.6610301252797406,1.0,0.9333333333333333,0.16091954022988506
22,CAFNet-D + ATC,0.13559973643899131,0.3301376494471203,0.26666666666666666,0.1
23,CAFNet-D + ATC,0.2600018788544805,0.46785915648013926,0.4666666666666667,0.11475409836065574
24,CAFNet-D + ATC,0.21204149719290366,0.5033242827953465,0.4,0.17142857142857143
25,CAFNet-D + ATC,0.364385574188071,0.6371130896657825,0.6,0.11538461538461539
26,CAFNet-D + ATC,0.556903248608292,1.0,0.9333333333333333,0.04778156996587031
27,CAFNet-D + ATC,0.5429630818985816,0.8701249883466594,0.6666666666666666,0.24390243902439024
28,CAFNet-D + ATC,0.08642664116523961,0.08274602130532004,0.13333333333333333,0.2857142857142857
29,CAFNet-D + ATC,0.26749147706746407,0.4479321408033599,0.4666666666666667,0.14
30,CAFNet-D + ATC,0.5433972446888087,0.6421867266689011,0.5333333333333333,0.5
31,CAFNet-D + ATC,0.4376355062003893,0.7564477297898766,0.6666666666666666,0.4
32,CAFNet-D + ATC,0.32531221626504614,0.5637884576902257,0.3333333333333333,0.19230769230769232
33,CAFNet-D + ATC,0.17842084066791308,0.2090493674905264,0.2,0.1875
34,CAFNet-D + ATC,0.4209331046994728,0.7467045958894682,0.7333333333333333,0.2682926829268293
35,CAFNet-D + ATC,0.0750149051515699,0.07075576072108063,0.06666666666666667,0.1111111111111111
36,CAFNet-D + ATC,0.4189585323556983,0.8611375561264456,0.7333333333333333,0.1746031746031746
37,CAFNet-D + ATC,0.2566199292525266,0.3026024134988135,0.13333333333333333,0.3333333333333333
38,CAFNet-D + ATC,0.5661906295605075,1.0,0.9333333333333333,0.25
39,CAFNet-D + ATC,0.2816730989601656,0.6117952373568122,0.5333333333333333,0.0975609756097561
40,CAFNet-D + ATC,0.6800333300241787,1.0,0.8666666666666667,0.30952380952380953
41,CAFNet-D + ATC,0.03547832113690003,0.0,0.06666666666666667,0.14285714285714285
42,CAFNet-D + ATC,0.34452650726069384,0.8611375561264456,0.8666666666666667,0.06701030927835051
43,CAFNet-D + ATC,0.5976730611995509,0.8611375561264456,0.7333333333333333,0.4583333333333333
44,CAFNet-D + ATC,0.09639926648263582,0.13886244387355456,0.06666666666666667,0.034482758620689655
45,CAFNet-D + ATC,0.8909090909090909,0.8687949224876582,0.3333333333333333,1.0
46,CAFNet-D + ATC,0.15705914148605177,0.10633668103022986,0.13333333333333333,0.2857142857142857
47,CAFNet-D + ATC,0.5066952884921995,0.9363792118010483,0.7333333333333333,0.2894736842105263
48,CAFNet-D + ATC,0.4450364010504749,0.9148568823583791,0.7333333333333333,0.3235294117647059
49,CAFNet-D + ATC,0.332648252492038,0.5637884576902257,0.26666666666666666,0.23529411764705882
50,CAFNet-D + ATC,0.5483109647884399,0.7728378251807521,0.4666666666666667,0.5384615384615384
51,CAFNet-D + ATC,0.4927544115576696,0.633219679627003,0.5333333333333333,0.2962962962962963
52,CAFNet-D + ATC,0.256196776133694,0.435109895593042,0.3333333333333333,0.08064516129032258
53,CAFNet-D + ATC,0.364764664444396,0.510927102244958,0.26666666666666666,0.4444444444444444
54,CAFNet-D + ATC,0.3419554746630257,0.6364741801035539,0.5333333333333333,0.2857142857142857
55,CAFNet-D + ATC,0.3242593788676421,0.8553475075669357,0.6,0.2903225806451613
56,CAFNet-D + ATC,0.2844845816928869,0.44092032933086756,0.4,0.35294117647058826
57,CAFNet-D + ATC,0.6280354006866057,1.0,1.0,0.05434782608695652
58,CAFNet-D + ATC,0.3138588041510111,0.38391202314388534,0.26666666666666666,0.5
59,CAFNet-D + ATC,0.5230200152051784,0.88995411685096,0.6666666666666666,0.45454545454545453
60,CAFNet-D + ATC,0.15271594152899529,0.35895421017163476,0.13333333333333333,0.1
61,CAFNet-D + ATC,0.4939088900343752,0.7315449642824575,0.5333333333333333,0.2222222222222222
62,CAFNet-D + ATC,0.6398897005533508,0.9363792118010483,0.9333333333333333,0.4375
63,CAFNet-D + ATC,0.5274311990680473,0.793584067764911,0.6,0.45
64,CAFNet-D + ATC,0.3916327586748316,0.6874708847784539,0.5333333333333333,0.25806451612903225
65,CAFNet-D + ATC,0.4560198474516762,0.7849818707050383,0.6666666666666666,0.3225806451612903
66,CAFNet-D + ATC,0.4420741003035758,0.5390031312763821,0.2,0.375
67,CAFNet-D + ATC,0.5432367474636767,0.6936634693435664,0.4,0.6
68,CAFNet-D + ATC,0.4670597473068025,0.8701249883466594,0.8666666666666667,0.12745098039215685
69,CAFNet-D + ATC,0.36110533859094107,0.7788065869851875,0.6,0.11538461538461539
70,CAFNet-D + ATC,0.8141798165991714,0.8553475075669357,0.6,0.8181818181818182
71,CAFNet-D + ATC,0.4568228108624309,0.9337457765456111,0.8,0.20689655172413793
72,CAFNet-D + ATC,0.34645446622604364,0.8611375561264456,0.8,0.19672131147540983
73,CAFNet-D + ATC,0.1722952209714877,0.07839826897867534,0.2,0.17647058823529413
74,CAFNet-D + ATC,0.08843192545940337,0.13886244387355456,0.13333333333333333,0.13333333333333333
75,CAFNet-D + ATC,0.34500351345477265,0.543100812154742,0.4666666666666667,0.4117647058823529
76,CAFNet-D + ATC,0.15623456802878802,0.31831916378105624,0.26666666666666666,0.3333333333333333
77,CAFNet-D + ATC,0.07611192942693905,0.0,0.0,0.0
78,CAFNet-D + ATC,0.5143961421327254,1.0,0.9333333333333333,0.11023622047244094
79,CAFNet-D + ATC,0.27879500078044794,0.5388856921828066,0.4,0.3
80,CAFNet-D + ATC,0.4704658666423322,0.9337457765456111,0.9333333333333333,0.07
81,CAFNet-D + ATC,0.9266666666666667,0.9747429528567877,0.3333333333333333,1.0
82,CAFNet-D + ATC,0.06265703301734618,0.0,0.0,0.0
83,CAFNet-D + ATC,0.3106913209771523,0.46900009332067494,0.2,0.23076923076923078
84,CAFNet-D + ATC,0.40281028239740535,0.6421867266689011,0.5333333333333333,0.36363636363636365
85,CAFNet-D + ATC,0.11325581895982513,0.2726701556894781,0.26666666666666666,0.07692307692307693
86,CAFNet-D + ATC,0.5568523879908306,0.6457545768494585,0.6,0.34615384615384615
87,CAFNet-D + ATC,0.48671865812562204,0.8643145546088339,0.8,0.2222222222222222
88,CAFNet-D + ATC,0.045223789610156974,0.06362078819895173,0.13333333333333333,0.125
89,CAFNet-D + ATC,0.3445489240383477,0.3565964385966263,0.3333333333333333,0.4166666666666667
90,CAFNet-D + ATC,0.751293503417937,0.8454256604216018,0.8666666666666667,0.325
91,CAFNet-D + ATC,0.48533598786120097,0.8643145546088339,0.7333333333333333,0.23404255319148937
92,CAFNet-D + ATC,0.45077821705909343,0.9337457765456111,0.7333333333333333,0.15492957746478872
93,CAFNet-D + ATC,0.4156374888108608,0.7164850636933813,0.6666666666666666,0.2
94,CAFNet-D + ATC,0.6542248461046868,0.9052116356304495,0.7333333333333333,0.5
95,CAFNet-D + ATC,0.07389562422803421,0.09803928583135704,0.13333333333333333,0.4
96,CAFNet-D + ATC,0.4977023268983567,0.9216017310213247,0.8666666666666667,0.2
97,CAFNet-D + ATC,0.443700096930702,0.6961622681399229,0.4666666666666667,0.042682926829268296
98,CAFNet-D + ATC,0.4880146068970852,0.9363792118010483,0.9333333333333333,0.09929078014184398
99,CAFNet-D + ATC,0.518654149360997,0.77990823370192,0.6666666666666666,0.3448275862068966
100,CAFNet-D + ATC,0.557145193418968,1.0,0.9333333333333333,0.22950819672131148
101,CAFNet-D + ATC,0.3659168784424658,0.6809047493604335,0.4666666666666667,0.16666666666666666
102,CAFNet-D + ATC,0.488101143927986,0.7059054020403313,0.6,0.28125
103,CAFNet-D + ATC,0.35017948770134827,0.5404673768993047,0.6,0.18
104,CAFNet-D + ATC,0.5406213823310657,0.5887498202463202,0.4666666666666667,0.6363636363636364
105,CAFNet-D + ATC,0.49842457230532616,0.7663491917568949,0.7333333333333333,0.2391304347826087
106,CAFNet-D + ATC,0.24368341843423505,0.5206178632166883,0.4,0.2857142857142857
107,CAFNet-D + ATC,0.35836897633304815,0.5548441015591575,0.26666666666666666,0.8
108,CAFNet-D + ATC,0.6245970687318174,1.0,0.8666666666666667,0.24528301886792453
109,CAFNet-D + ATC,0.11794372579220207,0.09478836436955079,0.06666666666666667,0.1
110,CAFNet-D + ATC,0.31375362746427504,0.5766692999492191,0.5333333333333333,0.25806451612903225
111,CAFNet-D + ATC,0.029865932262279196,0.0,0.06666666666666667,0.1111111111111111
112,CAFNet-D + ATC,0.30947285574418015,0.5834330535576522,0.3333333333333333,0.29411764705882354
113,CAFNet-D + ATC,0.6232819148975056,1.0,1.0,0.17647058823529413
114,CAFNet-D + ATC,0.5453279118539283,0.7655934900767002,0.7333333333333333,0.2682926829268293
115,CAFNet-D + ATC,0.566956462911297,0.9363792118010483,0.8,0.15789473684210525
116,CAFNet-D + ATC,0.36788386563530245,0.7909506325094736,0.6666666666666666,0.23255813953488372
117,CAFNet-D + ATC,0.271537633504523,0.5847192329112589,0.6,0.19148936170212766
118,CAFNet-D + ATC,0.012734596072556087,0.0,0.0,0.0
119,CAFNet-D + ATC,0.20962831739457832,0.4486689375380671,0.3333333333333333,0.21739130434782608
120,CAFNet-D + ATC,0.694099907870225,0.9337457765456111,0.8,0.32432432432432434
121,CAFNet-D + ATC,0.12702255980883945,0.3301376494471203,0.13333333333333333,0.08695652173913043
122,CAFNet-D + ATC,0.6547744422491953,1.0,1.0,0.11811023622047244
123,CAFNet-D + ATC,0.04971410751754413,0.0,0.13333333333333333,0.3333333333333333
124,CAFNet-D + ATC,0.7328334104400692,0.8701249883466594,0.8,0.6
125,CAFNet-D + ATC,0.537050391435969,1.0,0.8,0.07100591715976332
126,CAFNet-D + ATC,0.5040805976825968,0.5111707781750247,0.6,0.5625
127,CAFNet-D + ATC,0.6376065921505811,1.0,0.9333333333333333,0.42424242424242425
128,CAFNet-D + ATC,0.4590852674159952,0.6835381846158709,0.4,0.3
129,CAFNet-D + ATC,0.4076622330979515,0.8643145546088339,0.6,0.20454545454545456
130,CAFNet-D + ATC,0.40078726725398556,0.4883505467692416,0.2,0.375
131,CAFNet-D + ATC,0.027604591036979098,0.0,0.0,0.0
132,CAFNet-D + ATC,0.2349092818164507,0.6032621820619529,0.4,0.1935483870967742
133,CAFNet-D + ATC,0.625011727224065,0.8669479898642711,0.7333333333333333,0.1864406779661017
134,CAFNet-D + ATC,0.569822364399405,0.9337457765456111,0.8666666666666667,0.15476190476190477
135,CAFNet-D + ATC,0.398911881464775,0.46706769398382797,0.2,0.3333333333333333
136,CAFNet-D + ATC,0.21912175005143733,0.38589303732090646,0.26666666666666666,0.25
137,CAFNet-D + ATC,0.49615037873814016,1.0,0.8,0.23076923076923078
138,CAFNet-D + ATC,0.436351819079431,0.6772733739526912,0.4,0.4
139,CAFNet-D + ATC,0.3334142726858185,0.4703652827859579,0.13333333333333333,0.4
140,CAFNet-D + ATC,0.5365251059337716,0.7630946912803437,0.8,0.05217391304347826
141,CAFNet-D + ATC,0.5401814967276024,1.0,1.0,0.11627906976744186
142,CAFNet-D + ATC,0.4886370906483191,0.9337457765456111,0.9333333333333333,0.2
143,CAFNet-D + ATC,0.3284100540593149,0.7471589728148226,0.6,0.13846153846153847
144,CAFNet-D + ATC,0.13893787200410063,0.38824405276699103,0.2,0.07894736842105263
145,CAFNet-D + ATC,0.6256946096903753,0.7702043899253147,0.6666666666666666,0.625
146,CAFNet-D + ATC,0.13864630244115014,0.1517621910780354,0.2,0.21428571428571427
147,CAFNet-D + ATC,0.46213477393649294,1.0,0.8,0.18461538461538463
148,CAFNet-D + ATC,0.5699292219262239,0.77990823370192,0.9333333333333333,0.05555555555555555
149,CAFNet-D + ATC,0.7455194728640211,0.7909506325094736,0.6,0.6923076923076923
150,CAFNet-D + ATC,0.28269349099822305,0.460012661100461,0.3333333333333333,0.29411764705882354
151,CAFNet-D + ATC,0.5218577959748508,0.9337457765456111,0.8666666666666667,0.20967741935483872
152,CAFNet-D + ATC,0.4716703025857908,0.9363792118010483,0.8666666666666667,0.20967741935483872
153,CAFNet-D + ATC,0.3730298377016841,0.6489315753318466,0.4,0.24
154,CAFNet-D + ATC,0.5778303552764674,0.9337457765456111,0.7333333333333333,0.3548387096774194
155,CAFNet-D + ATC,0.4417426233270261,0.5270672065167424,0.6666666666666666,0.3225806451612903
156,CAFNet-D + ATC,0.3316903668763661,0.44173955623824734,0.4,0.42857142857142855
157,CAFNet-D + ATC,0.3702044924130873,0.8006937664098821,0.6666666666666666,0.2702702702702703
158,CAFNet-D + ATC,0.11598921243029123,0.21819512777735,0.2,0.08571428571428572
159,CAFNet-D + ATC,0.659302882080861,0.9216017310213247,0.6666666666666666,0.45454545454545453
160,CAFNet-D + ATC,0.5508436866659423,1.0,1.0,0.06521739130434782
161,CAFNet-D + ATC,0.4394947040423598,1.0,0.9333333333333333,0.19718309859154928
162,CAFNet-D + ATC,0.45221029939192325,0.9363792118010483,0.8,0.06417112299465241
163,CAFNet-D + ATC,0.18875276705552765,0.29345568839744024,0.13333333333333333,0.2
164,CAFNet-D + ATC,0.691757669988598,1.0,0.9333333333333333,0.14583333333333334
165,CAFNet-D + ATC,0.04437517208889438,0.0,0.0,0.0
166,CAFNet-D + ATC,0.5609736896940433,0.88995411685096,0.8666666666666667,0.14942528735632185
167,CAFNet-D + ATC,0.4015611355637118,0.8643145546088339,0.7333333333333333,0.16666666666666666
168,CAFNet-D + ATC,0.5758446895488089,1.0,0.8666666666666667,0.12037037037037036
169,CAFNet-D + ATC,0.613622391464442,0.718362797268624,0.6,0.21951219512195122
170,CAFNet-D + ATC,0.6395767195767196,0.7336947458836465,0.4666666666666667,0.7777777777777778
171,CAFNet-D + ATC,0.40170427537068426,0.7034066032439749,0.4666666666666667,0.35
172,CAFNet-D + ATC,0.25308409450028163,0.7191184989488185,0.5333333333333333,0.1509433962264151
173,CAFNet-D + ATC,0.4119726509060241,0.7125523635307983,0.6666666666666666,0.15151515151515152
174,CAFNet-D + ATC,0.3875118561438224,0.9305687780632229,0.8,0.1791044776119403
175,CAFNet-D + ATC,0.6195841509478063,0.7818048722226502,0.5333333333333333,0.5714285714285714
176,CAFNet-D + ATC,0.2612580915992047,0.36923127105364145,0.26666666666666666,0.6666666666666666
177,CAFNet-D + ATC,0.673635323474763,0.6489315753318466,0.6,0.6923076923076923
178,CAFNet-D + ATC,0.4973348750051824,0.8669479898642711,0.5333333333333333,0.14285714285714285
179,CAFNet-D + ATC,0.5023314461190598,1.0,0.9333333333333333,0.25
180,CAFNet-D + ATC,0.4153775044713731,0.5709662133861838,0.2,0.5
181,CAFNet-D + ATC,0.34483220537024756,0.514186364257749,0.4666666666666667,0.5
182,CAFNet-D + ATC,0.5281254547117092,0.6489315753318466,0.3333333333333333,0.5
183,CAFNet-D + ATC,0.40221670077049276,1.0,0.8666666666666667,0.23636363636363636
184,CAFNet-D + ATC,0.5906866374019196,1.0,0.8,0.11650485436893204
185,CAFNet-D + ATC,0.3244999903890585,0.8006937664098821,0.6666666666666666,0.14925373134328357
186,CAFNet-D + ATC,0.6132134567122114,1.0,0.9333333333333333,0.125
187,CAFNet-D + ATC,0.7185913131223425,1.0,0.8666666666666667,0.48148148148148145
188,CAFNet-D + ATC,0.15636607772083416,0.35895421017163476,0.13333333333333333,0.10526315789473684
189,CAFNet-D + ATC,0.590040420999888,1.0,1.0,0.055970149253731345
190,CAFNet-D + ATC,0.2452458390863196,0.5365535816822092,0.5333333333333333,0.18181818181818182
191,CAFNet-D + ATC,0.4462267246188144,0.9337457765456111,0.8,0.21052631578947367
192,CAFNet-D + ATC,0.5909303115185468,0.6625602459390023,0.3333333333333333,0.8333333333333334
193,CAFNet-D + ATC,0.13133498765333576,0.2140837143698417,0.3333333333333333,0.16129032258064516
194,CAFNet-D + ATC,0.34646051403017347,0.41039156802332444,0.2,0.5
195,CAFNet-D + ATC,0.6442229090106826,1.0,1.0,0.15306122448979592
196,CAFNet-D + ATC,0.337168552646322,0.39356081945565907,0.3333333333333333,0.38461538461538464
197,CAFNet-D + ATC,0.5703485553459015,0.7849818707050383,0.7333333333333333,0.2558139534883721
198,CAFNet-D + ATC,0.31621541625028365,0.9148568823583791,0.6666666666666666,0.20408163265306123
199,CAFNet-D + ATC,0.766046626984127,0.88995411685096,0.6666666666666666,0.8333333333333334
200,CAFNet-D + ATC,0.5315962232470218,1.0,0.8666666666666667,0.18309859154929578
201,CAFNet-D + ATC,0.28728539778778045,0.4985723557253839,0.4,0.17647058823529413
202,CAFNet-D + ATC,0.41304441151286525,0.9337457765456111,0.6666666666666666,0.1282051282051282
203,CAFNet-D + ATC,0.49556884392893097,1.0,1.0,0.13761467889908258
204,CAFNet-D + ATC,0.6323272734112625,1.0,1.0,0.0375
205,CAFNet-D + ATC,0.15479746389164034,0.314880130667631,0.26666666666666666,0.23529411764705882
206,CAFNet-D + ATC,0.3771269332881665,0.46900009332067494,0.2,0.25
207,CAFNet-D + ATC,0.022783053347249914,0.0,0.0,0.0
208,CAFNet-D + ATC,0.2577906066594158,0.4373524791503101,0.26666666666666666,0.16666666666666666
209,CAFNet-D + ATC,0.4691880429895345,0.857980942822373,0.7333333333333333,0.2894736842105263
210,CAFNet-D + ATC,0.10597193911121787,0.16354138662029635,0.2,0.3
211,CAFNet-D + ATC,0.23964100294070106,0.4073174795910972,0.3333333333333333,0.11904761904761904
212,CAFNet-D + ATC,0.12779033845962118,0.09478836436955079,0.26666666666666666,0.3076923076923077
213,CAFNet-D + ATC,0.28163196564461324,0.2895229882348575,0.4,0.25
214,CAFNet-D + ATC,0.21044449505490864,0.314880130667631,0.13333333333333333,0.08333333333333333
215,CAFNet-D + ATC,0.34537882298602035,0.47215670662474735,0.4666666666666667,0.4666666666666667
216,CAFNet-D + ATC,0.4785322888903647,0.841492960259019,0.8,0.1875
217,CAFNet-D + ATC,0.40921304588163154,0.8006937664098821,0.7333333333333333,0.3333333333333333
218,CAFNet-D + ATC,0.46599978267708336,0.9363792118010483,0.7333333333333333,0.23404255319148937
219,CAFNet-D + ATC,0.06883500751250056,0.06943122193677728,0.13333333333333333,0.13333333333333333
220,CAFNet-D + ATC,0.23984874233505155,0.4088509304831694,0.2,0.5
221,CAFNet-D + ATC,0.6510347637518196,1.0,1.0,0.05338078291814947
222,CAFNet-D + ATC,0.6804470969241603,1.0,1.0,0.05976095617529881
223,CAFNet-D + ATC,0.49184532894788696,0.6661998717660157,0.2,0.6
224,CAFNet-D + ATC,0.15266982954674319,0.1909208661789347,0.06666666666666667,0.16666666666666666
0,CAFNet-D + ATC+target,0.5232688929164829,1.0,0.9333333333333333,0.14
1,CAFNet-D + ATC+target,0.06594138669094002,0.09478836436955079,0.06666666666666667,0.045454545454545456
2,CAFNet-D + ATC+target,0.3542616923946164,0.510069131458292,0.4,0.42857142857142855
3,CAFNet-D + ATC+target,0.32976097815521893,0.5022037311331264,0.4666666666666667,0.2916666666666667
4,CAFNet-D + ATC+target,0.1690600091045078,0.2874203074791966,0.2,0.5
5,CAFNet-D + ATC+target,0.06107681967872927,0.0,0.0,0.0
6,CAFNet-D + ATC+target,0.5155235909988554,0.8364586133797037,0.7333333333333333,0.1746031746031746
7,CAFNet-D + ATC+target,0.20393018328996085,0.4131279133289228,0.3333333333333333,0.2777777777777778
8,CAFNet-D + ATC+target,0.6352109744888863,1.0,0.8666666666666667,0.15476190476190477
9,CAFNet-D + ATC+target,0.41146540542258714,0.5294438830372383,0.5333333333333333,0.5714285714285714
10,CAFNet-D + ATC+target,0.4238898979557466,0.7257345305446319,0.6,0.1836734693877551
11,CAFNet-D + ATC+target,0.24543785787556416,0.38356636737133565,0.13333333333333333,0.4
12,CAFNet-D + ATC+target,0.4762548266556623,0.92663607790064,0.8666666666666667,0.06565656565656566
13,CAFNet-D + ATC+target,0.4311058921457726,0.857980942822373,0.5333333333333333,0.3076923076923077
14,CAFNet-D + ATC+target,0.4035871279926714,0.7183424120903082,0.6,0.3103448275862069
15,CAFNet-D + ATC+target,0.004598613681657124,0.0,0.0,0.0
16,CAFNet-D + ATC+target,0.09407292201528482,0.1356854453911663,0.2,0.21428571428571427
17,CAFNet-D + ATC+target,0.381984283807536,0.551331062461933,0.6666666666666666,0.30303030303030304
18,CAFNet-D + ATC+target,0.4096032201872773,0.49827103097054376,0.4666666666666667,0.3181818181818182
19,CAFNet-D + ATC+target,0.5696053790734621,0.8669479898642711,0.8,0.46153846153846156
20,CAFNet-D + ATC+target,0.2267852759057575,0.14201905717762706,0.3333333333333333,0.3333333333333333
21,CAFNet-D + ATC+target,0.6599054469377269,1.0,0.9333333333333333,0.16091954022988506
22,CAFNet-D + ATC+target,0.12477985002895778,0.39639187290150935,0.26666666666666666,0.1
23,CAFNet-D + ATC+target,0.24395442041575605,0.4016049330257502,0.4,0.09836065573770492
24,CAFNet-D + ATC+target,0.22606328863725966,0.510069131458292,0.4666666666666667,0.2
25,CAFNet-D + ATC+target,0.3391726410441298,0.5734923014668308,0.6,0.11538461538461539
26,CAFNet-D + ATC+target,0.5397499214288293,1.0,0.9333333333333333,0.04778156996587031
27,CAFNet-D + ATC+target,0.543056267347381,0.8572048559638626,0.6666666666666666,0.24390243902439024
28,CAFNet-D + ATC+target,0.07685434173669468,0.08671382849411974,0.06666666666666667,0.14285714285714285
29,CAFNet-D + ATC+target,0.2546492917503141,0.46582309483828666,0.4666666666666667,0.14
30,CAFNet-D + ATC+target,0.5136276774311073,0.6325414799409712,0.4666666666666667,0.4375
31,CAFNet-D + ATC+target,0.4441172186329664,0.7951657524814092,0.7333333333333333,0.44
32,CAFNet-D + ATC+target,0.3177301433956831,0.5637884576902257,0.4,0.23076923076923078
33,CAFNet-D + ATC+target,0.1716499969210184,0.2090493674905264,0.3333333333333333,0.3125
34,CAFNet-D + ATC+target,0.21442805715537672,0.4346298575932763,0.4,0.14634146341463414
35,CAFNet-D + ATC+target,0.1132599167019457,0.15166831491748423,0.2,0.3333333333333333
36,CAFNet-D + ATC+target,0.41755350830417426,0.7948833326720566,0.7333333333333333,0.1746031746031746
37,CAFNet-D + ATC+target,0.11019927610470819,0.13032376591037065,0.06666666666666667,0.16666666666666666
38,CAFNet-D + ATC+target,0.5802792683968181,1.0,0.9333333333333333,0.25
39,CAFNet-D + ATC+target,0.21416857256239885,0.5996943318813954,0.5333333333333333,0.0975609756097561
40,CAFNet-D + ATC+target,0.5323055544456571,0.92663607790064,0.8666666666666667,0.30952380952380953
41,CAFNet-D + ATC+target,0.033157027736243044,0.0,0.0,0.0
42,CAFNet-D + ATC+target,0.36463498665524297,0.8611375561264456,0.8,0.061855670103092786
43,CAFNet-D + ATC+target,0.5708510701885302,0.7975167679274939,0.7333333333333333,0.4583333333333333
44,CAFNet-D + ATC+target,0.09082009466658209,0.13886244387355456,0.06666666666666667,0.034482758620689655
45,CAFNet-D + ATC+target,0.8833333333333333,0.8687949224876582,0.3333333333333333,1.0
46,CAFNet-D + ATC+target,0.17449991438222887,0.09791292534996782,0.2,0.42857142857142855
47,CAFNet-D + ATC+target,0.5249098071888617,0.9305687780632229,0.8,0.3157894736842105
48,CAFNet-D + ATC+target,0.46374437953352393,0.8486026589039901,0.7333333333333333,0.3235294117647059
49,CAFNet-D + ATC+target,0.3192566056416571,0.5637884576902257,0.26666666666666666,0.23529411764705882
50,CAFNet-D + ATC+target,0.5551619671312766,0.7670273914429266,0.4666666666666667,0.5384615384615384
51,CAFNet-D + ATC+target,0.46533873752986715,0.6421867266689011,0.4666666666666667,0.25925925925925924
52,CAFNet-D + ATC+target,0.2593881429589875,0.29849003527675555,0.3333333333333333,0.08064516129032258
53,CAFNet-D + ATC+target,0.4044246748829971,0.5375218463332218,0.26666666666666666,0.4444444444444444
54,CAFNet-D + ATC+target,0.3066022130823032,0.5399873388995391,0.5333333333333333,0.2857142857142857
55,CAFNet-D + ATC+target,0.3313420379492587,0.8553475075669357,0.6,0.2903225806451613
56,CAFNet-D + ATC+target,0.25866319022894857,0.37148910739409025,0.26666666666666666,0.23529411764705882
57,CAFNet-D + ATC+target,0.6523339231025371,1.0,1.0,0.05434782608695652
58,CAFNet-D + ATC+target,0.2884897400654049,0.3663771643778127,0.2,0.375
59,CAFNet-D + ATC+target,0.5388012124869437,0.9052116356304495,0.6666666666666666,0.45454545454545453
60,CAFNet-D + ATC+target,0.16407882741063684,0.42520843362602384,0.2,0.15
61,CAFNet-D + ATC+target,0.47327275640234373,0.6749359875559983,0.4666666666666667,0.19444444444444445
62,CAFNet-D + ATC+target,0.6355936002336772,1.0,0.8666666666666667,0.40625
63,CAFNet-D + ATC+target,0.534960056217479,0.7909506325094736,0.6,0.45
64,CAFNet-D + ATC+target,0.41420385834272705,0.6212166613240647,0.5333333333333333,0.25806451612903225
65,CAFNet-D + ATC+target,0.4558396085706031,0.7849818707050383,0.6666666666666666,0.3225806451612903
66,CAFNet-D + ATC+target,0.39847411772814995,0.5214682725103094,0.2,0.375
67,CAFNet-D + ATC+target,0.5367941632026536,0.6274092458891773,0.4,0.6
68,CAFNet-D + ATC+target,0.41984429449664673,0.8701249883466594,0.8666666666666667,0.12745098039215685
69,CAFNet-D + ATC+target,0.3437231433582079,0.7819835854675756,0.6666666666666666,0.1282051282051282
70,CAFNet-D + ATC+target,0.8940227967750904,0.9337457765456111,0.6666666666666666,0.9090909090909091
71,CAFNet-D + ATC+target,0.4363533795549701,0.9363792118010483,0.7333333333333333,0.1896551724137931
72,CAFNet-D + ATC+target,0.32159260071678125,0.77990823370192,0.8,0.19672131147540983
73,CAFNet-D + ATC+target,0.19072039395375479,0.07839826897867534,0.26666666666666666,0.23529411764705882
74,CAFNet-D + ATC+target,0.0844886541558181,0.13886244387355456,0.13333333333333333,0.13333333333333333
75,CAFNet-D + ATC+target,0.34500370204806907,0.5519699720241615,0.4666666666666667,0.4117647058823529
76,CAFNet-D + ATC+target,0.17932851708495295,0.3378862576543199,0.26666666666666666,0.3333333333333333
77,CAFNet-D + ATC+target,0.08518413773343689,0.0,0.0,0.0
78,CAFNet-D + ATC+target,0.5119086123345512,1.0,0.8666666666666667,0.10236220472440945
79,CAFNet-D + ATC+target,0.27987547104962446,0.5271064966405457,0.3333333333333333,0.25
80,CAFNet-D + ATC+target,0.47286218558617943,0.92663607790064,0.8666666666666667,0.065
81,CAFNet-D + ATC+target,1.0,1.0,0.3333333333333333,1.0
82,CAFNet-D + ATC+target,0.19987000650482462,0.5072380780124418,0.4,0.2
83,CAFNet-D + ATC+target,0.30771859799667484,0.46900009332067494,0.2,0.23076923076923078
84,CAFNet-D + ATC+target,0.3843651784185224,0.7624164915943119,0.5333333333333333,0.36363636363636365
85,CAFNet-D + ATC+target,0.13388558445914817,0.19930623359011804,0.3333333333333333,0.09615384615384616
86,CAFNet-D + ATC+target,0.5954553901119303,0.6618313225363276,0.6,0.34615384615384615
87,CAFNet-D + ATC+target,0.3839859625024997,0.9337457765456111,0.7333333333333333,0.2037037037037037
88,CAFNet-D + ATC+target,0.049436264113978425,0.06362078819895173,0.13333333333333333,0.125
89,CAFNet-D + ATC+target,0.3339241796897886,0.3476293915547283,0.3333333333333333,0.4166666666666667
90,CAFNet-D + ATC+target,0.676147299962699,0.7702043899253147,0.8,0.3
91,CAFNet-D + ATC+target,0.48323526519104687,0.8572048559638626,0.7333333333333333,0.23404255319148937
92,CAFNet-D + ATC+target,0.4985632370616849,1.0,0.8666666666666667,0.18309859154929578
93,CAFNet-D + ATC+target,0.3494530164738949,0.6809047493604335,0.6,0.18
94,CAFNet-D + ATC+target,0.6538322892505465,0.9148568823583791,0.7333333333333333,0.5
95,CAFNet-D + ATC+target,0.04667224870644873,0.0,0.06666666666666667,0.2
96,CAFNet-D + ATC+target,0.48169291841979145,0.92663607790064,0.8666666666666667,0.2
97,CAFNet-D + ATC+target,0.41790168825737145,0.6489315753318466,0.5333333333333333,0.04878048780487805
98,CAFNet-D + ATC+target,0.6250297551023363,0.9337457765456111,0.9333333333333333,0.09929078014184398
99,CAFNet-D + ATC+target,0.5492369826445453,0.7312625444731049,0.6666666666666666,0.3448275862068966
100,CAFNet-D + ATC+target,0.5309919352603263,1.0,0.8666666666666667,0.21311475409836064
101,CAFNet-D + ATC+target,0.3317374648989027,0.633219679627003,0.4666666666666667,0.16666666666666666
102,CAFNet-D + ATC+target,0.4613519324373213,0.6906478832608419,0.6,0.28125
103,CAFNet-D + ATC+target,0.362881284214885,0.5014276442746162,0.6666666666666666,0.2
104,CAFNet-D + ATC+target,0.5222657193949061,0.6331992944486873,0.4666666666666667,0.6363636363636364
105,CAFNet-D + ATC+target,0.4934969296910728,0.7663491917568949,0.8,0.2608695652173913
106,CAFNet-D + ATC+target,0.2663045298668211,0.6242322474067891,0.4,0.2857142857142857
107,CAFNet-D + ATC+target,0.49123914759273873,0.7052750892414584,0.26666666666666666,0.8
108,CAFNet-D + ATC+target,0.6027595820655332,1.0,1.0,0.2830188679245283
109,CAFNet-D + ATC+target,0.12299152769665536,0.1100458831490401,0.2,0.3
110,CAFNet-D + ATC+target,0.3057004080161858,0.6371130896657825,0.5333333333333333,0.25806451612903225
111,CAFNet-D + ATC+target,0.030650062212242694,0.0,0.06666666666666667,0.1111111111111111
112,CAFNet-D + ATC+target,0.3004418693438911,0.5766882048947065,0.3333333333333333,0.29411764705882354
113,CAFNet-D + ATC+target,0.6131028224991739,1.0,1.0,0.17647058823529413
114,CAFNet-D + ATC+target,0.5939625369233498,0.8482378089219648,0.7333333333333333,0.2682926829268293
115,CAFNet-D + ATC+target,0.5661212937827498,0.9337457765456111,0.8666666666666667,0.17105263157894737
116,CAFNet-D + ATC+target,0.33678870396000876,0.699473903081392,0.6666666666666666,0.23255813953488372
117,CAFNet-D + ATC+target,0.2713540998959689,0.7218018303820491,0.6,0.19148936170212766
118,CAFNet-D + ATC+target,0.014819740888529321,0.0,0.0,0.0
119,CAFNet-D + ATC+target,0.28951333469602364,0.4249260138166711,0.3333333333333333,0.21739130434782608
120,CAFNet-D + ATC+target,0.6967230119603832,0.9305687780632229,0.8666666666666667,0.35135135135135137
121,CAFNet-D + ATC+target,0.11260122306653791,0.24890832702259466,0.13333333333333333,0.08695652173913043
122,CAFNet-D + ATC+target,0.655357263881317,1.0,1.0,0.11811023622047244
123,CAFNet-D + ATC+target,0.062004489977564414,0.18293214719087555,0.13333333333333333,0.3333333333333333
124,CAFNet-D + ATC+target,0.7146545608147581,1.0,0.8,0.6
125,CAFNet-D + ATC+target,0.5057367256092277,0.9305687780632229,0.8,0.07100591715976332
126,CAFNet-D + ATC+target,0.5471439304032762,0.6410457898283654,0.6666666666666666,0.625
127,CAFNet-D + ATC+target,0.6543272043213892,1.0,0.8666666666666667,0.3939393939393939
128,CAFNet-D + ATC+target,0.49498102699812313,0.718362797268624,0.4,0.3
129,CAFNet-D + ATC+target,0.46247349236029983,0.9337457765456111,0.7333333333333333,0.25
130,CAFNet-D + ATC+target,0.33374449990462796,0.3949969211264808,0.2,0.375
131,CAFNet-D + ATC+target,0.0313810847018437,0.0,0.0,0.0
132,CAFNet-D + ATC+target,0.204493730170425,0.4451989745299882,0.4,0.1935483870967742
133,CAFNet-D + ATC+target,0.6392039524753503,0.7967610662472993,0.7333333333333333,0.1864406779661017
134,CAFNet-D + ATC+target,0.5728208209995265,0.9337457765456111,0.8666666666666667,0.15476190476190477
135,CAFNet-D + ATC+target,0.4064577000496327,0.48457138819693474,0.2,0.3333333333333333
136,CAFNet-D + ATC+target,0.26359132719244877,0.42520843362602384,0.26666666666666666,0.25
137,CAFNet-D + ATC+target,0.5265156772035939,1.0,0.8,0.23076923076923078
138,CAFNet-D + ATC+target,0.37574813562026893,0.5174612499126158,0.4,0.4
139,CAFNet-D + ATC+target,0.3227857338319803,0.4599715079731103,0.13333333333333333,0.4
140,CAFNet-D + ATC+target,0.5679364268741164,0.7467045958894682,0.8,0.05217391304347826
141,CAFNet-D + ATC+target,0.4991676458877697,1.0,1.0,0.11627906976744186
142,CAFNet-D + ATC+target,0.4743594356659597,1.0,0.9333333333333333,0.2
143,CAFNet-D + ATC+target,0.3777901697071298,0.8357804136936722,0.6666666666666666,0.15384615384615385
144,CAFNet-D + ATC+target,0.142880165667675,0.3190952506395665,0.26666666666666666,0.10526315789473684
145,CAFNet-D + ATC+target,0.6186475720076383,0.699473903081392,0.6666666666666666,0.625
146,CAFNet-D + ATC+target,0.13379696400598984,0.14279514403613736,0.2,0.21428571428571427
147,CAFNet-D + ATC+target,0.45926477204294824,0.9363792118010483,0.8,0.18461538461538463
148,CAFNet-D + ATC+target,0.6174756702482503,0.77990823370192,0.8666666666666667,0.051587301587301584
149,CAFNet-D + ATC+target,0.7844402179017564,0.8572048559638626,0.6666666666666666,0.7692307692307693
150,CAFNet-D + ATC+target,0.27367551363029796,0.4505655760587973,0.26666666666666666,0.23529411764705882
151,CAFNet-D + ATC+target,0.551326375659448,0.8701249883466594,0.8,0.1935483870967742
152,CAFNet-D + ATC+target,0.4728002007681963,0.9337457765456111,0.8,0.1935483870967742
153,CAFNet-D + ATC+target,0.44516062879844015,0.6371523797895857,0.4666666666666667,0.28
154,CAFNet-D + ATC+target,0.579921529257092,0.9363792118010483,0.6666666666666666,0.3225806451612903
155,CAFNet-D + ATC+target,0.3942884770249395,0.4705561169627618,0.4666666666666667,0.22580645161290322
156,CAFNet-D + ATC+target,0.33535840799938527,0.44173955623824734,0.4,0.42857142857142855
157,CAFNet-D + ATC+target,0.363154650394952,0.8643145546088339,0.6666666666666666,0.2702702702702703
158,CAFNet-D + ATC+target,0.13802228747210327,0.24618570546556087,0.2,0.08571428571428572
159,CAFNet-D + ATC+target,0.6404134122340317,0.8701249883466594,0.7333333333333333,0.5
160,CAFNet-D + ATC+target,0.5937064230425926,1.0,1.0,0.06521739130434782
161,CAFNet-D + ATC+target,0.5128075219844737,1.0,0.9333333333333333,0.19718309859154928
162,CAFNet-D + ATC+target,0.4738861074857864,0.9337457765456111,0.8,0.06417112299465241
163,CAFNet-D + ATC+target,0.10934733312573902,0.17630010660342915,0.13333333333333333,0.2
164,CAFNet-D + ATC+target,0.7117055471171712,1.0,0.9333333333333333,0.14583333333333334
165,CAFNet-D + ATC+target,0.03857351320658458,0.0,0.06666666666666667,0.125
166,CAFNet-D + ATC+target,0.548643716808741,0.88995411685096,0.8666666666666667,0.14942528735632185
167,CAFNet-D + ATC+target,0.4357191099036138,0.791726719367984,0.7333333333333333,0.16666666666666666
168,CAFNet-D + ATC+target,0.5108525705463544,1.0,0.8666666666666667,0.12037037037037036
169,CAFNet-D + ATC+target,0.586392411153274,0.6901935063354876,0.6,0.21951219512195122
170,CAFNet-D + ATC+target,0.6713096399064711,0.8088412634217226,0.4666666666666667,0.7777777777777778
171,CAFNet-D + ATC+target,0.4485152313366188,0.7222954974312067,0.4666666666666667,0.35
172,CAFNet-D + ATC+target,0.2671743239792835,0.7573821447149967,0.5333333333333333,0.1509433962264151
173,CAFNet-D + ATC+target,0.3896414006918898,0.7819835854675756,0.6666666666666666,0.15151515151515152
174,CAFNet-D + ATC+target,0.40045040331352166,0.9305687780632229,0.8,0.1791044776119403
175,CAFNet-D + ATC+target,0.5945479174375248,0.7728378251807521,0.5333333333333333,0.5714285714285714
176,CAFNet-D + ATC+target,0.27370917158925423,0.36923127105364145,0.2,0.5
177,CAFNet-D + ATC+target,0.6512763073700689,0.6421867266689011,0.6,0.6923076923076923
178,CAFNet-D + ATC+target,0.48290271727154804,0.8701249883466594,0.6,0.16071428571428573
179,CAFNet-D + ATC+target,0.4619992479483913,1.0,0.8666666666666667,0.23214285714285715
180,CAFNet-D + ATC+target,0.43526936026936025,0.5842273861585909,0.2,0.5
181,CAFNet-D + ATC+target,0.29045984141099473,0.416566946442348,0.4,0.42857142857142855
182,CAFNet-D + ATC+target,0.5044741331228517,0.6421867266689011,0.3333333333333333,0.5
183,CAFNet-D + ATC+target,0.42307654736188444,1.0,0.8,0.21818181818181817
184,CAFNet-D + ATC+target,0.5031707064417017,1.0,0.8,0.11650485436893204
185,CAFNet-D + ATC+target,0.318891234503486,0.8006937664098821,0.6,0.13432835820895522
186,CAFNet-D + ATC+target,0.5940404619031457,1.0,0.8,0.10714285714285714
187,CAFNet-D + ATC+target,0.7000109549754057,1.0,0.8,0.4444444444444444
188,CAFNet-D + ATC+target,0.14377710606856564,0.35895421017163476,0.13333333333333333,0.10526315789473684
189,CAFNet-D + ATC+target,0.6336652923237578,1.0,1.0,0.055970149253731345
190,CAFNet-D + ATC+target,0.2166403660406546,0.4959389204699465,0.5333333333333333,0.18181818181818182
191,CAFNet-D + ATC+target,0.4707635806155598,0.9363792118010483,0.7333333333333333,0.19298245614035087
192,CAFNet-D + ATC+target,0.6827380952380953,0.7976403384579975,0.4,1.0
193,CAFNet-D + ATC+target,0.1773510299494079,0.3542454231505417,0.3333333333333333,0.16129032258064516
194,CAFNet-D + ATC+target,0.3446211494598591,0.49786328212473263,0.2,0.5
195,CAFNet-D + ATC+target,0.6606107655256911,1.0,1.0,0.15306122448979592
196,CAFNet-D + ATC+target,0.31299254537305893,0.3494867399516553,0.3333333333333333,0.38461538461538464
197,CAFNet-D + ATC+target,0.5764257323215409,0.8486026589039901,0.7333333333333333,0.2558139534883721
198,CAFNet-D + ATC+target,0.38145717742830515,0.9052116356304495,0.7333333333333333,0.22448979591836735
199,CAFNet-D + ATC+target,0.8328521016021017,0.9216017310213247,0.6666666666666666,0.8333333333333334
200,CAFNet-D + ATC+target,0.5104576885084298,1.0,0.9333333333333333,0.19718309859154928
201,CAFNet-D + ATC+target,0.25994206943987225,0.31833954895937194,0.4666666666666667,0.20588235294117646
202,CAFNet-D + ATC+target,0.551593411255262,1.0,0.7333333333333333,0.14102564102564102
203,CAFNet-D + ATC+target,0.5208885612751039,1.0,1.0,0.13761467889908258
204,CAFNet-D + ATC+target,0.631500332914402,1.0,0.9333333333333333,0.035
205,CAFNet-D + ATC+target,0.11409219961048589,0.22400556151517556,0.2,0.17647058823529413
206,CAFNet-D + ATC+target,0.37649541813855014,0.45374257454118555,0.26666666666666666,0.3333333333333333
207,CAFNet-D + ATC+target,0.025434536624241284,0.0,0.0,0.0
208,CAFNet-D + ATC+target,0.24833544903694588,0.4631896595828493,0.26666666666666666,0.16666666666666666
209,CAFNet-D + ATC+target,0.4700979461813372,0.8006937664098821,0.7333333333333333,0.2894736842105263
210,CAFNet-D + ATC+target,0.08666657942114807,0.1517621910780354,0.2,0.3
211,CAFNet-D + ATC+target,0.26097318914778406,0.4170606134915055,0.3333333333333333,0.11904761904761904
212,CAFNet-D + ATC+target,0.15182831020824222,0.2024832320725063,0.26666666666666666,0.3076923076923077
213,CAFNet-D + ATC+target,0.2669376717101136,0.349966777951421,0.3333333333333333,0.20833333333333334
214,CAFNet-D + ATC+target,0.17976205061326314,0.20483424751859092,0.2,0.125
215,CAFNet-D + ATC+target,0.31989542983296043,0.3967378179380473,0.4666666666666667,0.4666666666666667
216,CAFNet-D + ATC+target,0.5614222649784749,0.8482378089219648,0.8666666666666667,0.203125
217,CAFNet-D + ATC+target,0.38999486102601666,0.7967610662472993,0.6,0.2727272727272727
218,CAFNet-D + ATC+target,0.4826271864527282,0.8701249883466594,0.7333333333333333,0.23404255319148937
219,CAFNet-D + ATC+target,0.07302437452192377,0.07336392209936006,0.13333333333333333,0.13333333333333333
220,CAFNet-D + ATC+target,0.1742246209380809,0.3384787622717923,0.2,0.5
221,CAFNet-D + ATC+target,0.654898122563048,1.0,1.0,0.05338078291814947
222,CAFNet-D + ATC+target,0.6964661307688473,1.0,1.0,0.05976095617529881
223,CAFNet-D + ATC+target,0.3928284382882305,0.5296347172140421,0.2,0.6
224,CAFNet-D + ATC+target,0.13636786469055606,0.15130120674940675,0.06666666666666667,0.16666666666666666
0,Global popularity,0.5705505783802539,1.0,0.9333333333333333,0.14
1,Global popularity,0.061870660917856875,0.09478836436955079,0.06666666666666667,0.045454545454545456
2,Global popularity,0.40146141469357016,0.6936634693435664,0.4,0.42857142857142855
3,Global popularity,0.3938890939726336,0.7471589728148226,0.6,0.375
4,Global popularity,0.15292877463930096,0.1963279042557385,0.2,0.5
5,Global popularity,0.044411066190087986,0.0,0.0,0.0
6,Global popularity,0.45217763381225434,0.8115558478722846,0.7333333333333333,0.1746031746031746
7,Global popularity,0.2563858599946662,0.4729327934832576,0.3333333333333333,0.2777777777777778
8,Global popularity,0.5846190730988119,1.0,0.8666666666666667,0.15476190476190477
9,Global popularity,0.5529112613004803,0.6772733739526912,0.5333333333333333,0.5714285714285714
10,Global popularity,0.4198046118790359,0.8200685179888284,0.6666666666666666,0.20408163265306123
11,Global popularity,0.2905781175346393,0.4703652827859579,0.13333333333333333,0.4
12,Global popularity,0.6883985675811443,0.9216017310213247,0.8666666666666667,0.06565656565656566
13,Global popularity,0.4332137782899739,0.791726719367984,0.5333333333333333,0.3076923076923077
14,Global popularity,0.5027950181524067,0.7264127302306637,0.6666666666666666,0.3448275862068966
15,Global popularity,0.009854664664292674,0.0,0.0,0.0
16,Global popularity,0.09764937225899323,0.14279514403613736,0.2,0.21428571428571427
17,Global popularity,0.4699562786150634,0.6316243658611128,0.6,0.2727272727272727
18,Global popularity,0.44293105266420363,0.5072380780124418,0.4666666666666667,0.3181818181818182
19,Global popularity,0.5692361847907531,0.9216017310213247,0.8,0.46153846153846156
20,Global popularity,0.21190474518826716,0.2082732806320161,0.3333333333333333,0.3333333333333333
21,Global popularity,0.5644374561963743,1.0,0.8666666666666667,0.14942528735632185
22,Global popularity,0.20635937049476755,0.3052348839397012,0.26666666666666666,0.1
23,Global popularity,0.30695192327042,0.46785915648013926,0.4,0.09836065573770492
24,Global popularity,0.21710990598880417,0.42883980903376645,0.4666666666666667,0.2
25,Global popularity,0.44537506878702815,0.7471589728148226,0.6666666666666666,0.1282051282051282
26,Global popularity,0.6961986425270456,1.0,0.9333333333333333,0.04778156996587031
27,Global popularity,0.5332292701346927,0.8701249883466594,0.6666666666666666,0.24390243902439024
28,Global popularity,0.055674925695047214,0.0,0.06666666666666667,0.14285714285714285
29,Global popularity,0.30603182790621897,0.5231534112996472,0.5333333333333333,0.16
30,Global popularity,0.5195274851823596,0.6325414799409712,0.5333333333333333,0.5
31,Global popularity,0.4771877796356821,0.8200685179888284,0.7333333333333333,0.44
32,Global popularity,0.3699278716698908,0.5541432109622959,0.4,0.23076923076923078
33,Global popularity,0.1893405326263854,0.14279514403613736,0.26666666666666666,0.25
34,Global popularity,0.4772939540643636,0.7788065869851875,0.6666666666666666,0.24390243902439024
35,Global popularity,0.02779092563789557,0.0,0.06666666666666667,0.1111111111111111
36,Global popularity,0.441570500400291,0.8611375561264456,0.7333333333333333,0.1746031746031746
37,Global popularity,0.19369443746459178,0.1909208661789347,0.13333333333333333,0.3333333333333333
38,Global popularity,0.49971595634356347,1.0,0.8666666666666667,0.23214285714285715
39,Global popularity,0.4092613449054356,0.6421867266689011,0.6,0.10975609756097561
40,Global popularity,0.6983515541822561,1.0,0.8666666666666667,0.30952380952380953
41,Global popularity,0.03683836722452984,0.0,0.0,0.0
42,Global popularity,0.49959883999550214,0.8611375561264456,0.8,0.061855670103092786
43,Global popularity,0.6473507873294788,0.8611375561264456,0.8,0.5
44,Global popularity,0.09630500221912432,0.13886244387355456,0.06666666666666667,0.034482758620689655
45,Global popularity,0.7869230769230768,0.830419897363192,0.3333333333333333,1.0
46,Global popularity,0.1714766983500704,0.09791292534996782,0.2,0.42857142857142855
47,Global popularity,0.553252845958368,0.8701249883466594,0.7333333333333333,0.2894736842105263
48,Global popularity,0.4389650529669526,0.88995411685096,0.7333333333333333,0.3235294117647059
49,Global popularity,0.3378705170761079,0.5541432109622959,0.3333333333333333,0.29411764705882354
50,Global popularity,0.5050134966170998,0.7573821447149967,0.4666666666666667,0.5384615384615384
51,Global popularity,0.49371502394629774,0.6172839611614819,0.5333333333333333,0.2962962962962963
52,Global popularity,0.2471794797218292,0.29849003527675555,0.3333333333333333,0.08064516129032258
53,Global popularity,0.3349644327542129,0.4784707117900339,0.26666666666666666,0.4444444444444444
54,Global popularity,0.3111942965055475,0.5648901044069582,0.5333333333333333,0.2857142857142857
55,Global popularity,0.3463431881608981,0.9216017310213247,0.6,0.2903225806451613
56,Global popularity,0.3374231884580451,0.4085359184257956,0.4,0.35294117647058826
57,Global popularity,0.6896146116598812,1.0,1.0,0.05434782608695652
58,Global popularity,0.3409588875359061,0.3949969211264808,0.2,0.375
59,Global popularity,0.524429554779249,0.9052116356304495,0.6666666666666666,0.45454545454545453
60,Global popularity,0.17120744311244845,0.35895421017163476,0.2,0.15
61,Global popularity,0.5094983580807542,0.6749359875559983,0.5333333333333333,0.2222222222222222
62,Global popularity,0.6472576453264951,1.0,0.9333333333333333,0.4375
63,Global popularity,0.5690409310067852,0.8701249883466594,0.6,0.45
64,Global popularity,0.39652136311766084,0.6461194268314838,0.5333333333333333,0.25806451612903225
65,Global popularity,0.5098501425535956,0.7600791051976192,0.6,0.2903225806451613
66,Global popularity,0.4478266300194167,0.5390031312763821,0.2,0.375
67,Global popularity,0.5275640175310434,0.6840182226156366,0.4,0.6
68,Global popularity,0.5905207095639788,0.8701249883466594,0.8666666666666667,0.12745098039215685
69,Global popularity,0.3570122376020912,0.6489315753318466,0.5333333333333333,0.10256410256410256
70,Global popularity,0.8574890239783858,0.9216017310213247,0.6666666666666666,0.9090909090909091
71,Global popularity,0.45996647332648255,1.0,0.9333333333333333,0.2413793103448276
72,Global popularity,0.4475901202432817,0.8611375561264456,0.8,0.19672131147540983
73,Global popularity,0.1723476425581774,0.07839826897867534,0.26666666666666666,0.23529411764705882
74,Global popularity,0.08430263687057778,0.13886244387355456,0.13333333333333333,0.13333333333333333
75,Global popularity,0.5081114388810032,0.7827392871477703,0.6,0.5294117647058824
76,Global popularity,0.23470887639646604,0.45767527470376834,0.26666666666666666,0.3333333333333333
77,Global popularity,0.08803522683842374,0.0,0.0,0.0
78,Global popularity,0.6118440051879289,1.0,0.9333333333333333,0.11023622047244094
79,Global popularity,0.38915292495731346,0.6325414799409712,0.4666666666666667,0.35
80,Global popularity,0.6117725236734688,0.9305687780632229,0.9333333333333333,0.07
81,Global popularity,1.0,1.0,0.3333333333333333,1.0
82,Global popularity,0.3726823306419005,0.6528642754944295,0.4666666666666667,0.23333333333333334
83,Global popularity,0.3054427159525591,0.46900009332067494,0.2,0.23076923076923078
84,Global popularity,0.4323215851904492,0.7720617383222419,0.4666666666666667,0.3181818181818182
85,Global popularity,0.17876914083894602,0.23992089480238088,0.26666666666666666,0.07692307692307693
86,Global popularity,0.5726489688367624,0.5072380780124418,0.6,0.34615384615384615
87,Global popularity,0.5220485817429369,0.88995411685096,0.8666666666666667,0.24074074074074073
88,Global popularity,0.06852830685967537,0.14279514403613736,0.2,0.1875
89,Global popularity,0.3279788660972712,0.3476293915547283,0.3333333333333333,0.4166666666666667
90,Global popularity,0.638200291734426,0.8572048559638626,0.8,0.3
91,Global popularity,0.5029094997758372,0.8572048559638626,0.8,0.2553191489361702
92,Global popularity,0.5142561375362006,1.0,0.8666666666666667,0.18309859154929578
93,Global popularity,0.49747628351126877,0.7471589728148226,0.6666666666666666,0.2
94,Global popularity,0.557744477491469,0.88995411685096,0.6666666666666666,0.45454545454545453
95,Global popularity,0.11687934433032472,0.22004653412513583,0.13333333333333333,0.4
96,Global popularity,0.6134396287636739,1.0,0.9333333333333333,0.2153846153846154
97,Global popularity,0.5088412151275483,0.791726719367984,0.6,0.054878048780487805
98,Global popularity,0.6186515912684292,1.0,0.9333333333333333,0.09929078014184398
99,Global popularity,0.535950361832603,0.7312625444731049,0.6666666666666666,0.3448275862068966
100,Global popularity,0.5742645112660176,1.0,1.0,0.2459016393442623
101,Global popularity,0.37191186271512033,0.6172839611614819,0.5333333333333333,0.19047619047619047
102,Global popularity,0.48488535702332686,0.6500332220485792,0.7333333333333333,0.34375
103,Global popularity,0.536321234385712,0.8611375561264456,0.8,0.24
104,Global popularity,0.7304872559408061,0.791726719367984,0.5333333333333333,0.7272727272727273
105,Global popularity,0.47545624202302766,0.694765116060299,0.8,0.2608695652173913
106,Global popularity,0.24016208785989807,0.4486689375380671,0.4,0.2857142857142857
107,Global popularity,0.4705686546463246,0.6904118169110937,0.26666666666666666,0.8
108,Global popularity,0.6207214288281387,1.0,0.8666666666666667,0.24528301886792453
109,Global popularity,0.21943447629400994,0.36288691033421755,0.2,0.3
110,Global popularity,0.4169365625460501,0.7183424120903082,0.6,0.2903225806451613
111,Global popularity,0.0418495027554934,0.0,0.06666666666666667,0.1111111111111111
112,Global popularity,0.27318646621513687,0.4936790360674166,0.3333333333333333,0.29411764705882354
113,Global popularity,0.7042688211436794,1.0,1.0,0.17647058823529413
114,Global popularity,0.6001353387098799,0.9216017310213247,0.7333333333333333,0.2682926829268293
115,Global popularity,0.5587293835216908,0.9363792118010483,0.7333333333333333,0.14473684210526316
116,Global popularity,0.4781546210898331,0.8572048559638626,0.6666666666666666,0.23255813953488372
117,Global popularity,0.3754369147413707,0.6563033086078547,0.6,0.19148936170212766
118,Global popularity,0.016919057497447845,0.0,0.0,0.0
119,Global popularity,0.2995666151499783,0.5428183923453894,0.4,0.2608695652173913
120,Global popularity,0.550082164568511,0.8572048559638626,0.7333333333333333,0.2972972972972973
121,Global popularity,0.08234776079384713,0.23365080824310536,0.13333333333333333,0.08695652173913043
122,Global popularity,0.6221554300586003,1.0,1.0,0.11811023622047244
123,Global popularity,0.09823549338937489,0.1963279042557385,0.13333333333333333,0.3333333333333333
124,Global popularity,0.7251876852888088,1.0,0.7333333333333333,0.55
125,Global popularity,0.6059469280467734,1.0,0.8666666666666667,0.07692307692307693
126,Global popularity,0.5618327563640063,0.6082965289412682,0.6666666666666666,0.625
127,Global popularity,0.7069306001123865,1.0,1.0,0.45454545454545453
128,Global popularity,0.5079759976131906,0.6489315753318466,0.4666666666666667,0.35
129,Global popularity,0.5171069968677302,0.8701249883466594,0.8,0.2727272727272727
130,Global popularity,0.27420516742906714,0.3663771643778127,0.2,0.375
131,Global popularity,0.02701273191465711,0.0,0.0,0.0
132,Global popularity,0.2932316261067439,0.4701017400374073,0.4,0.1935483870967742
133,Global popularity,0.6248668456150669,0.8701249883466594,0.7333333333333333,0.1864406779661017
134,Global popularity,0.5859868238492701,1.0,0.9333333333333333,0.16666666666666666
135,Global popularity,0.277285574034166,0.4272021882457645,0.2,0.3333333333333333
136,Global popularity,0.28745060458493815,0.5017493542077721,0.3333333333333333,0.3125
137,Global popularity,0.6321496835507026,1.0,0.8,0.23076923076923078
138,Global popularity,0.45008085496250655,0.5473983622993503,0.4,0.4
139,Global popularity,0.2608219795632138,0.36005461457723403,0.13333333333333333,0.4
140,Global popularity,0.6113567486614049,0.8200685179888284,0.8,0.05217391304347826
141,Global popularity,0.5997789712094369,1.0,1.0,0.11627906976744186
142,Global popularity,0.5798998096133708,1.0,0.9333333333333333,0.2
143,Global popularity,0.3307147293188398,0.7510916729774055,0.6666666666666666,0.15384615384615385
144,Global popularity,0.1423326455482708,0.32730659600127,0.26666666666666666,0.10526315789473684
145,Global popularity,0.6791983790065745,0.8364586133797037,0.6666666666666666,0.625
146,Global popularity,0.13768538646361833,0.14279514403613736,0.2,0.21428571428571427
147,Global popularity,0.5540143773523669,0.8701249883466594,0.8,0.18461538461538463
148,Global popularity,0.7394192475986521,0.8611375561264456,0.9333333333333333,0.05555555555555555
149,Global popularity,0.7590107920753082,0.8572048559638626,0.6,0.6923076923076923
150,Global popularity,0.31429430496212596,0.5017493542077721,0.3333333333333333,0.29411764705882354
151,Global popularity,0.5153940636640466,1.0,0.8666666666666667,0.20967741935483872
152,Global popularity,0.5683990435831048,0.8701249883466594,0.8,0.1935483870967742
153,Global popularity,0.4937548106488848,0.6489315753318466,0.4,0.24
154,Global popularity,0.5624417480277469,0.8701249883466594,0.6666666666666666,0.3225806451612903
155,Global popularity,0.3836620593796471,0.6410457898283654,0.6666666666666666,0.3225806451612903
156,Global popularity,0.4216683773583496,0.47842151728792737,0.4666666666666667,0.5
157,Global popularity,0.3645640180303269,0.9216017310213247,0.6666666666666666,0.2702702702702703
158,Global popularity,0.2027734905703953,0.18844415212771543,0.2,0.08571428571428572
159,Global popularity,0.6001819623530569,0.8701249883466594,0.6,0.4090909090909091
160,Global popularity,0.664562820462433,1.0,1.0,0.06521739130434782
161,Global popularity,0.5369732014376455,1.0,0.9333333333333333,0.19718309859154928
162,Global popularity,0.5683684808102104,0.8701249883466594,0.8,0.06417112299465241
163,Global popularity,0.20636721762179921,0.24890832702259466,0.13333333333333333,0.2
164,Global popularity,0.7440618239714323,1.0,0.9333333333333333,0.14583333333333334
165,Global popularity,0.04393028098546678,0.0,0.06666666666666667,0.125
166,Global popularity,0.5504221856550047,0.88995411685096,0.9333333333333333,0.16091954022988506
167,Global popularity,0.4683144129309554,0.9216017310213247,0.7333333333333333,0.16666666666666666
168,Global popularity,0.48635612345717644,1.0,0.9333333333333333,0.12962962962962962
169,Global popularity,0.5303693926895299,0.727329844310522,0.6666666666666666,0.24390243902439024
170,Global popularity,0.6220209452880534,0.7232896303304422,0.4666666666666667,0.7777777777777778
171,Global popularity,0.4211073738485999,0.6421867266689011,0.4666666666666667,0.35
172,Global popularity,0.3197686349200696,0.6816808362189439,0.5333333333333333,0.1509433962264151
173,Global popularity,0.4602907957778246,0.791726719367984,0.6,0.13636363636363635
174,Global popularity,0.4641968877381197,1.0,0.8666666666666667,0.19402985074626866
175,Global popularity,0.5895136728820602,0.6421867266689011,0.4,0.42857142857142855
176,Global popularity,0.34251295001295,0.41039156802332444,0.2,0.5
177,Global popularity,0.7268728004022121,0.7788065869851875,0.6,0.6923076923076923
178,Global popularity,0.572583200944278,0.8701249883466594,0.8,0.21428571428571427
179,Global popularity,0.5156875414139008,1.0,0.9333333333333333,0.25
180,Global popularity,0.34921664088330756,0.4725458388387121,0.2,0.5
181,Global popularity,0.33460708243937537,0.435109895593042,0.4,0.42857142857142855
182,Global popularity,0.5356287216334316,0.6489315753318466,0.3333333333333333,0.5
183,Global popularity,0.38595762028778124,0.9216017310213247,0.8,0.21818181818181817
184,Global popularity,0.6609607697860562,0.8701249883466594,0.8666666666666667,0.1262135922330097
185,Global popularity,0.32063521530731065,0.791726719367984,0.6,0.13432835820895522
186,Global popularity,0.5268676026251733,1.0,0.9333333333333333,0.125
187,Global popularity,0.7313577005234186,1.0,0.9333333333333333,0.5185185185185185
188,Global popularity,0.14862466825100112,0.24890832702259466,0.13333333333333333,0.10526315789473684
189,Global popularity,0.7222421895451605,1.0,1.0,0.055970149253731345
190,Global popularity,0.29966261895458457,0.4220949603708208,0.5333333333333333,0.18181818181818182
191,Global popularity,0.5093266022356734,0.8701249883466594,0.8,0.21052631578947367
192,Global popularity,0.40643939393939393,0.4500112274528524,0.26666666666666666,0.6666666666666666
193,Global popularity,0.1939799636224353,0.18844415212771543,0.26666666666666666,0.12903225806451613
194,Global popularity,0.2496031746031746,0.2987100207034456,0.2,0.5
195,Global popularity,0.6399215772430719,1.0,1.0,0.15306122448979592
196,Global popularity,0.37565351741267217,0.4085359184257956,0.4,0.46153846153846156
197,Global popularity,0.5627700746726129,0.9148568823583791,0.6666666666666666,0.23255813953488372
198,Global popularity,0.4202180865103539,0.7753366239771086,0.6666666666666666,0.20408163265306123
199,Global popularity,0.7804637641331189,0.88995411685096,0.6666666666666666,0.8333333333333334
200,Global popularity,0.46186566546433927,1.0,0.9333333333333333,0.19718309859154928
201,Global popularity,0.31926777135426015,0.5739723394665965,0.4,0.17647058823529413
202,Global popularity,0.6040199836579788,0.8701249883466594,0.7333333333333333,0.14102564102564102
203,Global popularity,0.6266986881894059,1.0,1.0,0.13761467889908258
204,Global popularity,0.7465240579684398,1.0,1.0,0.0375
205,Global popularity,0.13946474929855537,0.24890832702259466,0.2,0.17647058823529413
206,Global popularity,0.3474598543392309,0.46900009332067494,0.2,0.25
207,Global popularity,0.04143068861148681,0.0,0.06666666666666667,0.07692307692307693
208,Global popularity,0.28769019437310833,0.3436966913921455,0.3333333333333333,0.20833333333333334
209,Global popularity,0.5465618663364247,0.8701249883466594,0.8,0.3157894736842105
210,Global popularity,0.09935531271776957,0.14279514403613736,0.2,0.3
211,Global popularity,0.294047800881413,0.4249260138166711,0.3333333333333333,0.11904761904761904
212,Global popularity,0.13841947942792882,0.22466337602289158,0.26666666666666666,0.3076923076923077
213,Global popularity,0.22273674505214763,0.2687374555268953,0.26666666666666666,0.16666666666666666
214,Global popularity,0.1537801130638158,0.20483424751859092,0.13333333333333333,0.08333333333333333
215,Global popularity,0.49384645338706556,0.5801476231864474,0.5333333333333333,0.5333333333333333
216,Global popularity,0.6078126823545403,0.8572048559638626,0.8,0.1875
217,Global popularity,0.507995829746814,0.9216017310213247,0.7333333333333333,0.3333333333333333
218,Global popularity,0.5458540710861074,1.0,0.8666666666666667,0.2765957446808511
219,Global popularity,0.061799467190789395,0.07336392209936006,0.13333333333333333,0.13333333333333333
220,Global popularity,0.19618191312482922,0.25909036127391766,0.2,0.5
221,Global popularity,0.7184309437606547,1.0,1.0,0.05338078291814947
222,Global popularity,0.7363706093151323,1.0,1.0,0.05976095617529881
223,Global popularity,0.6135293187924767,0.7227265726449519,0.2,0.6
224,Global popularity,0.236114364157606,0.3026024134988135,0.13333333333333333,0.3333333333333333
