scenario,model,fold,removed_top_n_hot_side_effects,MAP,auc_all,nDCG,P1,P5,P10,P15,R1,R5,R10,R15,auc_rank
warm,RF,0,10,0.031372357778918274,0.7743532979421385,0.06741981310425856,0.00847457627118644,0.016949152542372874,0.017288135593220313,0.018192090395480205,0.0021831087932782847,0.022839561728339165,0.03969435273800674,0.06341693456289352,
warm,XGBoost,0,10,0.024270210771590178,0.7493017978695135,0.04049472932721181,0.0,0.01084745762711865,0.010847457627118638,0.014463276836158192,0.0,0.009201863915082126,0.017115070123935875,0.03601380424107492,
warm,Global popularity,0,10,0.09012402492152684,0.8364104412865736,0.22750404667852986,0.07457627118644068,0.09118644067796623,0.0845762711864409,0.07672316384180813,0.008164690827762854,0.0712770222301529,0.14530497702971754,0.20497356237850956,
warm,HSTrans,0,10,0.07372115483623509,0.8265947077719893,0.1860335590520701,0.059322033898305086,0.061016949152542334,0.06576271186440694,0.06463276836158202,0.007040164088209941,0.0450745062176652,0.11141699253322195,0.1695278239567517,
warm,RF,0,20,0.029660564382511523,0.7702042152402913,0.05950720389848842,0.005309734513274336,0.015575221238938054,0.015221238938053081,0.016047197640117982,0.0012852928782132321,0.019817352332064463,0.03613937657645585,0.059517178715319946,
warm,XGBoost,0,20,0.020316355424229746,0.7252171534685177,0.03035489290364501,0.0,0.009203539823008852,0.008141592920353985,0.010265486725663717,0.0,0.0054774107308901455,0.010180472775463197,0.02268619642531348,
warm,Global popularity,0,20,0.05325991307647485,0.8153388528883918,0.1019361220493689,0.023008849557522124,0.038584070796460125,0.045309734513274365,0.048141592920353915,0.0013137073746895549,0.014703540818976277,0.04695067941885952,0.09828828157372019,
warm,HSTrans,0,20,0.04955415578517478,0.8056611847578604,0.10832165877329603,0.024778761061946902,0.03292035398230085,0.039469026548672625,0.04224188790560466,0.0016600945175368749,0.020504991408181454,0.05635149292648997,0.0969300636741651,
warm,RF,0,50,0.02735048613689171,0.7448944175378274,0.05655980669208857,0.011695906432748537,0.014035087719298253,0.013255360623781668,0.013905133203378812,0.003366524419155998,0.02214879284104204,0.03466232976978363,0.05613994960997656,
warm,XGBoost,0,50,0.016165750142089205,0.6782041965148057,0.025438053482349617,0.0,0.007017543859649124,0.005847953216374271,0.007277452891487985,0.0,0.004693373675739603,0.009199409409311722,0.019276842649089226,
warm,Global popularity,0,50,0.026430102029793283,0.764882777795357,0.022593154604027214,0.0,0.0058479532163742695,0.010526315789473682,0.012605588044184542,0.0,0.0011667710329989096,0.005671033835132155,0.011618745088062788,
warm,HSTrans,0,50,0.026262380498985168,0.7556463023171263,0.0396944298371359,0.005847953216374269,0.008576998050682263,0.01325536062378167,0.014944769330734242,0.0003608386187641343,0.005588438731590149,0.016232562369591485,0.028190978713315506,
warm,RF,0,100,0.023695263496562664,0.6992894934890076,0.04538896015620823,0.011312217194570135,0.011312217194570139,0.010407239819004524,0.011161387631975868,0.003846153846153846,0.016953046472942664,0.031032135876426527,0.04660800459787512,
warm,XGBoost,0,100,0.012086833572958372,0.6064051256723625,0.020024665475181298,0.0,0.003619909502262443,0.005203619909502264,0.005279034690799398,0.0,0.0037029785397348744,0.012477271410381217,0.015299041245178346,
warm,Global popularity,0,100,0.01523092971879462,0.6897970184111153,0.000713721440691694,0.0,0.0,0.00022624434389140272,0.0015082956259426846,0.0,0.0,6.464124111182935e-05,0.0008769478806592324,
warm,HSTrans,0,100,0.01380758131565269,0.6810918639344472,0.007459037781633646,0.0022624434389140274,0.0013574660633484165,0.002262443438914027,0.002865761689291101,0.00013308490817141337,0.0003492739478898649,0.001770066246709845,0.0029774367804560904,
warm,RF,1,10,0.02963117492229459,0.779525411047024,0.07797749335230247,0.018425460636515914,0.017085427135678385,0.019597989949748717,0.019988833054159664,0.003193577314180329,0.018916694068867472,0.051584769646221815,0.07881404188598048,
warm,XGBoost,1,10,0.025456459052791314,0.7584644944320995,0.05860879580028835,0.0016750418760469012,0.014070351758793974,0.01624790619765492,0.016192071468453365,0.00033500837520938025,0.01645940432133707,0.04282665607444864,0.06145572240833791,
warm,Global popularity,1,10,0.08959308793269614,0.85040215132138,0.23097052325299686,0.06700167504187604,0.08710217755443907,0.08542713567839219,0.0748185371300952,0.007423278883814014,0.07190856104394329,0.15799124773082845,0.214146327372273,
warm,HSTrans,1,10,0.07410857733051272,0.838297145299301,0.18358848669512734,0.07202680067001675,0.06331658291457287,0.0603015075376886,0.05840312674483531,0.008475942277314416,0.046211146929090785,0.1028759897979209,0.15895173825612863,
warm,RF,1,20,0.026669005543081235,0.7645381356329678,0.05868277020770868,0.01592920353982301,0.013451327433628325,0.014513274336283173,0.01510324483775811,0.002845470734423061,0.01406646368340856,0.034149423084523824,0.054785609921291153,
warm,XGBoost,1,20,0.019540177593430214,0.7287976860616004,0.025599434987326013,0.0,0.006725663716814162,0.006194690265486729,0.007905604719764018,0.0,0.0049642276696681194,0.008015269548143626,0.018602379174648055,
warm,Global popularity,1,20,0.05487264099321658,0.8284249047519371,0.10965499515786305,0.02654867256637168,0.038584070796460146,0.04654867256637173,0.046725663716814095,0.0022241420941053426,0.0163212730582287,0.0521095340290523,0.09627729413304842,
warm,HSTrans,1,20,0.05954377095452801,0.8161947932382203,0.13828224198378414,0.04601769911504425,0.04778761061946896,0.04530973451327442,0.0435398230088495,0.006209043660371095,0.037249491441845695,0.07819873878352093,0.11758817370462003,
warm,RF,1,50,0.023236492660272473,0.7334353374416123,0.05140855355445229,0.009823182711198428,0.012966601178781931,0.012966601178781918,0.01309757694826457,0.0020301244269810086,0.015338789918419039,0.035142816345723665,0.05094412351649131,
warm,XGBoost,1,50,0.014332102003918268,0.6777954652948727,0.010607475788615928,0.0,0.003143418467583497,0.0025540275049115916,0.004060248853962016,0.0,0.0021550711531065163,0.003120273272532605,0.008419460833660332,
warm,Global popularity,1,50,0.02829430306488727,0.7788247814650967,0.02544325072145826,0.0019646365422396855,0.008644400785854617,0.011787819253438107,0.014800261951538968,6.548788474132285e-05,0.001807580798417878,0.005558710150018947,0.013637057982115033,
warm,HSTrans,1,50,0.02953006295612848,0.765623315496044,0.04887238187382335,0.01768172888015717,0.014538310412573682,0.014538310412573658,0.017550753110674524,0.0015388762027980878,0.0061733186231809085,0.013168243327476197,0.032622911837483226,
warm,RF,1,100,0.0186051797886363,0.6959165068402352,0.037558318159245034,0.00683371298405467,0.008656036446469251,0.00842824601366743,0.008048595292331063,0.0004283238907384693,0.01405100530954745,0.026035827624665893,0.03603970851202063,
warm,XGBoost,1,100,0.01079835428062027,0.6083775860518604,0.011703525200602452,0.0,0.0013667425968109342,0.003189066059225513,0.003644646924829157,0.0,0.0024889102026135956,0.007184177900360189,0.00930295905647917,
warm,Global popularity,1,100,0.015354388062098396,0.7025274819824451,0.0013169240378947055,0.0,0.0,0.00045558086560364467,0.001518602885345482,0.0,0.0,0.00019843812657871997,0.0009287952578470131,
warm,HSTrans,1,100,0.015386293345897957,0.6870791169228928,0.009517169176016022,0.002277904328018223,0.002277904328018223,0.0029612756264236905,0.004100227790432801,9.111617312072893e-05,0.00043214473453653406,0.0017842930657641124,0.007546465923113755,
warm,RF,2,10,0.03151398562840397,0.7709273537990105,0.07063393486393828,0.011494252873563218,0.019047619047619042,0.01888341543513955,0.019266557197591662,0.003084382848448184,0.023358931354668672,0.04283709981574062,0.06723906985058088,
warm,XGBoost,2,10,0.024285830527659754,0.7525996628241718,0.04129974770988483,0.003284072249589491,0.010509031198686377,0.01149425287356321,0.013355227148330593,0.001683087027914614,0.006860296449608935,0.01936834456189274,0.03717503200926405,
warm,Global popularity,2,10,0.08908580689728686,0.8400065297591117,0.21905543074940526,0.060755336617405585,0.0827586206896553,0.082594417077176,0.07564313081554486,0.007272360226868157,0.0661869531618785,0.14945760036324743,0.2137228208724107,
warm,HSTrans,2,10,0.07371315130920288,0.8353206047365558,0.1832762957413074,0.05090311986863711,0.06305418719211821,0.06272577996715942,0.05878489326765193,0.0065806794422318595,0.0554304685650921,0.11634546743564429,0.1724266239246812,
warm,RF,2,20,0.029675080541039685,0.7579591612261024,0.06631203737070754,0.012216404886561954,0.01849912739965096,0.017102966841186715,0.01640488656195462,0.0038149474908912764,0.02338545394960472,0.038851369917795364,0.05722723572905303,
warm,XGBoost,2,20,0.0200398972530139,0.7255625014650434,0.026392512130766738,0.0017452006980802793,0.006980802792321119,0.00698080279232112,0.007329842931937181,4.363001745200698e-05,0.005350822694591525,0.008922430276402072,0.01650378252482158,
warm,Global popularity,2,20,0.053387373895394635,0.8161400760302013,0.10919828093262551,0.019197207678883072,0.04013961605584638,0.04677137870855153,0.048283885980220966,0.001057124216964069,0.01749269015376573,0.04966598479130374,0.09201232893760769,
warm,HSTrans,2,20,0.053180435840221814,0.8134872151324587,0.12293752346144478,0.027923211169284468,0.03804537521815003,0.03926701570680634,0.04025596276905172,0.00464309886762596,0.029891171749515996,0.059910991462436274,0.10665844808269606,
warm,RF,2,50,0.02591732213763021,0.7258313378907743,0.05771504164980325,0.01383399209486166,0.01620553359683795,0.014426877470355723,0.013965744400527004,0.0036059707749431067,0.017679557937989025,0.029131160881208703,0.04649556882819094,
warm,XGBoost,2,50,0.014780774804166848,0.6682353750349214,0.017878046039843016,0.0,0.004347826086956522,0.00474308300395257,0.005270092226613968,0.0,0.0012632834122780847,0.003815267364475603,0.00856066058565934,
warm,Global popularity,2,50,0.027467895526614796,0.7588343830277273,0.02691269455756288,0.0,0.009090909090909094,0.01403162055335968,0.01699604743083004,0.0,0.001821228739738876,0.006807042384191299,0.014263269905881785,
warm,HSTrans,2,50,0.027112108686177524,0.7575639054664856,0.04341532370264473,0.003952569169960474,0.012252964426877476,0.013636363636363629,0.016073781291172592,0.00019351119894598154,0.00668256187230113,0.012969264644980234,0.032736742997551076,
warm,RF,2,100,0.021970575752143017,0.6747968786751378,0.05239701624922581,0.015945330296127564,0.015034168564920281,0.012984054669703869,0.01123766135155657,0.004220110330037584,0.017551103133713906,0.02668613874463127,0.03486451006785051,
warm,XGBoost,2,100,0.01104482165609387,0.5938524912601784,0.019739157028721976,0.002277904328018223,0.004100227790432801,0.005239179954441915,0.005770690964312834,7.34807847747814e-05,0.001843486362516805,0.004993957439543838,0.0118485347484943,
warm,Global popularity,2,100,0.014842126453510716,0.6751240066727325,0.0,0.0,0.0,0.0,0.0019741837509491267,0.0,0.0,0.0,0.0011839710385032557,
warm,HSTrans,2,100,0.01460461020429919,0.6811355974768328,0.007192455189553448,0.0,0.002277904328018223,0.0018223234624145785,0.0034927866362946085,0.0,0.00120871704015212,0.0016133447826290408,0.00839364199097201,
warm,RF,3,10,0.031197208864225903,0.7806938910813466,0.0838772365475236,0.021702838063439065,0.018697829716193645,0.021035058430717825,0.020367278797996637,0.005155526504407205,0.02100304183079782,0.05589195550334423,0.0748447333699377,
warm,XGBoost,3,10,0.024616106519059138,0.7530409914076298,0.0501892916025364,0.00333889816360601,0.013021702838063446,0.013355592654424021,0.013689482470784631,0.00014100927387778023,0.015460157132333424,0.02871501944085252,0.038762276691816415,
warm,Global popularity,3,10,0.09154243374305124,0.8442951418072931,0.23198270152016562,0.07345575959933222,0.09048414023372302,0.08848080133555955,0.07746243739565979,0.008050159510644537,0.07041097544530184,0.1599364469272629,0.22214482641732905,
warm,HSTrans,3,10,0.08102236173111965,0.8448109382540507,0.20016338079345428,0.06176961602671119,0.0691151919866445,0.0701168614357264,0.06399554813578201,0.008671963216890743,0.059576661256885426,0.13900278305748906,0.18689911548465007,
warm,RF,3,20,0.028807555103264867,0.7680820066382142,0.07552840247209004,0.01773049645390071,0.01595744680851064,0.018971631205673727,0.018676122931442062,0.003328925881688407,0.014243893334776424,0.047916199552568504,0.06984548525149732,
warm,XGBoost,3,20,0.020699114060389722,0.7267490810275266,0.03326999556441956,0.0035460992907801418,0.007801418439716315,0.008865248226950354,0.008747044917257687,0.00015873586352309758,0.0073939320776872765,0.014974020739205847,0.019692911685347,
warm,Global popularity,3,20,0.0549957278540395,0.8209906717422969,0.11689677307594902,0.02304964539007092,0.04255319148936168,0.050531914893617115,0.049054373522458554,0.0010698590542243887,0.01864786799328719,0.059837340617451114,0.10085670442817911,
warm,HSTrans,3,20,0.05497653067807649,0.8235384259921702,0.12698401067795606,0.03546099290780142,0.040070921985815564,0.044858156028368866,0.04326241134751767,0.004522907448439363,0.02500494204104475,0.07435348099836171,0.11475707330129561,
warm,RF,3,50,0.02553434491641095,0.7369751474566189,0.06667207519444507,0.017892644135188866,0.0143141153081511,0.01630218687872761,0.014711729622266393,0.0031451225811380667,0.019402135900649427,0.053023274843449056,0.07021721102608461,
warm,XGBoost,3,50,0.015262640243485176,0.6675345855176316,0.01667531613575596,0.0019880715705765406,0.003976143141153081,0.00437375745526839,0.005168986083499008,0.00014200511218403862,0.003423215023180448,0.00518871861133772,0.011250416338189458,
warm,Global popularity,3,50,0.027628138826581747,0.7669996061582349,0.021732093962653704,0.0,0.007952286282306164,0.010536779324055662,0.01510934393638171,0.0,0.0014175351623415397,0.0043821933740896745,0.011756239647591413,
warm,HSTrans,3,50,0.031177148935806386,0.7720771286506733,0.05396021068097164,0.015904572564612324,0.012723658051689865,0.015705765407554657,0.01630218687872762,0.0036995888758316717,0.00898876387041666,0.02479390923221899,0.03569467425094309,
warm,RF,3,100,0.021726517695483737,0.694011249574958,0.059138199262820455,0.011494252873563218,0.01241379310344828,0.014252873563218381,0.01180076628352491,0.0023652618135376756,0.01946295228454149,0.04816504732818562,0.06246588059453613,
warm,XGBoost,3,100,0.01078751141409007,0.5905052376625594,0.018317224906367145,0.0022988505747126436,0.004137931034482758,0.004597701149425288,0.005057471264367816,0.00022988505747126439,0.002904740953742768,0.005630926945648841,0.011581727944895481,
warm,Global popularity,3,100,0.015538635113219108,0.685960120795525,0.001356539820647975,0.0,0.0,0.00045977011494252877,0.001532567049808429,0.0,0.0,0.00018420277040966695,0.0008749400763919821,
warm,HSTrans,3,100,0.014006343702516409,0.6985264118263166,0.006606785661417932,0.0,0.001839080459770115,0.0018390804597701149,0.0026053639846743294,0.0,0.0004220320917235617,0.0007922526510431199,0.002327565825389719,
warm,RF,4,10,0.030543308051761784,0.7671905606898872,0.072328053345722,0.016556291390728478,0.018874172185430454,0.01854304635761586,0.01799116997792493,0.005270529375656143,0.02689523604124891,0.04658182550970061,0.06765721134698051,
warm,XGBoost,4,10,0.02396317472040411,0.7382673704913053,0.037383288735312714,0.0,0.008609271523178811,0.01043046357615893,0.011147902869757165,0.0,0.008906165617127069,0.023917607127844787,0.03586406223157901,
warm,Global popularity,4,10,0.08858015482021273,0.8384394493200368,0.22476592076599744,0.076158940397351,0.08344370860927164,0.08377483443708637,0.07494481236203117,0.007496899916606483,0.06109482751547127,0.15673998290925314,0.21785411735547863,
warm,HSTrans,4,10,0.07618255720014999,0.8354956539622694,0.18569005417034765,0.05132450331125828,0.06258278145695363,0.06456953642384125,0.06302428256070657,0.0061261498704998155,0.04701547295625155,0.1148995009015438,0.18164895290277389,
warm,RF,4,20,0.029204314154463402,0.7655772873984965,0.06733884420933066,0.02112676056338028,0.015492957746478877,0.0163732394366197,0.016549295774647883,0.0061563387707753905,0.025044115583403945,0.04188275913647432,0.06526762980783911,
warm,XGBoost,4,20,0.02012084162367828,0.7113384838659946,0.026781184144519875,0.0,0.0063380281690140865,0.007394366197183101,0.007159624413145547,0.0,0.00460149762066953,0.014416872443995277,0.01759565798811192,
warm,Global popularity,4,20,0.053876174443720726,0.8153637024831369,0.11341133721335832,0.02112676056338028,0.03873239436619715,0.047711267605633885,0.0484741784037558,0.0008306018909153847,0.01805568881805656,0.059692703977654187,0.10495423746110001,
warm,HSTrans,4,20,0.05348420063862569,0.8132861681942659,0.11376971276410751,0.028169014084507043,0.03450704225352108,0.03908450704225358,0.041549295774647825,0.004488496226626623,0.024216505505565852,0.056366810080805484,0.09721043967939667,
warm,RF,4,50,0.02543340147384432,0.7494762513873173,0.05787515529233136,0.019193857965451054,0.012667946257197703,0.013051823416506708,0.013947536788227764,0.006650133380106104,0.02279094420488051,0.03768968284141437,0.061667157559341816,
warm,XGBoost,4,50,0.01497414821775719,0.6690693255241124,0.018443060325722124,0.0,0.0049904030710172746,0.004414587332053745,0.0044785668586052475,0.0,0.005907945829415226,0.008608816222015571,0.010988281148444192,
warm,Global popularity,4,50,0.02768304774617021,0.7710540366928645,0.021774343643075386,0.0019193857965451055,0.008061420345489444,0.011132437619961608,0.015227127319257844,0.00010102030508132134,0.0014756416610495128,0.004955266664292252,0.01237525918695385,
warm,HSTrans,4,50,0.03280408549440361,0.7702671502345116,0.056414757303119206,0.01727447216890595,0.014587332053742809,0.017274472168905937,0.01906589891234804,0.0036820835748627126,0.010599698500784705,0.02745974855221064,0.043173535929462034,
warm,RF,4,100,0.020265572925642152,0.702768866833334,0.0417287336834909,0.015625,0.009375000000000003,0.008928571428571433,0.00863095238095239,0.006097731534847572,0.017767646211244444,0.031091145691963872,0.04203944047149972,
warm,XGBoost,4,100,0.0111819662178777,0.5904739802222565,0.021480983128564144,0.0,0.004910714285714285,0.00535714285714286,0.0047619047619047615,0.0,0.007335745307365643,0.010781401897317777,0.015988374167933337,
warm,Global popularity,4,100,0.014906300159344469,0.6883228110940867,0.0,0.0,0.0,0.0,0.002529761904761905,0.0,0.0,0.0,0.001499317241054511,
warm,HSTrans,4,100,0.014916812077040384,0.6947112575499457,0.008656543548136112,0.004464285714285714,0.0026785714285714286,0.004017857142857143,0.005208333333333334,0.00014029415706244972,0.00045275317883008677,0.001522460686793452,0.0033169988289907465,
warm,RF,5,10,0.031170331257448912,0.7771110551626308,0.07134992462211967,0.015025041736227046,0.016360601001669445,0.017696160267111825,0.01947690595436837,0.0019639234715845377,0.019766581732252483,0.0474884395400797,0.07506694447994083,
warm,XGBoost,5,10,0.024518865154560362,0.7490631098096645,0.039987838924128376,0.00333889816360601,0.011018363939899838,0.009515859766277123,0.010573177518085697,0.0009738452977184197,0.011300356603591879,0.02209399939195187,0.0356039763962331,
warm,Global popularity,5,10,0.08743199691245832,0.838347756577868,0.22166541683352375,0.06010016694490818,0.08313856427378978,0.08881469115192012,0.07857540345019502,0.007608732550469496,0.062043832107911465,0.1489151625686994,0.210906522202435,
warm,HSTrans,5,10,0.08320130815247545,0.8315777084158582,0.21605792445765834,0.07178631051752922,0.07746243739565957,0.07429048414023391,0.06911519198664465,0.009609521967147844,0.05902440189130939,0.12970489946132543,0.18913432276424175,
warm,RF,5,20,0.030392500062931593,0.7728747736821854,0.07022461472353204,0.0176678445229682,0.01484098939929329,0.016961130742049444,0.018021201413427543,0.0025232777925203796,0.02013504332524385,0.04899642539204908,0.07493990581095046,
warm,XGBoost,5,20,0.02078530447982217,0.7244728206762434,0.02504249302250055,0.0035335689045936395,0.006713780918727917,0.005830388692579509,0.006595995288574801,0.0009386042402826855,0.007622340115714676,0.01511683644192478,0.02256817387559437,
warm,Global popularity,5,20,0.05482078526813915,0.8143260360408945,0.12159676198136848,0.026501766784452298,0.04169611307420491,0.05318021201413434,0.05147232037691392,0.0019319966448941713,0.018103410489532977,0.056353944664863626,0.09565063558897767,
warm,HSTrans,5,20,0.05373276918226545,0.8072069446056925,0.12905777704542412,0.045936395759717315,0.042402826855123615,0.043992932862190894,0.045111896348645396,0.004444607822221849,0.02431041103301126,0.057355632231223,0.09722149891769767,
warm,RF,5,50,0.02609502177196053,0.7393170648880876,0.06228924042115624,0.013725490196078431,0.016078431372549024,0.015098039215686261,0.014509803921568623,0.0020259822736602923,0.025448887383416614,0.04850441286635295,0.06453495885725702,
warm,XGBoost,5,50,0.014949284980487497,0.6698331899589877,0.007670005162684616,0.00196078431372549,0.0011764705882352942,0.00196078431372549,0.002875816993464052,0.000980392156862745,0.003006535947712418,0.005493298677882857,0.01086197453409068,
warm,Global popularity,5,50,0.026208601476280274,0.7605369844236034,0.02397426730397316,0.0,0.008235294117647061,0.011764705882352938,0.014771241830065365,0.0,0.0015621597817513271,0.005665275870506517,0.014501598613584963,
warm,HSTrans,5,50,0.026529661965903045,0.7569855904896324,0.040943626619768844,0.00980392156862745,0.012156862745098045,0.014509803921568616,0.01803921568627451,0.00045153689495121713,0.0038679956882905577,0.01412862486626919,0.03336009163179217,
warm,RF,5,100,0.025385383150219452,0.7031234369295053,0.05235980932826397,0.013544018058690745,0.0144469525959368,0.01264108352144469,0.012641083521444697,0.003730414287611207,0.02713084923095374,0.046757892616462134,0.07262800088528729,
warm,XGBoost,5,100,0.01316701781281131,0.6122589891545142,0.009193161131766646,0.002257336343115124,0.0018058690744920994,0.002257336343115124,0.0030097817908201654,0.002257336343115124,0.0047143601319673545,0.00863831428165514,0.012877709398192138,
warm,Global popularity,5,100,0.01552045177662249,0.6875879565294074,0.0019575496138908885,0.0,0.0,0.0006772009029345373,0.0019563581640331075,0.0,0.0,0.0003407709671818024,0.0013207260267261724,
warm,HSTrans,5,100,0.014003941590783555,0.682770571876482,0.003349325679002274,0.0,0.0009029345372460497,0.0009029345372460497,0.002257336343115124,0.0,0.00022790415002604618,0.000440132353224904,0.00803134234582494,
warm,RF,6,10,0.029833379264096755,0.7805528270392238,0.06906956422427267,0.010084033613445379,0.015462184873949578,0.01815126050420165,0.017478991596638634,0.0018419908008970177,0.02109331000450177,0.04797828862345461,0.06551376551245257,
warm,XGBoost,6,10,0.025519556543848028,0.7569310276091933,0.0366870640275234,0.0,0.010756302521008409,0.010756302521008392,0.012324929971988786,0.0,0.00818184114826616,0.021937557745002834,0.031126662780343133,
warm,Global popularity,6,10,0.08979011225276279,0.8392033440938484,0.2189514046455658,0.06050420168067227,0.08840336134453793,0.088403361344538,0.08022408963585463,0.006763705768864564,0.06343350249590012,0.1480157977033202,0.22462252194632668,
warm,HSTrans,6,10,0.07747103332183736,0.8358929880492073,0.19918727670145214,0.06050420168067227,0.07260504201680677,0.06571428571428586,0.0621848739495799,0.00721725498856852,0.06088036722832275,0.11424691386913143,0.1707998245342026,
warm,RF,6,20,0.027638498496462216,0.7684295681235032,0.057800571611506854,0.008928571428571428,0.013571428571428578,0.01517857142857141,0.014642857142857133,0.0015614319890635679,0.019899084423750556,0.042185172022093036,0.05941645205941159,
warm,XGBoost,6,20,0.02158752105595879,0.7306051406405977,0.023767962201604875,0.0,0.00785714285714286,0.006785714285714289,0.007500000000000007,0.0,0.005243633127554787,0.01207979203290321,0.01534747166077004,
warm,Global popularity,6,20,0.056471649594974575,0.8159110766699661,0.12199616476460438,0.02142857142857143,0.042499999999999954,0.053035714285714367,0.05333333333333326,0.0011660326280861996,0.018819969141584698,0.06481061007054507,0.11042241809960764,
warm,HSTrans,6,20,0.04763604287374084,0.8135133418590822,0.10089533994609885,0.019642857142857142,0.034285714285714274,0.03732142857142856,0.040476190476190416,0.0010954232171337434,0.014125298650894473,0.04154408628641325,0.0901473256194311,
warm,RF,6,50,0.02420205375877166,0.7396981442434419,0.055335330712891775,0.01171875,0.012109375000000006,0.013867187499999985,0.012109374999999995,0.0011116148933531746,0.021211546952804094,0.04576839237879014,0.0578159158359416,
warm,XGBoost,6,50,0.014948863453634161,0.6803117529030078,0.007322774058585457,0.0,0.001953125,0.0021484374999999997,0.003645833333333333,0.0,0.0007913761915545204,0.0016179437977636708,0.00510145708352305,
warm,Global popularity,6,50,0.02673187289076581,0.7625691774035528,0.024491325884772742,0.001953125,0.007421875000000001,0.011523437499999994,0.015234375000000003,6.103515625e-05,0.0013558554681888783,0.005837373223125335,0.013122267828111073,
warm,HSTrans,6,50,0.025813950037048984,0.7650825235820361,0.03835632777311236,0.009765625,0.011718750000000002,0.013281249999999994,0.01588541666666667,0.00040251289317810455,0.0038497018190936376,0.012834671925870357,0.03645191262784458,
warm,RF,6,100,0.020529276133524937,0.708164492227307,0.04793144563841545,0.011135857461024499,0.010244988864142542,0.010913140311804008,0.009502598366740915,0.0028036158784226386,0.02343146612765373,0.04637346366295038,0.05762007750274514,
warm,XGBoost,6,100,0.011303089506039908,0.6189928416362088,0.01000380036526391,0.0022271714922048997,0.0022271714922048997,0.0026726057906458797,0.004157386785449146,7.423904974016333e-05,0.0012046973071471957,0.0028588956205882706,0.00835668455589475,
warm,Global popularity,6,100,0.014689444656081758,0.6888778015160134,0.0019313908217230816,0.0,0.0,0.00066815144766147,0.001633259094283593,0.0,0.0,0.00023626872179210708,0.0011745398290662276,
warm,HSTrans,6,100,0.013566630539553664,0.6993632454801635,0.009121169966084473,0.0,0.00133630289532294,0.00267260579064588,0.004157386785449146,0.0,0.0002233799978788843,0.0013523757796745385,0.005436095575247005,
warm,RF,7,10,0.03165182082272369,0.7811144625474754,0.06862449892633472,0.01011804384485666,0.019561551433389533,0.018887015177065744,0.0202360876897133,0.0025347614723668682,0.018694585131554895,0.042136840928948746,0.07176876177855034,
warm,XGBoost,7,10,0.023857463365139137,0.7462477407265693,0.03120496914166751,0.0016863406408094434,0.006745362563237775,0.009274873524451934,0.011017425519955026,0.0003372681281618887,0.003907954662353473,0.0162021659266679,0.029612306022448222,
warm,Global popularity,7,10,0.08826110580843564,0.8400809025006872,0.2202140588127784,0.06745362563237774,0.08971332209106256,0.08701517706576756,0.07655986509274901,0.005685055766740186,0.06157973955294484,0.14725222824555623,0.2014602948291515,
warm,HSTrans,7,10,0.08223567644863623,0.8363368009720387,0.20845541008684149,0.08768971332209106,0.08330522765598661,0.07386172006745377,0.07026419336706034,0.010459438213972548,0.05519160108606759,0.11391887137669696,0.1674371233530631,
warm,RF,7,20,0.0301062478752282,0.7713419360104918,0.06384412545242969,0.014059753954305799,0.016168717047451667,0.016344463971880475,0.01710603397773871,0.002795136907614939,0.018810949572515168,0.04104618718408104,0.06689079154349163,
warm,XGBoost,7,20,0.020273358319900396,0.7243758433862921,0.025316221985741405,0.0017574692442882249,0.005975395430579966,0.007029876977152903,0.007850029291154074,0.000351493848857645,0.0023830365133813637,0.009027166746094197,0.020458691962642526,
warm,Global popularity,7,20,0.055932352734258395,0.822150106423924,0.11306609799062318,0.029876977152899824,0.04288224956063264,0.05008787346221446,0.04944346807264198,0.001700958795275068,0.01970965008825223,0.05440312547761614,0.09827764381397328,
warm,HSTrans,7,20,0.05714450853451853,0.8185645476850986,0.13260226602453765,0.05799648506151142,0.05096660808435846,0.046221441124780355,0.046631517281780825,0.006060119762047901,0.02704445463198672,0.054000108927572406,0.08615284495129634,
warm,RF,7,50,0.026285666723912946,0.7412130729410956,0.05609019473027818,0.011834319526627219,0.01459566074950691,0.014595660749506894,0.014990138067061143,0.002344948498794652,0.022237912808858194,0.04026370345524313,0.06233645828328798,
warm,XGBoost,7,50,0.015186484228389462,0.6709515540451906,0.014583632425669513,0.0019723865877712033,0.0035502958579881655,0.003944773175542408,0.0042077580539119,0.0004930966469428008,0.001348890261612155,0.004987624818452312,0.011575016585609964,
warm,Global popularity,7,50,0.028405677626805546,0.7679602196234738,0.0262378797553116,0.0,0.009072978303747535,0.013017751479289939,0.015779092702169626,0.0,0.0017449070500909964,0.006134979022148168,0.012065400136297248,
warm,HSTrans,7,50,0.031508205152225376,0.7677601158702304,0.06228817114806832,0.01775147928994083,0.02248520710059171,0.02268244575936882,0.022616699539776457,0.0006693593310748534,0.0072648526239956265,0.019926786682032224,0.032522688001071755,
warm,RF,7,100,0.02370444407942404,0.6880677621685236,0.053827277954336665,0.011848341232227487,0.01374407582938389,0.013507109004739332,0.01295418641390206,0.0035951584425239287,0.021019777752423415,0.041329595569084665,0.05853191751945512,
warm,XGBoost,7,100,0.011675777278094103,0.5822001038939849,0.016811755378143715,0.002369668246445498,0.003791469194312796,0.004502369668246448,0.004897314375987361,0.0007898894154818325,0.0022029636810442497,0.00684941197817557,0.016748126639749162,
warm,Global popularity,7,100,0.01571508440763514,0.6771236939913379,0.001398328962042344,0.0,0.0,0.00047393364928909954,0.0022116903633491313,0.0,0.0,0.00017952032170041648,0.0013386573931597628,
warm,HSTrans,7,100,0.016312574327026253,0.6841127577312643,0.019113587316297316,0.002369668246445498,0.0042654028436018955,0.006635071090047395,0.007898894154818332,0.00016926201760324982,0.0011485529153496816,0.0038343154589321306,0.00635893137901708,
warm,RF,8,10,0.02903692332512776,0.7781521475576236,0.07020872751185522,0.011864406779661017,0.01457627118644068,0.01813559322033895,0.016836158192090382,0.00193207200105111,0.018747384170684493,0.04370522554694947,0.05330747590666338,
warm,XGBoost,8,10,0.025570201165422364,0.7556371260069059,0.05309362935222839,0.001694915254237288,0.013559322033898312,0.013898305084745747,0.013333333333333327,6.779661016949152e-05,0.011939792455731481,0.024362137153319714,0.03601462281415817,
warm,Global popularity,8,10,0.08546840419037727,0.840510726561817,0.2164249419007328,0.061016949152542375,0.08406779661016961,0.08084745762711885,0.07389830508474603,0.007251489920859672,0.06184438529087157,0.13476030714890075,0.20089324972837314,
warm,HSTrans,8,10,0.08475575966020656,0.8349697223431273,0.20656764535463792,0.06949152542372881,0.07288135593220345,0.0659322033898307,0.06067796610169499,0.015326613583213498,0.06638308450079357,0.11831483219193718,0.17473088948020513,
warm,RF,8,20,0.027358477491815872,0.7687899294095477,0.06207821292785202,0.01054481546572935,0.015114235500878738,0.015114235500878712,0.0146455770357352,0.001565031987193445,0.020135436985535396,0.03774067737006614,0.04789613727214814,
warm,XGBoost,8,20,0.021889549789430505,0.7323977716306204,0.0409343415522913,0.0017574692442882249,0.010896309314587002,0.01036906854130052,0.009490333919156418,7.322788517867604e-05,0.009261801946567463,0.016621710232602754,0.024200901656557083,
warm,Global popularity,8,20,0.05297007681009366,0.8208631519521847,0.09532576237615242,0.022847100175746926,0.03901581722319856,0.04393673110720568,0.046514352665494946,0.0012107621157988746,0.014901031206078063,0.04198263479899417,0.0973945408791714,
warm,HSTrans,8,20,0.05225772079660085,0.8148019879289141,0.11844370204437735,0.028119507908611598,0.0418277680140597,0.04112478031634454,0.04159343878148794,0.0017346054802150153,0.027992968921113647,0.05805633245914866,0.1076294861792343,
warm,RF,8,50,0.023931029075038333,0.7366104174670322,0.056166741163415815,0.012024048096192385,0.011222444889779564,0.013627254509018022,0.01282565130260521,0.0015052729894177498,0.017090803340254576,0.03672707281945158,0.04556528266407052,
warm,XGBoost,8,50,0.015482742279492246,0.682706009060861,0.01495557043267267,0.0,0.0028056112224448897,0.004208416833667336,0.004408817635270542,0.0,0.0013678892723747139,0.004587840288877913,0.010382988488688377,
warm,Global popularity,8,50,0.028704346296699348,0.7705403573375939,0.02542849065698383,0.002004008016032064,0.008817635270541085,0.014028056112224447,0.01723446893787576,8.3500334001336e-05,0.0018107392761944833,0.006426921194092011,0.013536514394052512,
warm,HSTrans,8,50,0.031354591230027706,0.7652677805151189,0.06275939812869386,0.01603206412825651,0.020841683366733456,0.02164328657314627,0.022311289245156973,0.0006188688607234139,0.008216195722143325,0.023744277653363514,0.0440134099126841,
warm,RF,8,100,0.018743983457875375,0.6886541047049978,0.04194310574881861,0.007042253521126761,0.0075117370892018795,0.010328638497652583,0.009546165884194062,0.0010471324680106785,0.008178898157935668,0.026832165960567107,0.033684260066740086,
warm,XGBoost,8,100,0.011923840171141235,0.612856437897436,0.015727574040916212,0.0,0.0032863849765258214,0.004225352112676058,0.004381846635367762,0.0,0.0030765586392961187,0.006792765045816737,0.013647978376555547,
warm,Global popularity,8,100,0.015552708930288437,0.6919299017710642,0.0022345300599659274,0.0,0.0,0.0009389671361502348,0.002190923317683881,0.0,0.0,0.00042708873082418703,0.0014655290871041992,
warm,HSTrans,8,100,0.017211145677829318,0.6888512433573124,0.022552850537930443,0.007042253521126761,0.007042253521126761,0.007981220657276997,0.008920187793427233,0.0002740238099763674,0.0016988999349786264,0.008222675195794006,0.012101541548062245,
warm,RF,9,10,0.02987717408780331,0.779148364768697,0.06213919304364458,0.01353637901861252,0.015566835871404398,0.015397631133671721,0.016356457980823448,0.0024401782650513614,0.01912812944243199,0.03915479554936082,0.06269221685444937,
warm,XGBoost,9,10,0.023955425099011586,0.7533317066382679,0.040999716811756695,0.001692047377326565,0.008121827411167515,0.011336717428087974,0.011505922165820638,4.338583018786064e-05,0.006256852595275716,0.020168849271422495,0.02631186971180638,
warm,Global popularity,9,10,0.0885549774714667,0.8449007517002862,0.22117672593066584,0.06937394247038917,0.085279187817259,0.08291032148900199,0.07490129723632286,0.009434726206523756,0.06284318835689312,0.1415820236337102,0.20296446895798215,
warm,HSTrans,9,10,0.07595492706879921,0.8008100793488422,0.2058756388690409,0.077834179357022,0.06294416243654821,0.06074450084602387,0.05662718556119564,0.014493367242977466,0.05480298249546724,0.11953191277381049,0.16651363877900743,
warm,RF,9,20,0.0285947872940894,0.7699279685521861,0.05738681992995806,0.015873015873015872,0.014109347442680782,0.014285714285714273,0.014344503233392113,0.0037276436085959897,0.017904834389723363,0.03769203703675583,0.06005655476826234,
warm,XGBoost,9,20,0.0204389607456255,0.7309263434971629,0.0195514304101452,0.001763668430335097,0.003880070546737213,0.005114638447971783,0.00728982951205174,4.5222267444489665e-05,0.002432435575129461,0.005331353106370756,0.013023517594193477,
warm,Global popularity,9,20,0.05642865765515406,0.8253782449209341,0.11261431868706953,0.02292768959435626,0.0426807760141093,0.04991181657848328,0.05032333921222802,0.001131753891603611,0.023209011325863442,0.06040838216169512,0.10894065892284116,
warm,HSTrans,9,20,0.04935571150336973,0.7765464850432647,0.12062526928941301,0.03350970017636684,0.03985890652557315,0.040564373897707263,0.039035861258083414,0.0032438499672545456,0.027057010748993755,0.06650017006408261,0.1003900947980147,
warm,RF,9,50,0.0249659444144283,0.7353913009686128,0.0519223714904259,0.016,0.012000000000000004,0.012199999999999994,0.0124,0.003580735705735706,0.016062347064978645,0.03542620638237698,0.05546840479261839,
warm,XGBoost,9,50,0.01506070261601289,0.6737616516223737,0.011817710017220115,0.002,0.002,0.0034000000000000002,0.005333333333333335,5.405405405405406e-05,0.0011230195712954333,0.002605093565985527,0.0077713823040891465,
warm,Global popularity,9,50,0.027852580127039617,0.7725832466018409,0.025775023278296734,0.0,0.008800000000000002,0.012999999999999998,0.0148,0.0,0.0016968081497898942,0.006536607647661881,0.01207689585032744,
warm,HSTrans,9,50,0.026703947034776927,0.7169118509529826,0.05176739014568526,0.004,0.014800000000000006,0.018199999999999987,0.018666666666666665,0.00032407407407407406,0.003877953943344003,0.016019389083181908,0.03068262516881668,
warm,RF,9,100,0.020599246833385702,0.6939991377271936,0.04505107010869323,0.014150943396226415,0.011792452830188682,0.010377358490566039,0.009905660377358497,0.0031447552673967765,0.014985460872842946,0.025915977931090888,0.04151204983612505,
warm,XGBoost,9,100,0.011918151381220252,0.6040858452478877,0.013570714311306228,0.0023584905660377358,0.0023584905660377358,0.003537735849056604,0.005817610062893082,6.73854447439353e-05,0.0015338827838827836,0.00302629079162098,0.011096009892923347,
warm,Global popularity,9,100,0.016328150765383426,0.7005747054935635,0.0007099764048678802,0.0,0.0,0.0002358490566037736,0.0023584905660377358,0.0,0.0,8.423180592991913e-05,0.0011461516488825325,
warm,HSTrans,9,100,0.017494967789315037,0.6316939555174503,0.03905130736236174,0.0047169811320754715,0.01226415094339623,0.012264150943396222,0.012264150943396229,0.0003930817610062893,0.0034394622721554786,0.009355146989152208,0.015773489141207863,
cold,CAFNet,0,10,0.24306813032202626,,0.5821084940566091,0.40540540540540543,0.3243243243243243,0.31081081081081086,0.3009009009009007,0.019951683085694706,0.07636407099270957,0.14291255731994584,0.20831012152750905,0.8198585523417005
cold,A3Net,0,10,0.22136948363754158,,0.5289732263379779,0.3783783783783784,0.2756756756756755,0.26621621621621633,0.2738738738738738,0.01743208131754526,0.055060857686475714,0.10888199146710686,0.1690231802564385,0.8227759367113516
cold,RF,0,10,0.10568985809872168,,0.28292308827559076,0.013513513513513514,0.11351351351351349,0.11621621621621614,0.12342342342342341,0.0013513513513513514,0.019970956259399944,0.044378335841656534,0.07501952266722413,0.7702667354459111
cold,XGBoost,0,10,0.0842901751566709,,0.13049602112708863,0.0,0.04324324324324326,0.048648648648648665,0.05765765765765769,0.0,0.007050885587351127,0.021706676730570897,0.04658787076292043,0.7506589850334112
cold,Global popularity,0,10,0.24455645778027071,,0.599407835555286,0.35135135135135137,0.3378378378378378,0.3337837837837838,0.30270270270270255,0.020720740412206493,0.09662335854831769,0.16139429627706314,0.20507832921833902,0.8453770828088263
cold,HSTrans,0,10,0.20119155667123756,,0.5202578305445347,0.25675675675675674,0.25945945945945936,0.26081081081081087,0.24234234234234225,0.0075079294214360605,0.06476066580985358,0.12458972898308261,0.1616420133938811,0.8261958219442489
cold,CAFNet,0,20,0.20041758134264726,,0.5128350310170467,0.3013698630136986,0.2657534246575342,0.25890410958904114,0.24200913242009126,0.016777389905999834,0.071378639789313,0.13354503058699438,0.17475718962541098,0.7961110941654872
cold,A3Net,0,20,0.18017186577886923,,0.4247802128889583,0.2328767123287671,0.21095890410958903,0.22739726027397258,0.21735159817351596,0.012302032079659287,0.044491929820313116,0.09809153227790682,0.1454580388447887,0.8005364352801856
cold,RF,0,20,0.09231631848220531,,0.25676982533413406,0.0,0.09589041095890413,0.10547945205479448,0.10867579908675801,0.0,0.017250610770906293,0.04747161612273743,0.07528012062434203,0.7541728394031411
cold,XGBoost,0,20,0.06879196640258062,,0.08061593542397802,0.0,0.03013698630136986,0.031506849315068496,0.031050228310502283,0.0,0.011736607378874227,0.01972905498948701,0.02316415869406685,0.7292343461381559
cold,Global popularity,0,20,0.1848766201015673,,0.4961558482301439,0.273972602739726,0.24383561643835613,0.2410958904109589,0.23105022831050223,0.012719978217548082,0.056591811538079,0.09242696208021427,0.1357187345653837,0.82790870467557
cold,HSTrans,0,20,0.1668886318361038,,0.41509175619629496,0.2465753424657534,0.1917808219178082,0.19041095890410953,0.18538812785388128,0.0163488385971243,0.04787869553976917,0.08609307708354363,0.12320599365039228,0.8075578516597642
cold,CAFNet,0,50,0.1509167249077369,,0.403080651782341,0.2191780821917808,0.17534246575342466,0.1753424657534246,0.15981735159817353,0.021995519958332394,0.06700352262630735,0.12735345255547897,0.15545089169928109,0.7563167468062539
cold,A3Net,0,50,0.12779259939918566,,0.3571139719368097,0.2328767123287671,0.1698630136986301,0.1616438356164383,0.1497716894977169,0.012734390248220092,0.03916152767756901,0.09533980429515744,0.13387201603012677,0.7717788908703076
cold,RF,0,50,0.061096538480558606,,0.14709632041333232,0.0136986301369863,0.038356164383561646,0.05068493150684933,0.05205479452054796,0.0001779042874933286,0.012645387781081477,0.031630543856453065,0.042235172555668644,0.724354913641315
cold,XGBoost,0,50,0.04830536854081988,,0.057309945652148725,0.0,0.02465753424657534,0.01917808219178082,0.015525114155251141,0.0,0.0071023023584233895,0.00762867243795848,0.008194566712953181,0.6994652154177574
cold,Global popularity,0,50,0.14922486547310304,,0.4266038353163248,0.1917808219178082,0.15342465753424656,0.15890410958904105,0.15342465753424653,0.02848610372126236,0.06833305344083698,0.11243226673186871,0.15375819904163718,0.8038950987142172
cold,HSTrans,0,50,0.12369185680780956,,0.31046294602630803,0.136986301369863,0.12054794520547946,0.12328767123287666,0.1232876712328767,0.020758453574261714,0.04722458884271134,0.09378803487765448,0.13337894172477552,0.7785044366737147
cold,CAFNet,0,100,0.10228837548859951,,0.2752706858228396,0.12857142857142856,0.12285714285714285,0.11285714285714284,0.1076190476190476,0.01600444276220674,0.04634980981371554,0.0765828043126128,0.10810381617122371,0.7044563984842481
cold,A3Net,0,100,0.08893288441586539,,0.25018341847498565,0.12857142857142856,0.10000000000000003,0.10999999999999997,0.1057142857142857,0.00813748601176316,0.03121448821745735,0.08718343500328143,0.13784532364640004,0.7035321210962822
cold,RF,0,100,0.04083948207740336,,0.0825385768027235,0.0,0.02,0.02571428571428572,0.026666666666666665,0.0,0.006397309521586667,0.015613128138133491,0.021187841691161457,0.6708216676589296
cold,XGBoost,0,100,0.034617727963264594,,0.052268440297759115,0.0,0.014285714285714285,0.02,0.01619047619047619,0.0,0.004340312896213518,0.009963079880781744,0.010672140934670385,0.6403652498411554
cold,Global popularity,0,100,0.08520310308722981,,0.2775379131165737,0.12857142857142856,0.11714285714285716,0.09285714285714282,0.08857142857142854,0.013779445602587604,0.04324188892163315,0.058244915980721464,0.0739110975895032,0.7524393427464741
cold,HSTrans,0,100,0.07647930104912064,,0.22607026787462578,0.07142857142857142,0.07428571428571429,0.08857142857142856,0.08095238095238094,0.004003437039151325,0.026697063425377834,0.06502926855373327,0.08669715622257956,0.732819773361104
cold,CAFNet,1,10,0.23708072496456234,,0.5818714012823083,0.41333333333333333,0.34933333333333333,0.3279999999999999,0.3111111111111109,0.014097912020992644,0.06414013790991047,0.11967222772616073,0.16714169962652875,0.8184807558853539
cold,A3Net,1,10,0.24305989791963237,,0.5663394653943385,0.37333333333333335,0.33866666666666667,0.3306666666666667,0.3208888888888888,0.01203540616399467,0.06322694297472246,0.12127321441444931,0.1725290501623739,0.8229447853455357
cold,RF,1,10,0.12473247843564814,,0.34587882713661217,0.013333333333333334,0.1573333333333333,0.1573333333333333,0.14755555555555552,0.0007017543859649122,0.028252058408969372,0.055444247771167646,0.07149132264836074,0.7757859001001793
cold,XGBoost,1,10,0.1039452068672743,,0.213439542165528,0.0,0.08533333333333336,0.0893333333333333,0.09688888888888893,0.0,0.016880596606330886,0.029275783990909677,0.051140617342301624,0.7616995013051756
cold,Global popularity,1,10,0.2745197193356475,,0.63454288540795,0.4,0.40266666666666673,0.3800000000000001,0.35466666666666674,0.013512925131091081,0.07376840942252859,0.13518711266837163,0.18489643701289565,0.8561579586917132
cold,HSTrans,1,10,0.2148491579748856,,0.5378145113823602,0.3333333333333333,0.3039999999999998,0.28,0.2799999999999999,0.010579281644910525,0.052866166726013714,0.09155973456685139,0.14969640268518614,0.8279986517922573
cold,CAFNet,1,20,0.18993923519678893,,0.4742431127660334,0.24,0.23733333333333326,0.25600000000000006,0.2364444444444444,0.009317201329929692,0.0455155775667744,0.10455299913508084,0.13442721290014858,0.8030708703108534
cold,A3Net,1,20,0.20295064609144997,,0.5308481712826257,0.3466666666666667,0.2746666666666666,0.268,0.24888888888888877,0.013268297009031137,0.057250753567613576,0.10770187369717704,0.14505667079392728,0.8080160704639965
cold,RF,1,20,0.1104887037566423,,0.3444103630283687,0.013333333333333334,0.14933333333333335,0.14399999999999993,0.13422222222222224,0.0008333333333333334,0.03305828451584856,0.06568631969503197,0.07915164548683487,0.761346227201226
cold,XGBoost,1,20,0.08660900263443864,,0.1452959167557104,0.0,0.056,0.05466666666666666,0.06044444444444445,0.0,0.008186729363619385,0.018491699699142557,0.03202140369019001,0.7437488992762151
cold,Global popularity,1,20,0.2203804135758396,,0.5335740220093577,0.30666666666666664,0.304,0.29333333333333345,0.2737777777777777,0.009836739588447383,0.0612499711913609,0.10821362759407521,0.1540583283687979,0.8450939657329464
cold,HSTrans,1,20,0.183070419114704,,0.5125133923872428,0.30666666666666664,0.23199999999999993,0.23733333333333329,0.22577777777777777,0.014675262880470266,0.04767954006701533,0.102209854485919,0.1295661945708961,0.8171365111048468
cold,CAFNet,1,50,0.14406825639964044,,0.3914410613361545,0.2,0.1893333333333333,0.15999999999999995,0.15733333333333335,0.013589657402967659,0.058276659089169784,0.09642454203271264,0.13081422010692031,0.774201844209602
cold,A3Net,1,50,0.1569825766361161,,0.4493235414912229,0.26666666666666666,0.20533333333333334,0.18533333333333327,0.1733333333333333,0.013211914405427256,0.06931388667804994,0.1265361918466659,0.16495233026353404,0.772860417385682
cold,RF,1,50,0.06997781773425862,,0.1598840182942852,0.013333333333333334,0.058666666666666686,0.06399999999999997,0.06400000000000002,0.0010256410256410256,0.012170050335826063,0.021661183672045472,0.03501234041353896,0.7269703153882314
cold,XGBoost,1,50,0.059756451947280215,,0.07346172902988307,0.0,0.026666666666666665,0.034666666666666665,0.03377777777777779,0.0,0.0030886618207991044,0.0135559132414358,0.020873446686010988,0.7072128292286706
cold,Global popularity,1,50,0.1495489468365616,,0.44624348603773656,0.26666666666666666,0.18666666666666668,0.2133333333333333,0.1946666666666666,0.008544334846257775,0.03489931689174267,0.1046711874949871,0.14239968128569197,0.8172764262570503
cold,HSTrans,1,50,0.13500251300288907,,0.4082765369132408,0.21333333333333335,0.18133333333333332,0.1586666666666667,0.15644444444444447,0.010005895879412472,0.06463649125857458,0.08934623189310788,0.13464293030529287,0.7877540586124347
cold,CAFNet,1,100,0.09692706266091942,,0.28031503898348076,0.11267605633802817,0.11830985915492959,0.11971830985915488,0.1136150234741784,0.006342604595680086,0.03208650780537368,0.08561668655070848,0.11898281278650105,0.714794588000304
cold,A3Net,1,100,0.09980151963917411,,0.2981639489486069,0.14084507042253522,0.11830985915492956,0.11549295774647886,0.1051643192488263,0.009381915940266121,0.03647537399658368,0.08727659803446795,0.11121890334310637,0.7185375860169296
cold,RF,1,100,0.048280415253415775,,0.11865184328252104,0.014084507042253521,0.03943661971830987,0.04507042253521128,0.04788732394366199,0.0014084507042253522,0.013142854795611938,0.021946384609650225,0.0480683328749976,0.6787315399166151
cold,XGBoost,1,100,0.042914949961351485,,0.07808791248489075,0.0,0.025352112676056335,0.036619718309859155,0.03568075117370893,0.0,0.0032999846440222758,0.02362681502825658,0.036886598570497066,0.6499469303597374
cold,Global popularity,1,100,0.09417369931753486,,0.29686236634035,0.1267605633802817,0.11830985915492956,0.11126760563380277,0.10610328638497654,0.006609975994841872,0.02884347086376692,0.057156630336782026,0.1076695028479964,0.7564541901487898
cold,HSTrans,1,100,0.0862572443438701,,0.2344071291144576,0.11267605633802817,0.07887323943661974,0.08732394366197183,0.08920187793427233,0.009157402095071846,0.03441900668227032,0.05454843534854262,0.07700752596539102,0.742687315668928
cold,CAFNet,2,10,0.2780795924690436,,0.6713701104300445,0.4666666666666667,0.4213333333333333,0.3866666666666666,0.37599999999999983,0.016125605113982068,0.06607412896422973,0.11185681770304728,0.15775617127272845,0.8054989080223122
cold,A3Net,2,10,0.2811998481336129,,0.6205132170662427,0.38666666666666666,0.4026666666666665,0.3946666666666669,0.36799999999999966,0.009651612033123055,0.059368008341704456,0.11358252343572244,0.1533997113191065,0.8163751563096132
cold,RF,2,10,0.15448098334666693,,0.42645866518761283,0.05333333333333334,0.20799999999999993,0.2039999999999999,0.19999999999999996,0.0015916881087851408,0.02329435327117677,0.04400580742022667,0.06507399897453191,0.7757962489974032
cold,XGBoost,2,10,0.13057785575071942,,0.23142663773757807,0.013333333333333334,0.07733333333333337,0.09333333333333332,0.09955555555555558,3.5746201966041106e-05,0.00574485629083312,0.0229367804773873,0.035406284155349584,0.7558915033557033
cold,Global popularity,2,10,0.32710322690070537,,0.733157962854979,0.48,0.5066666666666667,0.48266666666666663,0.44355555555555565,0.018869490614818178,0.07208722499298754,0.13511813354948263,0.17680419511149809,0.8501224607402844
cold,HSTrans,2,10,0.23820747012186388,,0.5169983875422498,0.21333333333333335,0.2906666666666665,0.30533333333333335,0.3208888888888888,0.004624061385665652,0.037108195668592005,0.07397247379163426,0.12309311997392747,0.8183494579045936
cold,CAFNet,2,20,0.22490763524056281,,0.5731172144883382,0.3466666666666667,0.32266666666666655,0.3093333333333333,0.30044444444444435,0.012641109229895248,0.05286383950399025,0.09479366635027255,0.13590444151529618,0.7836903882194445
cold,A3Net,2,20,0.23567882717938674,,0.5414342604389498,0.3333333333333333,0.33599999999999997,0.3173333333333333,0.2959999999999998,0.008943754559375931,0.05294826003132171,0.09938124932366993,0.1307209517331505,0.799183340194654
cold,RF,2,20,0.13767831423404614,,0.40870012980419057,0.05333333333333334,0.19199999999999992,0.18666666666666656,0.1795555555555555,0.0018608050198959288,0.023017147167650447,0.047729106986883,0.06889938151825203,0.7615166345565231
cold,XGBoost,2,20,0.11079845960205932,,0.1846308383131364,0.013333333333333334,0.056000000000000015,0.06799999999999998,0.0631111111111111,3.6730945821854914e-05,0.0039178383208257166,0.01614201803764123,0.025865085584811726,0.7376154641211798
cold,Global popularity,2,20,0.26111541370983926,,0.6059727156944525,0.4533333333333333,0.3653333333333333,0.3613333333333333,0.3493333333333332,0.014480295517351761,0.049900743886578766,0.09752265400309833,0.1434208953232962,0.8354234106200212
cold,HSTrans,2,20,0.1988624436070428,,0.4711925389741866,0.2,0.23466666666666658,0.2613333333333335,0.2622222222222221,0.004802208861314184,0.028914824807750983,0.0701231930064259,0.10604556793445355,0.8022401945345036
cold,CAFNet,2,50,0.1677592923106487,,0.47504473179730106,0.32,0.23733333333333329,0.23066666666666655,0.21422222222222218,0.016550798629934922,0.04528476412759043,0.09576631190066526,0.13044347020477842,0.7371828947161142
cold,A3Net,2,50,0.1884015381060362,,0.4696878977535524,0.3466666666666667,0.25866666666666654,0.236,0.22311111111111098,0.015105869750986586,0.05582337076716886,0.09885693049619408,0.12964039623325868,0.7525937225298053
cold,RF,2,50,0.09358093130400953,,0.1836868787455333,0.02666666666666667,0.09333333333333335,0.0813333333333333,0.08088888888888891,0.0006195111399524119,0.010211141771151701,0.02131588352635155,0.029688719349527368,0.7204247513569975
cold,XGBoost,2,50,0.08143393269660537,,0.09189544840077196,0.013333333333333334,0.018666666666666665,0.038666666666666676,0.040000000000000015,3.980099502487562e-05,0.0019187913963264421,0.004856648771210313,0.015118090831944441,0.6926646445698353
cold,Global popularity,2,50,0.18666711513412634,,0.4759037088576339,0.32,0.23199999999999998,0.25600000000000006,0.2515555555555554,0.011183763446416568,0.03236594613963224,0.07958151119201438,0.12283821191432848,0.8012701558329095
cold,HSTrans,2,50,0.15317073950094473,,0.4002601792451192,0.18666666666666668,0.20799999999999993,0.20399999999999993,0.20266666666666655,0.006313083342536857,0.03694943303060169,0.06710191714626193,0.10851397404661091,0.7636936983038848
cold,CAFNet,2,100,0.11158133265203565,,0.3348187964615529,0.1891891891891892,0.16486486486486485,0.14189189189189183,0.1333333333333333,0.005799565083597666,0.03873706953553734,0.06457684031753742,0.09718563825058082,0.6724460746706941
cold,A3Net,2,100,0.12021379664998214,,0.3424988147289982,0.1891891891891892,0.14324324324324325,0.14324324324324322,0.15045045045045044,0.00726692970182039,0.03368653493009366,0.05677347374351027,0.09090106069751651,0.7090481772014773
cold,RF,2,100,0.06287901401718524,,0.10256951989500444,0.013513513513513514,0.03513513513513513,0.03918918918918919,0.04234234234234235,4.612120653076284e-05,0.005478445603197387,0.011777406171671589,0.017758777154670436,0.6733078714663912
cold,XGBoost,2,100,0.05608943950651686,,0.10032407131495906,0.013513513513513514,0.027027027027027025,0.0391891891891892,0.03333333333333333,4.612120653076284e-05,0.003626118474775129,0.006947185047507279,0.007747775820522126,0.6309526083144744
cold,Global popularity,2,100,0.11924019336417006,,0.32736152069012875,0.16216216216216217,0.14864864864864863,0.13648648648648642,0.1423423423423423,0.0036128673325060505,0.04690107595726463,0.06445434535938642,0.08493243162217973,0.7514641217618884
cold,HSTrans,2,100,0.11400596026459714,,0.25781317349470484,0.10810810810810811,0.11891891891891893,0.12432432432432432,0.12882882882882882,0.01532043145380731,0.04633584551018654,0.07176344685411573,0.11696525028303555,0.7179736891606914
cold,CAFNet,3,10,0.20135930781212485,,0.5359992915432394,0.33783783783783783,0.2945945945945945,0.27837837837837837,0.27387387387387374,0.012045785720094218,0.05364751907521006,0.11191900847547809,0.1625717371133344,0.8162748604698006
cold,A3Net,3,10,0.20642472649476284,,0.5578913131247332,0.3783783783783784,0.25135135135135117,0.2567567567567569,0.25405405405405396,0.017407911046868386,0.06837463614772281,0.12531569508943263,0.16612791803072074,0.8162087351972297
cold,RF,3,10,0.10521860004493502,,0.3319491183019176,0.02702702702702703,0.12702702702702706,0.12837837837837834,0.11981981981981984,0.0006053564877094289,0.024784933372795807,0.056585482008049956,0.07963837509831792,0.7704898763620616
cold,XGBoost,3,10,0.08444859319843784,,0.15860691608377053,0.0,0.04324324324324325,0.05810810810810812,0.061261261261261274,0.0,0.012919026897872938,0.032463179924029695,0.05321165620737366,0.7510311339957699
cold,Global popularity,3,10,0.23978686143745875,,0.6126595809805963,0.36486486486486486,0.35135135135135126,0.35270270270270276,0.3189189189189188,0.015549749282488007,0.0753290923724273,0.13937379679088743,0.18479752974824898,0.8462491507430576
cold,HSTrans,3,10,0.1830501609127651,,0.5275547940762699,0.25675675675675674,0.22432432432432425,0.25000000000000006,0.22792792792792785,0.01462626211939326,0.05026329998076123,0.1105571827235342,0.15212419405024102,0.8182399971576073
cold,CAFNet,3,20,0.16167542619617392,,0.45993153559846883,0.28378378378378377,0.22972972972972974,0.22972972972972977,0.20540540540540533,0.009595418180338627,0.0510007398957865,0.1021847343309781,0.14085009415880637,0.7993877744067464
cold,A3Net,3,20,0.17502513901610628,,0.49928598327286566,0.3108108108108108,0.21891891891891882,0.1932432432432432,0.2009009009009009,0.024838980361963577,0.062278655645181605,0.1160978914162087,0.16215876660160022,0.7964875014788481
cold,RF,3,20,0.09084299696725394,,0.2811961266060167,0.02702702702702703,0.11081081081081084,0.10675675675675672,0.0981981981981982,0.0006816200364587461,0.028420809056797298,0.05230361254337513,0.07518608666378566,0.7555615018994353
cold,XGBoost,3,20,0.0690889523736301,,0.10746151839796328,0.0,0.04324324324324326,0.03378378378378379,0.02972972972972973,0.0,0.025220897587810872,0.02893414982794461,0.03636431651158654,0.7322116369458722
cold,Global popularity,3,20,0.18212977670461608,,0.500738189406708,0.33783783783783783,0.2513513513513513,0.24459459459459465,0.236036036036036,0.013019110193335352,0.05787077634539421,0.10687054771468212,0.15111092965770342,0.83153970892802
cold,HSTrans,3,20,0.15087124619493258,,0.44979027193194354,0.22972972972972974,0.19459459459459455,0.1864864864864864,0.1720720720720721,0.015436051662658141,0.052683245976889045,0.09916730833573423,0.1303308267515483,0.7999786367194982
cold,CAFNet,3,50,0.11591012946640507,,0.33938956674997145,0.14864864864864866,0.17027027027027025,0.15675675675675674,0.13693693693693693,0.005454022092740245,0.04020739070358492,0.10580404984822711,0.1284875853483719,0.7636705129800458
cold,A3Net,3,50,0.12617481934667707,,0.40231845358536933,0.1891891891891892,0.14324324324324325,0.1472972972972973,0.14234234234234233,0.016915836267365852,0.05257902801421049,0.1244249174135056,0.14832847940085428,0.7555995665837683
cold,RF,3,50,0.05827081245358859,,0.10121886836255019,0.0,0.032432432432432434,0.035135135135135144,0.03333333333333333,0.0,0.005876480297350213,0.03196459168341235,0.04118324888800305,0.7179749077379132
cold,XGBoost,3,50,0.04864793918318402,,0.05547360170439519,0.0,0.016216216216216217,0.020270270270270275,0.016216216216216217,0.0,0.0015253739643589768,0.01005487743855233,0.017322255110341765,0.6928817408437684
cold,Global popularity,3,50,0.14866421748808975,,0.3728310839022897,0.21621621621621623,0.13513513513513514,0.14729729729729724,0.14414414414414414,0.0370528615867937,0.06301929484422303,0.10189386753782202,0.1371559113760413,0.80099185280387
cold,HSTrans,3,50,0.12303214107373023,,0.3676051240457658,0.16216216216216217,0.14594594594594593,0.12297297297297297,0.12792792792792793,0.022641434457506753,0.061218192097689236,0.10097329378480474,0.12837086944171877,0.7657030000386232
cold,CAFNet,3,100,0.10969276763736929,,0.27825111908537975,0.17142857142857143,0.12000000000000004,0.09285714285714283,0.0895238095238095,0.03134232748839918,0.053397861829846245,0.0736502204024942,0.09675955860260443,0.6988231687768501
cold,A3Net,3,100,0.09047320267195354,,0.29076740479080393,0.11428571428571428,0.08571428571428573,0.09428571428571424,0.08761904761904765,0.013966771121353885,0.04392800243779379,0.08039380847308687,0.11274717889408299,0.6942962884418221
cold,RF,3,100,0.041395394029074536,,0.07330543503762313,0.0,0.017142857142857144,0.02428571428571429,0.02095238095238095,0.0,0.010694943881442737,0.0157053046779231,0.017677338515522095,0.6679180609059068
cold,XGBoost,3,100,0.036175408944514376,,0.0610095012341324,0.0,0.014285714285714285,0.021428571428571432,0.017142857142857144,0.0,0.011173864894795127,0.01564561045998366,0.02354856022339854,0.6415421954879376
cold,Global popularity,3,100,0.08311699700944651,,0.27920220032140364,0.11428571428571428,0.10000000000000003,0.09714285714285709,0.09904761904761904,0.0036421462604046503,0.040812840001825244,0.06651914561548716,0.10096861638723463,0.7541581035767544
cold,HSTrans,3,100,0.06568551317719357,,0.1731145534191265,0.05714285714285714,0.045714285714285714,0.06285714285714285,0.06666666666666665,0.0021437371343022895,0.008197869200992114,0.0387833700819672,0.05586524491767231,0.7166694801760062
cold,CAFNet,4,10,0.23032756285607642,,0.5639345951213139,0.29333333333333333,0.3093333333333333,0.3173333333333334,0.2977777777777775,0.014232138497496048,0.06965558386145888,0.13544275181531876,0.20164042335073826,0.831513023778492
cold,A3Net,4,10,0.21280534120051037,,0.5459652709716694,0.28,0.27199999999999985,0.2800000000000001,0.2755555555555554,0.01578191301142579,0.0587150273841195,0.11536706761949861,0.16185364970572724,0.8349651349813217
cold,RF,4,10,0.10735163154473769,,0.3430560077890098,0.013333333333333334,0.1333333333333333,0.13466666666666657,0.1182222222222222,0.0005555555555555556,0.030173813451222,0.049449453239927096,0.06264412506302972,0.7861544153442
cold,XGBoost,4,10,0.08731729611239845,,0.211640970408018,0.013333333333333334,0.06133333333333335,0.06666666666666667,0.06666666666666671,0.0005555555555555556,0.022958322954603025,0.03465086901926899,0.04988497721062867,0.7652814995156909
cold,Global popularity,4,10,0.24763892546355548,,0.6180530783241093,0.4266666666666667,0.39466666666666655,0.37733333333333335,0.34488888888888863,0.014339403822635969,0.07250605554780008,0.13529775844378275,0.18486779939762263,0.8459737438063056
cold,HSTrans,4,10,0.18872405840453027,,0.5104625126229052,0.28,0.2666666666666665,0.25999999999999995,0.25244444444444425,0.012170706155123832,0.05264816940564265,0.10608308919911484,0.150721752523763,0.8224808736954102
cold,CAFNet,4,20,0.1987828723944789,,0.5089072252704747,0.26666666666666666,0.27733333333333315,0.25866666666666677,0.24088888888888874,0.016355581816141326,0.07859183192937391,0.13305759488672148,0.19305560511853068,0.8141713987798134
cold,A3Net,4,20,0.17905184619868184,,0.49903660535615835,0.25333333333333335,0.23199999999999987,0.2226666666666666,0.22044444444444433,0.01609476481478177,0.06645511296486867,0.1062897962874272,0.15507572744815087,0.8169944616483161
cold,RF,4,20,0.09181806987071427,,0.3226192976651611,0.013333333333333334,0.13599999999999995,0.11066666666666661,0.09155555555555552,0.0006666666666666668,0.03455272037891933,0.04796795777654879,0.05643910623766413,0.769508101590466
cold,XGBoost,4,20,0.07033942235151368,,0.10492072460722893,0.013333333333333334,0.026666666666666665,0.029333333333333343,0.028444444444444442,0.0006666666666666668,0.005125704803885378,0.014436789584893542,0.03102805175334692,0.7455373464709911
cold,Global popularity,4,20,0.19008441110149066,,0.5217742660156096,0.32,0.27999999999999986,0.26400000000000007,0.25155555555555537,0.014029601773810156,0.05873985157312696,0.09992925539580966,0.14645090992885712,0.829283763260424
cold,HSTrans,4,20,0.1505666484105313,,0.45745962388583244,0.18666666666666668,0.19999999999999996,0.19866666666666663,0.1893333333333333,0.009092320785978537,0.052302856189498946,0.09968294766048343,0.1355063521882956,0.8049560122064238
cold,CAFNet,4,50,0.14946779515800043,,0.43531335763828255,0.24,0.2106666666666666,0.18799999999999992,0.16977777777777772,0.01992227332001669,0.08653815304374855,0.13850542479130853,0.18232080765506928,0.7784490213554197
cold,A3Net,4,50,0.12451943256683486,,0.3736738980845977,0.18666666666666668,0.15466666666666667,0.15066666666666662,0.14755555555555547,0.014213049180201054,0.05359121348849519,0.10235461748368158,0.1428077222721431,0.7781172826950615
cold,RF,4,50,0.05661969595437493,,0.15698992525520616,0.013333333333333334,0.06400000000000002,0.04933333333333333,0.04622222222222225,0.0011111111111111111,0.010223244034234103,0.02658217271432855,0.04374603904046946,0.7344761882152937
cold,XGBoost,4,50,0.04786942408585403,,0.05354464875904971,0.013333333333333334,0.008000000000000002,0.013333333333333332,0.012444444444444444,0.0011111111111111111,0.0016149732620320855,0.00900766076888368,0.010751521792917117,0.7074674857932564
cold,Global popularity,4,50,0.11798025243865749,,0.3333216792776908,0.10666666666666667,0.17333333333333326,0.1613333333333333,0.16711111111111102,0.0036447661869710023,0.04833602074346591,0.07788187336100504,0.13541658503555845,0.7935873323845525
cold,HSTrans,4,50,0.09915950882073254,,0.33290565875219047,0.08,0.12266666666666666,0.11999999999999995,0.11911111111111107,0.005600953024888116,0.036485820618491545,0.08820906660825827,0.11584204435417413,0.7700203367555059
cold,CAFNet,4,100,0.1121658280854386,,0.33211554794823317,0.1643835616438356,0.12054794520547948,0.09863013698630133,0.09223744292237446,0.03619611769115784,0.07431929939380827,0.11273933378861532,0.16053528619831317,0.7276528074378453
cold,A3Net,4,100,0.08937914601373054,,0.2399802637207145,0.0958904109589041,0.08767123287671236,0.07808219178082187,0.07031963470319637,0.01631180577574373,0.049799832394392604,0.08305708642264673,0.12029742805943755,0.7296158096462221
cold,RF,4,100,0.038864991626147365,,0.1372251552937621,0.0136986301369863,0.043835616438356165,0.03835616438356165,0.02831050228310502,0.00228310502283105,0.011767562938175637,0.03235248323466092,0.035898688748676376,0.6806802002227863
cold,XGBoost,4,100,0.034379719992127786,,0.05997145485829086,0.0136986301369863,0.01643835616438356,0.0136986301369863,0.01278538812785388,0.00228310502283105,0.019633566930627507,0.021984499815043183,0.024515330010423997,0.6460717983214027
cold,Global popularity,4,100,0.06702780474085475,,0.20682912769694506,0.0547945205479452,0.07397260273972606,0.057534246575342465,0.06575342465753425,0.0023499886513585143,0.05697350495985378,0.06836626978108813,0.10341025701402384,0.7312238810530955
cold,HSTrans,4,100,0.06444864386786978,,0.21164993767078427,0.0410958904109589,0.06575342465753425,0.06164383561643835,0.063013698630137,0.0076557945551113515,0.03849064868361157,0.06920921332625435,0.08814464297491452,0.7217348332721443
cold,CAFNet,5,10,0.2672523482621567,,0.6579531511918852,0.4533333333333333,0.4213333333333333,0.3866666666666667,0.3555555555555555,0.022807006295308182,0.0797630688408643,0.12962466504458053,0.17426591252441537,0.7953118322851556
cold,A3Net,5,10,0.24625231195716868,,0.5876958356055507,0.3333333333333333,0.3546666666666666,0.3386666666666666,0.32622222222222214,0.010915673861220013,0.07299696048921729,0.114892627694362,0.15734631547529043,0.7919934774323885
cold,RF,5,10,0.12848435407880884,,0.31512796355975115,0.013333333333333334,0.12800000000000003,0.13599999999999995,0.144,3.445305770887166e-05,0.020452881442934064,0.035703526205812915,0.0548492055421338,0.7521772353911554
cold,XGBoost,5,10,0.108752399937483,,0.2213778797763222,0.013333333333333334,0.0986666666666667,0.08666666666666667,0.08533333333333334,3.445305770887166e-05,0.00926362611866972,0.01813828623778474,0.030965706171656986,0.7211092351201331
cold,Global popularity,5,10,0.2957865342983297,,0.7082868053788602,0.4666666666666667,0.4453333333333333,0.42266666666666675,0.39733333333333326,0.02496624136663027,0.0965952384886505,0.15376246619787276,0.20199995193511014,0.8289226954068332
cold,HSTrans,5,10,0.22290024491232274,,0.5655487171038357,0.30666666666666664,0.3253333333333332,0.3080000000000003,0.304,0.01009153444999081,0.04773685711159441,0.09780850938141492,0.13688154849204853,0.7937944836227824
cold,CAFNet,5,20,0.22309178186268472,,0.5432408119825959,0.3918918918918919,0.31351351351351336,0.2972972972972973,0.2882882882882882,0.022707400609884763,0.06087984505501691,0.1041352726858122,0.14565887986318105,0.7675208253952062
cold,A3Net,5,20,0.19240043354386502,,0.4280576122204389,0.16216216216216217,0.24864864864864858,0.2581081081081081,0.25945945945945936,0.003141036644653634,0.04408688080773661,0.0804391076339715,0.1233684578708486,0.7622882169884962
cold,RF,5,20,0.11310774097781659,,0.2906208397194168,0.02702702702702703,0.11351351351351356,0.11351351351351346,0.12612612612612611,0.0005183755183755184,0.02278108156948289,0.033885156486679266,0.053866210874018404,0.7288304798090564
cold,XGBoost,5,20,0.0918500229806166,,0.18217546615741295,0.013513513513513514,0.056756756756756774,0.060810810810810814,0.05765765765765768,3.5750035750035746e-05,0.006113406036966935,0.012445544813343506,0.019007518749541336,0.6912642735016772
cold,Global popularity,5,20,0.22368293542696824,,0.5632000043344098,0.3783783783783784,0.3513513513513513,0.32972972972972964,0.31441441441441437,0.011351291147624584,0.05936889557818261,0.10306735095194959,0.1476988230914942,0.8047420979340592
cold,HSTrans,5,20,0.18019655814711955,,0.4746741772868256,0.24324324324324326,0.26756756756756755,0.25405405405405407,0.24054054054054055,0.006255376726305317,0.03655983636161156,0.07483174620277507,0.10645724283247714,0.7678225047394879
cold,CAFNet,5,50,0.178603812328756,,0.49214433464285773,0.3013698630136986,0.26849315068493146,0.22739726027397258,0.20639269406392688,0.026983972819557406,0.07120366675771563,0.11922347790859954,0.15368935814108742,0.7251080684659461
cold,A3Net,5,50,0.13646171313973976,,0.3617300702170655,0.1780821917808219,0.15342465753424658,0.17671232876712326,0.1771689497716895,0.004904310560788107,0.024999780495881283,0.06745015926395707,0.11317963055739645,0.7198562555780882
cold,RF,5,50,0.07744817153971839,,0.16143423603571447,0.0136986301369863,0.04931506849315069,0.06712328767123288,0.06392694063926942,3.925108921772579e-05,0.007316098950557906,0.021612632155384007,0.035814551318324145,0.6859549305812572
cold,XGBoost,5,50,0.06689658273422512,,0.07853602539209817,0.0136986301369863,0.024657534246575342,0.03013698630136987,0.02465753424657534,3.925108921772579e-05,0.0026903171426723277,0.007946953208466619,0.010796710306581535,0.643283149308855
cold,Global popularity,5,50,0.14767016209691772,,0.3992449455830919,0.2328767123287671,0.19726027397260265,0.20410958904109583,0.19452054794520546,0.0042841551730924445,0.031032478003886737,0.06587583139588458,0.0925865865096079,0.7680483055801205
cold,HSTrans,5,50,0.13276194313366563,,0.3831315993237102,0.1643835616438356,0.20273972602739726,0.18356164383561635,0.18082191780821918,0.005030894975817951,0.039176186352120106,0.07321027154893689,0.10234187310791572,0.725126695430487
cold,CAFNet,5,100,0.12708065415125963,,0.3970966938369942,0.20833333333333334,0.1833333333333333,0.15555555555555553,0.1425925925925926,0.015008624477086126,0.059085568130054694,0.08379716224030179,0.10555323427943246,0.6825661181638751
cold,A3Net,5,100,0.10262011950370947,,0.25990126131931285,0.06944444444444445,0.12222222222222226,0.11666666666666664,0.10833333333333335,0.004967514447594856,0.033948378561793266,0.06641597133624576,0.08838330493953732,0.6630393864540921
cold,RF,5,100,0.05596261931646218,,0.09344668211845669,0.013888888888888888,0.024999999999999998,0.03611111111111112,0.03333333333333334,4.494786048184107e-05,0.0025207686107975628,0.012724701836232182,0.021609237908009605,0.6466846087574302
cold,XGBoost,5,100,0.05126343424552773,,0.09754487270330031,0.013888888888888888,0.03888888888888889,0.030555555555555565,0.024999999999999998,4.494786048184107e-05,0.006945558380268585,0.009955080271437575,0.013044212790246024,0.6035766431704198
cold,Global popularity,5,100,0.09915238926647665,,0.2635882993718453,0.06944444444444445,0.13888888888888892,0.12638888888888888,0.11388888888888887,0.0010468379952445655,0.015861118940814996,0.03533455194630642,0.04109568743689079,0.7247630386773335
cold,HSTrans,5,100,0.09162833100471032,,0.273259461944161,0.125,0.11666666666666667,0.10138888888888885,0.10370370370370371,0.0053963011742585495,0.028041822970220436,0.04746640079666286,0.07139398785548624,0.6819736800511119
cold,CAFNet,6,10,0.24324009808581504,,0.6057180756789464,0.36,0.33333333333333326,0.3053333333333334,0.29422222222222216,0.018381211827331177,0.0849565927190258,0.12469163185006771,0.16366209107950488,0.8017733135293101
cold,A3Net,6,10,0.2289561632657299,,0.5997671780564351,0.32,0.3253333333333332,0.31200000000000006,0.28977777777777763,0.016354793937982084,0.06594469866243478,0.1158556525939529,0.14692926094394243,0.7955949803812307
cold,RF,6,10,0.1265209867097735,,0.2973922943550146,0.0,0.13600000000000004,0.13599999999999993,0.14666666666666664,0.0,0.013694017982413728,0.03972757234052387,0.05964746503269782,0.7779654703458572
cold,XGBoost,6,10,0.10650321956722417,,0.20810448804003112,0.0,0.056000000000000015,0.07333333333333329,0.07822222222222223,0.0,0.0067546435877117615,0.025518907124359592,0.03687593946610232,0.7565834253391792
cold,Global popularity,6,10,0.28069259185576945,,0.687944310725429,0.44,0.4426666666666666,0.392,0.36000000000000004,0.023219521210994153,0.10011958098121894,0.15569761608809252,0.2007416004182706,0.8539702637394362
cold,HSTrans,6,10,0.20367748897805782,,0.49060673403571486,0.24,0.2559999999999999,0.27066666666666656,0.262222222222222,0.009190123671680615,0.04467023472174705,0.09171446733718497,0.1262708288717962,0.8210968886678136
cold,CAFNet,6,20,0.20088184233529016,,0.48294876558439387,0.22972972972972974,0.24864864864864858,0.24189189189189186,0.2432432432432431,0.01407885103498595,0.056724985726511114,0.08926681048447468,0.13895292281026844,0.7831243688132703
cold,A3Net,6,20,0.1892728071682124,,0.48624639584470136,0.2702702702702703,0.24864864864864863,0.2378378378378379,0.2369369369369369,0.014063012800605072,0.048959129289450044,0.08379496251444471,0.12484033209275112,0.7718481145073661
cold,RF,6,20,0.11224837229218944,,0.26495107028667436,0.0,0.10540540540540545,0.11891891891891888,0.127027027027027,0.0,0.01141033539476067,0.03980983041736226,0.06137102800141782,0.7643254394061805
cold,XGBoost,6,20,0.08954691899793317,,0.09665282358041653,0.0,0.03513513513513513,0.03783783783783785,0.03693693693693694,0.0,0.006642326992467048,0.009170209572522696,0.014270399446958786,0.7358012260769311
cold,Global popularity,6,20,0.2190803801154101,,0.5617351539587089,0.3783783783783784,0.2999999999999999,0.2905405405405405,0.28378378378378355,0.013146898383201742,0.057983809708696835,0.10979615692448072,0.15188435934488537,0.8383264568933185
cold,HSTrans,6,20,0.16941689901566198,,0.42581543175888453,0.1891891891891892,0.208108108108108,0.2148648648648648,0.21531531531531528,0.00598981929382679,0.03870874698671621,0.0787286633886662,0.1069559099015369,0.804403202611354
cold,CAFNet,6,50,0.1553716847618676,,0.4047831532583815,0.17567567567567569,0.2054054054054054,0.17567567567567566,0.17477477477477477,0.01054282435425876,0.06124560784435698,0.0909223133142364,0.13921711335213804,0.7497018693080743
cold,A3Net,6,50,0.1500008819506502,,0.3978343673458907,0.22972972972972974,0.18108108108108104,0.18243243243243237,0.17657657657657658,0.018924997653614495,0.04099018717243796,0.08227189296319667,0.11632076644870741,0.7356269974095347
cold,RF,6,50,0.07966324068586002,,0.11075078115119327,0.0,0.035135135135135144,0.043243243243243266,0.06306306306306307,0.0,0.005556229823147116,0.025796556507229746,0.04278248918631011,0.73458534166272
cold,XGBoost,6,50,0.06712111315292127,,0.060956392412138925,0.0,0.010810810810810811,0.022972972972972974,0.02162162162162162,0.0,0.00031925392071463927,0.002683868837290793,0.0034772010579962277,0.7020370413109099
cold,Global popularity,6,50,0.1684728315351261,,0.45572978446213225,0.2702702702702703,0.21081081081081074,0.2094594594594594,0.21171171171171171,0.01606588884136645,0.04010310451633002,0.08083039455918939,0.1275699274735394,0.8127047880812063
cold,HSTrans,6,50,0.13668232700934208,,0.37012729138385014,0.13513513513513514,0.14864864864864863,0.1689189189189188,0.16756756756756755,0.004017121260309153,0.049786109282005914,0.0925916766613183,0.1206322523235845,0.7786109465201408
cold,CAFNet,6,100,0.10594926551922794,,0.2969248951406251,0.14285714285714285,0.11714285714285716,0.11999999999999995,0.11619047619047623,0.008521029587596967,0.03643118643929854,0.0659080187767777,0.09020072793526945,0.696588648775368
cold,A3Net,6,100,0.11946198186543681,,0.33800590227621574,0.21428571428571427,0.1514285714285714,0.1342857142857142,0.1219047619047619,0.019586203870541163,0.04426583348563286,0.0855585950707697,0.10797959264065053,0.6816246322098154
cold,RF,6,100,0.054897612561413456,,0.06360789584001221,0.0,0.02,0.027142857142857146,0.02952380952380952,0.0,0.0008772417119859266,0.0031311122110222246,0.007306565950576695,0.6767442779707696
cold,XGBoost,6,100,0.050368116327964375,,0.06316190483376032,0.0,0.014285714285714285,0.02428571428571429,0.022857142857142854,0.0,0.0004752484867044376,0.00917018081098534,0.0099930347450396,0.6365692425981175
cold,Global popularity,6,100,0.11693592953200468,,0.36518129225557266,0.14285714285714285,0.1714285714285714,0.1414285714285714,0.13428571428571426,0.006753059810158339,0.047747162254964184,0.06172323943865122,0.08250607644186195,0.7591693544805429
cold,HSTrans,6,100,0.10005207987071897,,0.2687330167914052,0.05714285714285714,0.10285714285714288,0.09857142857142853,0.09714285714285714,0.00485124261521777,0.0337991726904592,0.05960654453487785,0.11541636507163804,0.7330291404078394
cold,CAFNet,7,10,0.25711560779860326,,0.6009052536924562,0.41333333333333333,0.3546666666666665,0.3413333333333334,0.31999999999999984,0.019585294808575144,0.07048250847919331,0.1346393278327485,0.1870191270128315,0.8165177280154606
cold,A3Net,7,10,0.23755403537299852,,0.5895128791574781,0.4,0.36266666666666636,0.31733333333333325,0.31288888888888866,0.012169165162883928,0.06924653286818758,0.12164658816413358,0.1753465661706259,0.8124397733762554
cold,RF,7,10,0.12859570013545898,,0.3445148500380775,0.04,0.15466666666666665,0.14533333333333331,0.14755555555555552,0.0008476430976430976,0.023548842977313838,0.047417184411968356,0.06983863296759966,0.7756222346280423
cold,XGBoost,7,10,0.10514972304125068,,0.2029525027794228,0.013333333333333334,0.08266666666666668,0.06933333333333332,0.07733333333333334,0.0001346801346801347,0.009871291487541336,0.017106507586545517,0.03199941346014909,0.7633577230122559
cold,Global popularity,7,10,0.2722316947520768,,0.6443617136644965,0.4533333333333333,0.4106666666666665,0.38666666666666666,0.36177777777777764,0.020678781793066328,0.07367419262341036,0.1369955911509814,0.19457554784205136,0.8498619109399005
cold,HSTrans,7,10,0.21647591948959047,,0.5267500986125973,0.29333333333333333,0.34933333333333316,0.30666666666666664,0.2835555555555553,0.009142879884869011,0.05938728475488179,0.09762179470506353,0.13936348061579437,0.8258008290186597
cold,CAFNet,7,20,0.21571989197953623,,0.4972022797078205,0.3333333333333333,0.2826666666666665,0.2666666666666666,0.263111111111111,0.02021749019964198,0.06208941989420747,0.12331728597815989,0.19231473257041634,0.7969909223422331
cold,A3Net,7,20,0.19949219497172369,,0.47654060385594876,0.29333333333333333,0.2639999999999999,0.24799999999999997,0.24533333333333318,0.013465345113014214,0.0627002065737036,0.10997180946932658,0.1463964481127826,0.7911481054980579
cold,RF,7,20,0.11297477483856486,,0.3042823931011532,0.04,0.13066666666666665,0.12666666666666662,0.1182222222222222,0.0009593365436062066,0.02347131068871515,0.042859999267053764,0.05740920058543253,0.7600968586928634
cold,XGBoost,7,20,0.08775601425898007,,0.1324196703536309,0.013333333333333334,0.040000000000000015,0.040000000000000015,0.038222222222222234,0.000149812734082397,0.004283203216913422,0.007624655980235208,0.013527472002764312,0.7445852777174952
cold,Global popularity,7,20,0.21739472282452812,,0.5562143171626815,0.30666666666666664,0.31199999999999983,0.29600000000000015,0.2808888888888888,0.013090125911498097,0.07117445969377752,0.10890359383347188,0.15508835180342107,0.8350630535617427
cold,HSTrans,7,20,0.1758626519066854,,0.4595194146569877,0.24,0.2453333333333332,0.21999999999999992,0.20799999999999993,0.009885098064361416,0.03961490303047552,0.07668870466216043,0.11233965516199591,0.8080747227867784
cold,CAFNet,7,50,0.16085957040644244,,0.39378143894007184,0.16216216216216217,0.2216216216216216,0.20540540540540536,0.1882882882882882,0.0072130414584722115,0.07616391312164773,0.13532826742002693,0.16914517994486605,0.7553370420235883
cold,A3Net,7,50,0.14849938733949852,,0.37276550065797415,0.21621621621621623,0.18918918918918912,0.17972972972972961,0.17027027027027022,0.009441914440379711,0.06429470425097827,0.08747729026960843,0.13516683923018027,0.7429280532505171
cold,RF,7,50,0.07784474798117288,,0.17546549129655517,0.013513513513513514,0.048648648648648665,0.055405405405405415,0.05945945945945948,0.00019305019305019305,0.010564015001113727,0.021727620056860655,0.03772906203878219,0.7170724103979813
cold,XGBoost,7,50,0.06522605512413843,,0.0618807849606307,0.013513513513513514,0.016216216216216217,0.021621621621621626,0.02162162162162162,0.00019305019305019305,0.0005115128887287585,0.0028718521924521673,0.006403840078822902,0.7054462619695726
cold,Global popularity,7,50,0.14974106528943038,,0.4438542295788143,0.3108108108108108,0.21621621621621612,0.20945945945945935,0.19729729729729725,0.008441316014858624,0.03964893810254022,0.11005929595520998,0.1356566423438335,0.7981889634202929
cold,HSTrans,7,50,0.13680379257640793,,0.3572585690551809,0.1891891891891892,0.18108108108108104,0.17702702702702694,0.1666666666666666,0.005945066766604409,0.05134069864767298,0.08634408723581014,0.11991219919254743,0.7850425353995287
cold,CAFNet,7,100,0.0976902375055207,,0.26409933175990524,0.125,0.10833333333333336,0.1277777777777777,0.12407407407407407,0.004914863479031953,0.03706080259476503,0.0713010387717641,0.08682704744023872,0.6973794719625763
cold,A3Net,7,100,0.10096877159480103,,0.3000771153665499,0.16666666666666666,0.11666666666666667,0.11111111111111106,0.11111111111111113,0.010656660413639347,0.04276684593710024,0.058814139988174814,0.09095684876699997,0.6851747107576155
cold,RF,7,100,0.05849781693562596,,0.10407430463896286,0.013888888888888888,0.024999999999999998,0.02916666666666668,0.031481481481481485,0.0002670940170940171,0.018716814405521934,0.023741115537812954,0.02740610233473898,0.6731876662676006
cold,XGBoost,7,100,0.050597301230767076,,0.06622973941599342,0.013888888888888888,0.019444444444444445,0.022222222222222227,0.02222222222222222,0.0002670940170940171,0.001099463004695063,0.00377778230803001,0.008237019588475659,0.6624872907075625
cold,Global popularity,7,100,0.10386591374061029,,0.30046783097287616,0.1527777777777778,0.1361111111111111,0.11527777777777774,0.11018518518518518,0.007984035466049559,0.0288266627490359,0.04925818206462209,0.06854772535109009,0.7497255507317819
cold,HSTrans,7,100,0.10668984998911306,,0.30012248492505467,0.18055555555555555,0.13611111111111113,0.1194444444444444,0.11296296296296296,0.011386070219808274,0.05367629901787368,0.07902304538356532,0.09745950596020103,0.7434007434372636
cold,CAFNet,8,10,0.22284484270195093,,0.5608013510973764,0.36,0.3173333333333333,0.29466666666666685,0.2817777777777776,0.023625289580966,0.07483767118973193,0.12274636287324178,0.18019752153995688,0.8162991981348184
cold,A3Net,8,10,0.19281076737191033,,0.45864280496607135,0.21333333333333335,0.24799999999999991,0.24533333333333332,0.24266666666666661,0.010971774306905924,0.05133358504306572,0.0886561326329913,0.1330017098351009,0.8088253827711581
cold,RF,8,10,0.10413523369921535,,0.31656997267761566,0.02666666666666667,0.13866666666666666,0.12666666666666662,0.11555555555555558,0.0007022407022407022,0.023741017579866935,0.04594701807577856,0.06259767996448468,0.7647674675250757
cold,XGBoost,8,10,0.08528003307594677,,0.16734205786762016,0.013333333333333334,0.045333333333333344,0.05466666666666668,0.07200000000000002,0.00036036036036036037,0.006989097650466386,0.02208431542458644,0.03978084724010917,0.7386379645222547
cold,Global popularity,8,10,0.23791714310551001,,0.5925612074643947,0.30666666666666664,0.36,0.33333333333333326,0.3191111111111109,0.01416362843094305,0.0692385830572866,0.1251125764003142,0.19042231432647463,0.8485634720065801
cold,HSTrans,8,10,0.18501879592239773,,0.5411982636275771,0.26666666666666666,0.2719999999999999,0.25466666666666665,0.2408888888888888,0.009817053697229704,0.06255123381333211,0.10671700669988342,0.14291813551661328,0.8146354680286881
cold,CAFNet,8,20,0.1854883394141156,,0.47739822819137023,0.32,0.23733333333333334,0.22800000000000006,0.20711111111111113,0.022751225813620622,0.0599671769611022,0.10865308758012096,0.1444893802570583,0.7962408573937224
cold,A3Net,8,20,0.15690162920807982,,0.4050602459953297,0.17333333333333334,0.18666666666666656,0.18266666666666664,0.18400000000000002,0.008615992719105159,0.03897788174715007,0.08378123272804479,0.12345642775338282,0.7906156483653625
cold,RF,8,20,0.09117640580572378,,0.2933397694927293,0.02666666666666667,0.1093333333333334,0.10666666666666663,0.09422222222222225,0.0007976190476190475,0.025305886838998884,0.0463692630167749,0.05691760804967464,0.7481989025240149
cold,XGBoost,8,20,0.07036235735344418,,0.11267700634442034,0.013333333333333334,0.02933333333333333,0.028000000000000008,0.04800000000000002,0.0004166666666666667,0.004180641361758066,0.009051268592268402,0.02554934421524757,0.7172758038050661
cold,Global popularity,8,20,0.2031696256733259,,0.5673413497726766,0.38666666666666666,0.2906666666666666,0.272,0.25244444444444425,0.022011106750232677,0.07452443305357097,0.12668106214475644,0.16641619951026151,0.837074185752277
cold,HSTrans,8,20,0.1560787386477475,,0.46905404576730814,0.17333333333333334,0.21066666666666659,0.2106666666666666,0.19111111111111115,0.009897737504152317,0.05832647078699034,0.09537277661588535,0.12103753274045895,0.7978025120439273
cold,CAFNet,8,50,0.14520701809425524,,0.41329161129893205,0.22666666666666666,0.17599999999999996,0.1666666666666666,0.16,0.025330930732072102,0.06691332831059126,0.10958573657879185,0.15167011980477998,0.7615178959656359
cold,A3Net,8,50,0.11610806884609079,,0.33263453408260707,0.14666666666666667,0.13599999999999995,0.1466666666666666,0.13955555555555554,0.0053796895123610225,0.035950397550625034,0.09438358335567623,0.11561188698824898,0.7525491188777458
cold,RF,8,50,0.05577162735592203,,0.10309513711909675,0.013333333333333334,0.032,0.030666666666666672,0.031111111111111114,0.0004938271604938272,0.006777935734183092,0.008909740443090008,0.014799633617922551,0.7101739678534809
cold,XGBoost,8,50,0.04945152667725574,,0.044707840829079734,0.013333333333333334,0.008000000000000002,0.013333333333333332,0.02222222222222222,0.0004938271604938272,0.0013815000591106382,0.00275070185933348,0.017185429404675993,0.6744441690195047
cold,Global popularity,8,50,0.13504907171515768,,0.397555524910017,0.22666666666666666,0.1626666666666666,0.17999999999999994,0.1662222222222221,0.010509517658000815,0.035439793163336765,0.08757095973683743,0.11210851894495058,0.8091076235490664
cold,HSTrans,8,50,0.1258258924589473,,0.39435892569730197,0.13333333333333333,0.16799999999999998,0.14266666666666655,0.13511111111111104,0.012952087877237355,0.06815605401530307,0.10408438323566827,0.13257509417333008,0.7692114518913064
cold,CAFNet,8,100,0.096972120768753,,0.25096170038352195,0.09722222222222222,0.10833333333333334,0.10416666666666664,0.09814814814814815,0.015936562633662613,0.05565431514846375,0.08052049173421696,0.12498201591166208,0.7047568260479925
cold,A3Net,8,100,0.07520229622227595,,0.23874422133660433,0.06944444444444445,0.08611111111111112,0.08611111111111108,0.08981481481481483,0.003244911954783037,0.03993839717871934,0.0630783850872872,0.1189478483625987,0.6909088506081313
cold,RF,8,100,0.03732528145597178,,0.054789551782819385,0.013888888888888888,0.011111111111111112,0.013888888888888888,0.01574074074074074,0.0006313131313131314,0.001599375087278313,0.008270884305083825,0.011489364237111107,0.6606202519943666
cold,XGBoost,8,100,0.034505253811684,,0.05033076725541036,0.013888888888888888,0.011111111111111112,0.013888888888888888,0.02222222222222222,0.0006313131313131314,0.0013835101798064763,0.003932209534764177,0.030672316750414867,0.6173356387556681
cold,Global popularity,8,100,0.09755202958585643,,0.30951976041417917,0.1111111111111111,0.12222222222222223,0.10277777777777776,0.09166666666666669,0.020174068718498625,0.05459464634490992,0.09779289050861022,0.11270670746701425,0.7641982014811748
cold,HSTrans,8,100,0.10148492949765878,,0.2869188144240226,0.1111111111111111,0.07222222222222224,0.08472222222222218,0.07222222222222222,0.035485516529946436,0.06018819309300537,0.09870887957438022,0.12532209186691556,0.7293466615621749
cold,CAFNet,9,10,0.24861389549472956,,0.6185364303411314,0.44,0.3839999999999999,0.34400000000000003,0.31911111111111107,0.01836532815932601,0.06574677641515751,0.13685560830234386,0.17365795723353553,0.8247893504690135
cold,A3Net,9,10,0.24358299534316472,,0.6017132244962631,0.38666666666666666,0.3679999999999999,0.32933333333333337,0.3164444444444445,0.017118857047073086,0.07490712595754041,0.11648258900435991,0.1810334797521744,0.8298617621538922
cold,RF,9,10,0.13914669716444386,,0.36945974463667836,0.02666666666666667,0.19733333333333322,0.17866666666666667,0.16355555555555554,0.00010452552658306665,0.0314754969800176,0.05044244910845732,0.07365023472545411,0.7954365424612536
cold,XGBoost,9,10,0.11459216283303346,,0.20698660554645626,0.0,0.07466666666666667,0.09066666666666663,0.09777777777777782,0.0,0.014116537220700269,0.0385921219985386,0.05602583633809864,0.7754839696503316
cold,Global popularity,9,10,0.28419751229761536,,0.6684542474979915,0.4,0.4186666666666666,0.384,0.36355555555555535,0.01899320431752576,0.08707355434941066,0.16249197169322446,0.21698220990324069,0.8591675069511376
cold,HSTrans,9,10,0.2091226104512562,,0.5212471065697194,0.24,0.2773333333333332,0.2733333333333333,0.2764444444444444,0.014004864252245335,0.05441078371406726,0.09664339502760914,0.14994714275504617,0.8209585880699548
cold,CAFNet,9,20,0.20440107646321748,,0.49601877309191944,0.35135135135135137,0.29189189189189174,0.27432432432432424,0.2567567567567567,0.014100285693168511,0.048255715068301154,0.09226586114895222,0.12416065992709799,0.802498216433224
cold,A3Net,9,20,0.2006651807209241,,0.49686777364770923,0.32432432432432434,0.25945945945945936,0.25675675675675674,0.25045045045045033,0.011267094608782235,0.04902219666515932,0.09722679611839194,0.14447688882465753,0.810699420750969
cold,RF,9,20,0.1256304967622587,,0.35933587340553236,0.02702702702702703,0.1702702702702702,0.16486486486486482,0.1405405405405405,0.00011027597234493787,0.03376933744324845,0.062238208077888525,0.07698299753174967,0.7767677121293763
cold,XGBoost,9,20,0.09699769382449244,,0.12439352461808215,0.0,0.04054054054054055,0.052702702702702706,0.060360360360360375,0.0,0.0023857258703667335,0.012220343565046025,0.022708522679942156,0.7510961894776197
cold,Global popularity,9,20,0.23934722684267576,,0.5605900019985295,0.36486486486486486,0.3270270270270269,0.327027027027027,0.307207207207207,0.02077606909603509,0.07479963141186768,0.13680379389127537,0.18071538458992903,0.8407279418116025
cold,HSTrans,9,20,0.17763026455819914,,0.46424635469942127,0.20270270270270271,0.21621621621621614,0.22972972972972974,0.22522522522522523,0.01392277665934149,0.05103841114012855,0.1020212856573076,0.13997676045644486,0.7967797737172602
cold,CAFNet,9,50,0.15082460353321414,,0.3780729639414455,0.1891891891891892,0.2108108108108108,0.19999999999999993,0.19279279279279277,0.005087218973478801,0.05042436351665077,0.08048897912920468,0.13006593979023492,0.7459472089745267
cold,A3Net,9,50,0.1546864955702225,,0.4124745734243205,0.1891891891891892,0.21081081081081082,0.19999999999999996,0.1846846846846847,0.005876595433072922,0.06111473953077113,0.1297995965877172,0.171934565612663,0.7668888464510345
cold,RF,9,50,0.08617750721871772,,0.1905835780210124,0.0,0.07837837837837841,0.08513513513513513,0.08288288288288292,0.0,0.011187691212722579,0.032376819841140055,0.055704403629654085,0.7432074408893786
cold,XGBoost,9,50,0.07251618048096656,,0.08060071651010822,0.0,0.021621621621621623,0.03513513513513514,0.032432432432432434,0.0,0.0009606580001663408,0.004330510273933053,0.0073408219558134995,0.7115048543649191
cold,Global popularity,9,50,0.16029728435287183,,0.43384662164101223,0.3108108108108108,0.1945945945945946,0.22162162162162155,0.2162162162162162,0.011270420980696149,0.03916949132718097,0.09249009900543999,0.12870430258435492,0.8059803764069273
cold,HSTrans,9,50,0.12276731052960521,,0.34531663833260384,0.13513513513513514,0.1405405405405405,0.15270270270270267,0.1531531531531532,0.007000078356547837,0.02982578690199088,0.08631816101587267,0.13814432847882016,0.7646174013263812
cold,CAFNet,9,100,0.12845879871288965,,0.315938262547796,0.18571428571428572,0.15428571428571428,0.1442857142857142,0.13714285714285715,0.021425248319505194,0.04982373344161538,0.08135511477330604,0.13961317966786083,0.7126047044500043
cold,A3Net,9,100,0.12821318240690932,,0.3117455652014913,0.18571428571428572,0.1514285714285714,0.13428571428571429,0.1238095238095238,0.02161982836055557,0.06230024041510236,0.09066384852771935,0.11658834363664115,0.7121145253648045
cold,RF,9,100,0.062012865994711015,,0.14346153068575998,0.0,0.05142857142857144,0.05571428571428573,0.048571428571428606,0.0,0.004825024361065347,0.018481930564534094,0.03743822716043975,0.7028459303364748
cold,XGBoost,9,100,0.055436481999639686,,0.08982511184532517,0.0,0.03714285714285714,0.037142857142857144,0.03428571428571429,0.0,0.0017556074960541474,0.006445671675167922,0.010752600913250013,0.6627522589389696
cold,Global popularity,9,100,0.109191282407494,,0.2893746092750535,0.1,0.1457142857142857,0.1414285714285714,0.13238095238095238,0.0023325515904069386,0.02654018603543046,0.07813389084399654,0.08812821869973361,0.7501892822081372
cold,HSTrans,9,100,0.10780195026956471,,0.2767726157518213,0.12857142857142856,0.10000000000000003,0.0914285714285714,0.08666666666666666,0.02257587038581266,0.057153148989353156,0.10128720091249949,0.11064581627060342,0.7155739885545102
